time,consumption
2023-01-01 00:00:00,5.766300421604939
2023-01-01 01:00:00,5.260467316091288
2023-01-01 02:00:00,5.617297138635427
2023-01-01 03:00:00,5.604238252117225
2023-01-01 04:00:00,5.450888497643413
2023-01-01 05:00:00,5.050324277021731
2023-01-01 06:00:00,5.2500888532085614
2023-01-01 07:00:00,5.2735397689362
2023-01-01 08:00:00,5.3315691545610004
2023-01-01 09:00:00,5.346665576247797
2023-01-01 10:00:00,5.662512299820232
2023-01-01 11:00:00,6.187233357695347
2023-01-01 12:00:00,6.10687212308539
2023-01-01 13:00:00,6.245533031057272
2023-01-01 14:00:00,6.330238681554276
2023-01-01 15:00:00,6.0664765095691555
2023-01-01 16:00:00,6.466495982878924
2023-01-01 17:00:00,5.8850476025202045
2023-01-01 18:00:00,6.252062924779045
2023-01-01 19:00:00,6.107877370481092
2023-01-01 20:00:00,5.9195553372119525
2023-01-01 21:00:00,5.71833624016894
2023-01-01 22:00:00,5.899873635164419
2023-01-01 23:00:00,5.330580749731793
2023-01-02 00:00:00,6.005858728079374
2023-01-02 01:00:00,5.990093160120211
2023-01-02 02:00:00,6.3005479364752786
2023-01-02 03:00:00,6.407014291438593
2023-01-02 04:00:00,6.078674795867594
2023-01-02 05:00:00,6.3790055243576775
2023-01-02 06:00:00,6.783371006717707
2023-01-02 07:00:00,7.159310795025867
2023-01-02 08:00:00,63.17094497152755
2023-01-02 09:00:00,64.09345210951305
2023-01-02 10:00:00,62.79653028041241
2023-01-02 11:00:00,60.72984486495338
2023-01-02 12:00:00,58.80522667846856
2023-01-02 13:00:00,56.17396427017717
2023-01-02 14:00:00,55.284307098344456
2023-01-02 15:00:00,55.86520750237932
2023-01-02 16:00:00,54.57645034529725
2023-01-02 17:00:00,56.709388378687336
2023-01-02 18:00:00,57.44727276473382
2023-01-02 19:00:00,59.186041024191866
2023-01-02 20:00:00,6.835721267072786
2023-01-02 21:00:00,6.839913796431835
2023-01-02 22:00:00,6.569889425691494
2023-01-02 23:00:00,6.5676185869476935
2023-01-03 00:00:00,6.716929211387961
2023-01-03 01:00:00,6.653143756809065
2023-01-03 02:00:00,6.503796709682463
2023-01-03 03:00:00,6.977916317707406
2023-01-03 04:00:00,6.366197871658368
2023-01-03 05:00:00,6.341311363712969
2023-01-03 06:00:00,6.4762413570788695
2023-01-03 07:00:00,6.080561546478363
2023-01-03 08:00:00,74.21374981330209
2023-01-03 09:00:00,72.19119587358432
2023-01-03 10:00:00,70.25982252924915
2023-01-03 11:00:00,67.84877484679267
2023-01-03 12:00:00,62.502777991395234
2023-01-03 13:00:00,59.61605419755999
2023-01-03 14:00:00,58.02959362579341
2023-01-03 15:00:00,57.06627140397306
2023-01-03 16:00:00,57.70180443317827
2023-01-03 17:00:00,58.29800826898012
2023-01-03 18:00:00,59.68697632302991
2023-01-03 19:00:00,62.235567752320016
2023-01-03 20:00:00,6.399171456464289
2023-01-03 21:00:00,6.591248312861729
2023-01-03 22:00:00,5.802800756718975
2023-01-03 23:00:00,5.68471542503417
2023-01-04 00:00:00,5.275895680449405
2023-01-04 01:00:00,5.809739899211034
2023-01-04 02:00:00,5.4853191944446325
2023-01-04 03:00:00,5.631721141517243
2023-01-04 04:00:00,5.845837458386448
2023-01-04 05:00:00,5.889757082086135
2023-01-04 06:00:00,5.981896531599734
2023-01-04 07:00:00,6.3048366112115515
2023-01-04 08:00:00,82.78310509556329
2023-01-04 09:00:00,83.30500447857118
2023-01-04 10:00:00,79.08328815640563
2023-01-04 11:00:00,75.4081922248925
2023-01-04 12:00:00,69.89771120011417
2023-01-04 13:00:00,64.32982327103333
2023-01-04 14:00:00,62.33995059751143
2023-01-04 15:00:00,59.3959249922027
2023-01-04 16:00:00,58.35561698570341
2023-01-04 17:00:00,59.03787045671852
2023-01-04 18:00:00,61.50603146468731
2023-01-04 19:00:00,64.73847223857751
2023-01-04 20:00:00,6.151361582304407
2023-01-04 21:00:00,6.134555075947787
2023-01-04 22:00:00,5.993429421402095
2023-01-04 23:00:00,5.095891274651209
2023-01-05 00:00:00,4.822857826767969
2023-01-05 01:00:00,4.9530004505126675
2023-01-05 02:00:00,4.9534589134781815
2023-01-05 03:00:00,4.726316157492773
2023-01-05 04:00:00,5.189199657490015
2023-01-05 05:00:00,5.5268954866694715
2023-01-05 06:00:00,5.460185654758154
2023-01-05 07:00:00,5.694695295164094
2023-01-05 08:00:00,85.49247497104798
2023-01-05 09:00:00,84.09778441436954
2023-01-05 10:00:00,82.25724273119869
2023-01-05 11:00:00,76.25303946003677
2023-01-05 12:00:00,69.7078048504173
2023-01-05 13:00:00,63.70666829916329
2023-01-05 14:00:00,62.23911765440343
2023-01-05 15:00:00,59.49186222182315
2023-01-05 16:00:00,57.69207055687706
2023-01-05 17:00:00,60.064188047157124
2023-01-05 18:00:00,61.18969360593588
2023-01-05 19:00:00,64.40885065284351
2023-01-05 20:00:00,5.701637736537466
2023-01-05 21:00:00,5.4356341397887915
2023-01-05 22:00:00,5.9379175684632965
2023-01-05 23:00:00,5.76464460523582
2023-01-06 00:00:00,5.513279315570699
2023-01-06 01:00:00,5.62891915421124
2023-01-06 02:00:00,5.566074304605668
2023-01-06 03:00:00,6.335971791127818
2023-01-06 04:00:00,6.414088875555194
2023-01-06 05:00:00,6.7334154034239315
2023-01-06 06:00:00,6.854180022920306
2023-01-06 07:00:00,6.5273359404875215
2023-01-06 08:00:00,89.62306585222164
2023-01-06 09:00:00,90.49103318257934
2023-01-06 10:00:00,85.3366731834222
2023-01-06 11:00:00,80.79902851832767
2023-01-06 12:00:00,73.28520171423393
2023-01-06 13:00:00,68.49996713300426
2023-01-06 14:00:00,66.39632002828326
2023-01-06 15:00:00,64.37068569520298
2023-01-06 16:00:00,63.035386051786745
2023-01-06 17:00:00,64.1045776442893
2023-01-06 18:00:00,66.96379772175405
2023-01-06 19:00:00,71.01109484375174
2023-01-06 20:00:00,7.575101181830556
2023-01-06 21:00:00,6.592826542368977
2023-01-06 22:00:00,5.925834120450554
2023-01-06 23:00:00,6.214684333241127
2023-01-07 00:00:00,5.605584527560724
2023-01-07 01:00:00,5.265645084989685
2023-01-07 02:00:00,5.248095864946746
2023-01-07 03:00:00,4.817441817751757
2023-01-07 04:00:00,5.388017453505325
2023-01-07 05:00:00,5.2937506817268725
2023-01-07 06:00:00,5.73931994322031
2023-01-07 07:00:00,5.2355067143015965
2023-01-07 08:00:00,4.993663565116875
2023-01-07 09:00:00,5.315857174336481
2023-01-07 10:00:00,5.557531213094214
2023-01-07 11:00:00,5.969411778897607
2023-01-07 12:00:00,6.193877521889908
2023-01-07 13:00:00,6.4884707695862245
2023-01-07 14:00:00,6.2521510640845115
2023-01-07 15:00:00,5.811947150179227
2023-01-07 16:00:00,5.810669059875264
2023-01-07 17:00:00,5.625073218552855
2023-01-07 18:00:00,6.181460630788106
2023-01-07 19:00:00,5.797612185138857
2023-01-07 20:00:00,5.706894457049601
2023-01-07 21:00:00,5.658244111306962
2023-01-07 22:00:00,5.715084725812643
2023-01-07 23:00:00,5.65474711146555
2023-01-08 00:00:00,5.5692353850224485
2023-01-08 01:00:00,5.453757291095711
2023-01-08 02:00:00,5.508929221503721
2023-01-08 03:00:00,5.300472899025891
2023-01-08 04:00:00,5.290425473800736
2023-01-08 05:00:00,5.158712586864742
2023-01-08 06:00:00,5.2543623424920485
2023-01-08 07:00:00,5.378831187484028
2023-01-08 08:00:00,5.530441744460523
2023-01-08 09:00:00,6.135138663200087
2023-01-08 10:00:00,6.2087715346816665
2023-01-08 11:00:00,5.99392065039256
2023-01-08 12:00:00,6.18315312449022
2023-01-08 13:00:00,6.613848245713824
2023-01-08 14:00:00,6.670111896381794
2023-01-08 15:00:00,6.983205214988769
2023-01-08 16:00:00,6.635306211577792
2023-01-08 17:00:00,7.297146701919445
2023-01-08 18:00:00,6.577975161303814
2023-01-08 19:00:00,6.373151286645178
2023-01-08 20:00:00,5.877726734416928
2023-01-08 21:00:00,6.418332420074811
2023-01-08 22:00:00,6.729770336026247
2023-01-08 23:00:00,6.466933502041493
2023-01-09 00:00:00,6.3911889004713345
2023-01-09 01:00:00,6.994547009682057
2023-01-09 02:00:00,6.565966911663214
2023-01-09 03:00:00,5.979912311690248
2023-01-09 04:00:00,6.099640482836266
2023-01-09 05:00:00,6.494696847116864
2023-01-09 06:00:00,6.371361687652626
2023-01-09 07:00:00,6.241373267979194
2023-01-09 08:00:00,60.97238263838551
2023-01-09 09:00:00,61.90562376715384
2023-01-09 10:00:00,60.86199741957693
2023-01-09 11:00:00,58.103331048133725
2023-01-09 12:00:00,54.652995101876314
2023-01-09 13:00:00,53.224469200679685
2023-01-09 14:00:00,52.18149779870416
2023-01-09 15:00:00,51.76733859532532
2023-01-09 16:00:00,52.09499838717576
2023-01-09 17:00:00,52.74204094404071
2023-01-09 18:00:00,56.47070590418074
2023-01-09 19:00:00,59.43095975604307
2023-01-09 20:00:00,5.8002791671523415
2023-01-09 21:00:00,5.469917668358273
2023-01-09 22:00:00,5.364227039300531
2023-01-09 23:00:00,6.013450808878848
2023-01-10 00:00:00,5.881494198259551
2023-01-10 01:00:00,6.216208597222813
2023-01-10 02:00:00,5.813987760460765
2023-01-10 03:00:00,5.854219018449206
2023-01-10 04:00:00,6.003932603540444
2023-01-10 05:00:00,6.0999467777590235
2023-01-10 06:00:00,5.879341011717736
2023-01-10 07:00:00,6.058646987827925
2023-01-10 08:00:00,81.28473524424463
2023-01-10 09:00:00,82.22323740276349
2023-01-10 10:00:00,78.60273842444704
2023-01-10 11:00:00,75.43657275750277
2023-01-10 12:00:00,68.93745769457783
2023-01-10 13:00:00,64.21357712466336
2023-01-10 14:00:00,61.629459731996434
2023-01-10 15:00:00,58.59267488333151
2023-01-10 16:00:00,58.334629318985904
2023-01-10 17:00:00,59.99877308583577
2023-01-10 18:00:00,61.59073485242802
2023-01-10 19:00:00,64.19641151104479
2023-01-10 20:00:00,5.5429714513200485
2023-01-10 21:00:00,5.465824556059257
2023-01-10 22:00:00,5.618668306684986
2023-01-10 23:00:00,5.282753479754832
2023-01-11 00:00:00,5.085238296904976
2023-01-11 01:00:00,4.9368826803838255
2023-01-11 02:00:00,4.757563503107329
2023-01-11 03:00:00,4.343179342273925
2023-01-11 04:00:00,5.415228461065658
2023-01-11 05:00:00,5.469723498406325
2023-01-11 06:00:00,5.047447207396787
2023-01-11 07:00:00,5.557829250632377
2023-01-11 08:00:00,70.53230307841835
2023-01-11 09:00:00,70.34012636114974
2023-01-11 10:00:00,68.90871461514193
2023-01-11 11:00:00,68.358381705029
2023-01-11 12:00:00,67.29656331361141
2023-01-11 13:00:00,65.89007769287477
2023-01-11 14:00:00,64.68285423775015
2023-01-11 15:00:00,62.750246328720515
2023-01-11 16:00:00,61.63494850200073
2023-01-11 17:00:00,62.601860013764416
2023-01-11 18:00:00,64.52685858085123
2023-01-11 19:00:00,64.92715486480753
2023-01-11 20:00:00,6.169389047831249
2023-01-11 21:00:00,5.994515564312977
2023-01-11 22:00:00,6.281007777601283
2023-01-11 23:00:00,5.829293088771687
2023-01-12 00:00:00,6.025823932212475
2023-01-12 01:00:00,5.9257218827918186
2023-01-12 02:00:00,6.183137416255982
2023-01-12 03:00:00,6.087049010070312
2023-01-12 04:00:00,6.289876553193664
2023-01-12 05:00:00,6.37972742820712
2023-01-12 06:00:00,6.170454474082571
2023-01-12 07:00:00,6.703371538332653
2023-01-12 08:00:00,86.00150767076269
2023-01-12 09:00:00,86.33504500343042
2023-01-12 10:00:00,86.72821478734537
2023-01-12 11:00:00,81.85663351405518
2023-01-12 12:00:00,73.98871866183293
2023-01-12 13:00:00,68.281853092632
2023-01-12 14:00:00,64.55533912187639
2023-01-12 15:00:00,61.279468520349845
2023-01-12 16:00:00,61.44727551009947
2023-01-12 17:00:00,61.12373473559984
2023-01-12 18:00:00,61.98966332152328
2023-01-12 19:00:00,64.77993418263455
2023-01-12 20:00:00,6.513294681386567
2023-01-12 21:00:00,6.239434662852381
2023-01-12 22:00:00,6.36785957371238
2023-01-12 23:00:00,6.681442417586512
2023-01-13 00:00:00,6.087451537211324
2023-01-13 01:00:00,5.851345369945132
2023-01-13 02:00:00,5.695725055419024
2023-01-13 03:00:00,5.9041633849855355
2023-01-13 04:00:00,6.2258149711153
2023-01-13 05:00:00,5.827561500068924
2023-01-13 06:00:00,5.88483524861272
2023-01-13 07:00:00,5.926454059543937
2023-01-13 08:00:00,79.75094903297368
2023-01-13 09:00:00,79.18671662075388
2023-01-13 10:00:00,76.6084527665747
2023-01-13 11:00:00,76.31769808407053
2023-01-13 12:00:00,72.57494568644789
2023-01-13 13:00:00,68.20230565471543
2023-01-13 14:00:00,66.03216729553405
2023-01-13 15:00:00,64.19563228043764
2023-01-13 16:00:00,62.06479278349635
2023-01-13 17:00:00,61.629875510162705
2023-01-13 18:00:00,63.80801615953615
2023-01-13 19:00:00,65.20687460598307
2023-01-13 20:00:00,6.180946846071124
2023-01-13 21:00:00,6.621563836386183
2023-01-13 22:00:00,7.032876147240135
2023-01-13 23:00:00,6.467688786927101
2023-01-14 00:00:00,6.736786950341961
2023-01-14 01:00:00,6.7808051901173885
2023-01-14 02:00:00,6.617925128270678
2023-01-14 03:00:00,6.458901704946829
2023-01-14 04:00:00,6.3179261722963584
2023-01-14 05:00:00,6.197480506047109
2023-01-14 06:00:00,6.466210466187745
2023-01-14 07:00:00,6.155556452344255
2023-01-14 08:00:00,6.4002950943363235
2023-01-14 09:00:00,6.465066274835057
2023-01-14 10:00:00,6.802316563092988
2023-01-14 11:00:00,7.321983734033858
2023-01-14 12:00:00,7.414663042379997
2023-01-14 13:00:00,7.625329122829463
2023-01-14 14:00:00,6.979060125011796
2023-01-14 15:00:00,6.8702259838997755
2023-01-14 16:00:00,6.302818300489508
2023-01-14 17:00:00,6.09842516238345
2023-01-14 18:00:00,6.432916014743675
2023-01-14 19:00:00,6.653034777001906
2023-01-14 20:00:00,6.4464508115202
2023-01-14 21:00:00,5.621565648219326
2023-01-14 22:00:00,5.709617653781938
2023-01-14 23:00:00,5.190764900363381
2023-01-15 00:00:00,5.146940302333544
2023-01-15 01:00:00,5.422690286598873
2023-01-15 02:00:00,5.494721322538062
2023-01-15 03:00:00,5.714270806211862
2023-01-15 04:00:00,5.3860435350972455
2023-01-15 05:00:00,5.414686602796089
2023-01-15 06:00:00,5.3599543730606936
2023-01-15 07:00:00,5.720353582467417
2023-01-15 08:00:00,6.089959585572217
2023-01-15 09:00:00,5.833473094304527
2023-01-15 10:00:00,5.819711023730944
2023-01-15 11:00:00,5.803664338656217
2023-01-15 12:00:00,5.720589997388886
2023-01-15 13:00:00,6.140838284770137
2023-01-15 14:00:00,6.358684311409489
2023-01-15 15:00:00,6.6020028162796525
2023-01-15 16:00:00,6.3471290720520575
2023-01-15 17:00:00,6.366995954886841
2023-01-15 18:00:00,6.713786413004126
2023-01-15 19:00:00,6.357195925515836
2023-01-15 20:00:00,6.196686875698479
2023-01-15 21:00:00,5.830053846328816
2023-01-15 22:00:00,5.935229561403132
2023-01-15 23:00:00,5.678218785288611
2023-01-16 00:00:00,6.240986494102958
2023-01-16 01:00:00,5.928754162250979
2023-01-16 02:00:00,6.342607020778584
2023-01-16 03:00:00,6.215251557941602
2023-01-16 04:00:00,5.985835421273784
2023-01-16 05:00:00,6.626958590997969
2023-01-16 06:00:00,6.334121065599246
2023-01-16 07:00:00,6.28189564054292
2023-01-16 08:00:00,81.04916227399005
2023-01-16 09:00:00,80.80723554460278
2023-01-16 10:00:00,78.44168081711264
2023-01-16 11:00:00,74.223261193136
2023-01-16 12:00:00,71.66723266761686
2023-01-16 13:00:00,70.73142958681582
2023-01-16 14:00:00,67.38761871126809
2023-01-16 15:00:00,66.8139837667694
2023-01-16 16:00:00,66.03539973045358
2023-01-16 17:00:00,64.16069346026242
2023-01-16 18:00:00,64.35659993147847
2023-01-16 19:00:00,63.347459299080896
2023-01-16 20:00:00,7.146053407548387
2023-01-16 21:00:00,7.369627580336417
2023-01-16 22:00:00,6.366290807479261
2023-01-16 23:00:00,6.251189754131364
2023-01-17 00:00:00,5.886571979653633
2023-01-17 01:00:00,5.607936487538934
2023-01-17 02:00:00,5.60183676963903
2023-01-17 03:00:00,5.701055741521348
2023-01-17 04:00:00,5.980860569970492
2023-01-17 05:00:00,5.724745193002914
2023-01-17 06:00:00,5.250223399500674
2023-01-17 07:00:00,5.415307629333513
2023-01-17 08:00:00,59.88226991388451
2023-01-17 09:00:00,60.26918960255935
2023-01-17 10:00:00,59.527952971465204
2023-01-17 11:00:00,58.80077769662943
2023-01-17 12:00:00,58.0914707756397
2023-01-17 13:00:00,58.0681732872153
2023-01-17 14:00:00,57.02906149813455
2023-01-17 15:00:00,57.634966280625264
2023-01-17 16:00:00,58.8688324534119
2023-01-17 17:00:00,62.542433852433916
2023-01-17 18:00:00,63.5445179628487
2023-01-17 19:00:00,65.91339879978972
2023-01-17 20:00:00,6.799208458396894
2023-01-17 21:00:00,6.435425667251052
2023-01-17 22:00:00,6.100761704049014
2023-01-17 23:00:00,6.297530872071107
2023-01-18 00:00:00,5.938086457972379
2023-01-18 01:00:00,5.571095338960322
2023-01-18 02:00:00,4.947852958207409
2023-01-18 03:00:00,4.605240159266594
2023-01-18 04:00:00,4.665801353813623
2023-01-18 05:00:00,4.9518898352158045
2023-01-18 06:00:00,5.502234854357152
2023-01-18 07:00:00,5.434677870221104
2023-01-18 08:00:00,85.73237156923146
2023-01-18 09:00:00,83.87552285529657
2023-01-18 10:00:00,79.64256533928427
2023-01-18 11:00:00,74.77834685487738
2023-01-18 12:00:00,72.78360486307781
2023-01-18 13:00:00,71.89673983509499
2023-01-18 14:00:00,72.01013701608287
2023-01-18 15:00:00,70.71306794559713
2023-01-18 16:00:00,72.66847107817787
2023-01-18 17:00:00,73.73343500640448
2023-01-18 18:00:00,75.61012552159468
2023-01-18 19:00:00,77.74367656969547
2023-01-18 20:00:00,6.043569429241197
2023-01-18 21:00:00,6.241610507948601
2023-01-18 22:00:00,5.690558323019647
2023-01-18 23:00:00,5.555973982146402
2023-01-19 00:00:00,5.585923012089648
2023-01-19 01:00:00,5.3121428059304066
2023-01-19 02:00:00,5.3198785943503815
2023-01-19 03:00:00,5.457258288646774
2023-01-19 04:00:00,5.250682715037537
2023-01-19 05:00:00,5.561026654321918
2023-01-19 06:00:00,5.6392912342329895
2023-01-19 07:00:00,5.447783287297736
2023-01-19 08:00:00,86.11718004891137
2023-01-19 09:00:00,84.90605684949576
2023-01-19 10:00:00,80.48609676014655
2023-01-19 11:00:00,78.86706332624193
2023-01-19 12:00:00,73.48685808154731
2023-01-19 13:00:00,67.96591023328266
2023-01-19 14:00:00,68.05580060345747
2023-01-19 15:00:00,70.09211196270735
2023-01-19 16:00:00,70.73510791364949
2023-01-19 17:00:00,71.05532618316863
2023-01-19 18:00:00,71.66508400386746
2023-01-19 19:00:00,73.06419125118201
2023-01-19 20:00:00,7.197773677843201
2023-01-19 21:00:00,7.5974392733331735
2023-01-19 22:00:00,7.014135875752018
2023-01-19 23:00:00,7.394575556335821
2023-01-20 00:00:00,6.97621679787013
2023-01-20 01:00:00,7.018013218277153
2023-01-20 02:00:00,6.83572179982218
2023-01-20 03:00:00,6.66353167346648
2023-01-20 04:00:00,6.7235733035935
2023-01-20 05:00:00,6.562037821541767
2023-01-20 06:00:00,6.238787513306216
2023-01-20 07:00:00,5.646975720879424
2023-01-20 08:00:00,67.38065327122919
2023-01-20 09:00:00,67.69540747170807
2023-01-20 10:00:00,66.51185329154384
2023-01-20 11:00:00,61.82185853558148
2023-01-20 12:00:00,57.748945768296394
2023-01-20 13:00:00,53.45528449474525
2023-01-20 14:00:00,50.93535638707579
2023-01-20 15:00:00,48.54431351691386
2023-01-20 16:00:00,49.9161748447185
2023-01-20 17:00:00,49.23592067765111
2023-01-20 18:00:00,52.53498071379583
2023-01-20 19:00:00,56.0059581508672
2023-01-20 20:00:00,6.731763944407608
2023-01-20 21:00:00,6.306929659816585
2023-01-20 22:00:00,6.089524750560218
2023-01-20 23:00:00,6.7153195736752975
2023-01-21 00:00:00,6.012787526284033
2023-01-21 01:00:00,6.477712555801107
2023-01-21 02:00:00,6.025876437197107
2023-01-21 03:00:00,6.502284969628181
2023-01-21 04:00:00,6.320836224164405
2023-01-21 05:00:00,6.195146248641904
2023-01-21 06:00:00,6.056192861013703
2023-01-21 07:00:00,6.232133843347764
2023-01-21 08:00:00,6.295298073694959
2023-01-21 09:00:00,6.835580235267239
2023-01-21 10:00:00,6.866628085699093
2023-01-21 11:00:00,6.714959412269345
2023-01-21 12:00:00,6.824539262678015
2023-01-21 13:00:00,6.936156745020726
2023-01-21 14:00:00,6.577965963383143
2023-01-21 15:00:00,6.706203281874015
2023-01-21 16:00:00,6.327124062469818
2023-01-21 17:00:00,6.301282447114377
2023-01-21 18:00:00,5.358080995889875
2023-01-21 19:00:00,5.071494742763127
2023-01-21 20:00:00,5.58535493818529
2023-01-21 21:00:00,5.666038633095557
2023-01-21 22:00:00,5.609547923000031
2023-01-21 23:00:00,4.757222497322869
2023-01-22 00:00:00,4.5818756641612755
2023-01-22 01:00:00,3.9549719030576465
2023-01-22 02:00:00,4.605566185335451
2023-01-22 03:00:00,5.082460489269409
2023-01-22 04:00:00,4.86342889077562
2023-01-22 05:00:00,5.259621092667393
2023-01-22 06:00:00,4.98215081918206
2023-01-22 07:00:00,5.056664275391201
2023-01-22 08:00:00,5.159109936147909
2023-01-22 09:00:00,5.493825309852384
2023-01-22 10:00:00,5.732960305239424
2023-01-22 11:00:00,6.147058534855896
2023-01-22 12:00:00,6.205235310752785
2023-01-22 13:00:00,5.956873034934379
2023-01-22 14:00:00,6.104977105389995
2023-01-22 15:00:00,6.720108472054222
2023-01-22 16:00:00,6.227091196526795
2023-01-22 17:00:00,5.912380069090934
2023-01-22 18:00:00,6.451893151697434
2023-01-22 19:00:00,5.934538211985583
2023-01-22 20:00:00,6.640679347573751
2023-01-22 21:00:00,6.18576121838671
2023-01-22 22:00:00,6.385983240305482
2023-01-22 23:00:00,6.118117522107459
2023-01-23 00:00:00,6.823360501866538
2023-01-23 01:00:00,6.993976771898225
2023-01-23 02:00:00,6.6893474424359525
2023-01-23 03:00:00,6.521358594963237
2023-01-23 04:00:00,6.119010667046243
2023-01-23 05:00:00,6.270996487642127
2023-01-23 06:00:00,5.999756762023916
2023-01-23 07:00:00,6.479275405100399
2023-01-23 08:00:00,94.16080558602181
2023-01-23 09:00:00,94.54970256879226
2023-01-23 10:00:00,90.02696269653138
2023-01-23 11:00:00,85.12967436215851
2023-01-23 12:00:00,77.07806880580489
2023-01-23 13:00:00,70.71964882337554
2023-01-23 14:00:00,67.72070393940578
2023-01-23 15:00:00,66.96174523345644
2023-01-23 16:00:00,65.77215766467248
2023-01-23 17:00:00,68.60357275845959
2023-01-23 18:00:00,72.00790268430087
2023-01-23 19:00:00,74.67355001924962
2023-01-23 20:00:00,5.784933615004541
2023-01-23 21:00:00,5.768536922463362
2023-01-23 22:00:00,6.00850043600283
2023-01-23 23:00:00,5.953440553411724
2023-01-24 00:00:00,5.935666388291879
2023-01-24 01:00:00,6.517906310508787
2023-01-24 02:00:00,6.574673894738523
2023-01-24 03:00:00,6.382813812855803
2023-01-24 04:00:00,6.092744517639248
2023-01-24 05:00:00,5.880333120566737
2023-01-24 06:00:00,5.848244009977428
2023-01-24 07:00:00,5.312347506818377
2023-01-24 08:00:00,91.49738549025112
2023-01-24 09:00:00,88.91831169955881
2023-01-24 10:00:00,87.05990813315593
2023-01-24 11:00:00,85.62648235572054
2023-01-24 12:00:00,81.85625744098579
2023-01-24 13:00:00,79.40769926730428
2023-01-24 14:00:00,76.4581134194607
2023-01-24 15:00:00,75.13054010625721
2023-01-24 16:00:00,73.05269109714496
2023-01-24 17:00:00,74.75662770842735
2023-01-24 18:00:00,76.91356591527997
2023-01-24 19:00:00,78.71174347619497
2023-01-24 20:00:00,6.164874993135667
2023-01-24 21:00:00,5.76837126059557
2023-01-24 22:00:00,5.966164622152913
2023-01-24 23:00:00,5.135251172300861
2023-01-25 00:00:00,5.776526466766805
2023-01-25 01:00:00,5.9342690056579395
2023-01-25 02:00:00,5.922678819817511
2023-01-25 03:00:00,6.135898991605406
2023-01-25 04:00:00,5.3524309909239784
2023-01-25 05:00:00,5.372498792002254
2023-01-25 06:00:00,5.402340554402581
2023-01-25 07:00:00,5.240123253491317
2023-01-25 08:00:00,88.90227493096207
2023-01-25 09:00:00,88.40661468546658
2023-01-25 10:00:00,84.91819287767511
2023-01-25 11:00:00,81.7862367456865
2023-01-25 12:00:00,75.22815658307188
2023-01-25 13:00:00,70.99880761200144
2023-01-25 14:00:00,66.59795115456839
2023-01-25 15:00:00,64.61900957364159
2023-01-25 16:00:00,63.22724309054342
2023-01-25 17:00:00,63.045420200826314
2023-01-25 18:00:00,64.82573294984019
2023-01-25 19:00:00,68.09523805955581
2023-01-25 20:00:00,5.73729753763402
2023-01-25 21:00:00,5.759381857090702
2023-01-25 22:00:00,6.003453742610745
2023-01-25 23:00:00,5.36839043909335
2023-01-26 00:00:00,5.52348999035822
2023-01-26 01:00:00,5.354835105567152
2023-01-26 02:00:00,6.246337466287929
2023-01-26 03:00:00,5.579567002771358
2023-01-26 04:00:00,5.282931119859571
2023-01-26 05:00:00,5.5981289365932865
2023-01-26 06:00:00,6.253492314229107
2023-01-26 07:00:00,6.554602355437826
2023-01-26 08:00:00,90.80520960544034
2023-01-26 09:00:00,91.33332720769774
2023-01-26 10:00:00,86.6908958299716
2023-01-26 11:00:00,82.38942430480866
2023-01-26 12:00:00,73.60665743288169
2023-01-26 13:00:00,68.15521129495384
2023-01-26 14:00:00,66.07777064061483
2023-01-26 15:00:00,65.04777380069866
2023-01-26 16:00:00,63.601030461044914
2023-01-26 17:00:00,65.79154532528587
2023-01-26 18:00:00,67.82894315908044
2023-01-26 19:00:00,70.19079387039733
2023-01-26 20:00:00,6.257663922281752
2023-01-26 21:00:00,6.140020645963534
2023-01-26 22:00:00,6.094540987844748
2023-01-26 23:00:00,5.84672923261607
2023-01-27 00:00:00,6.04792290471454
2023-01-27 01:00:00,5.861814943176406
2023-01-27 02:00:00,5.703024485703568
2023-01-27 03:00:00,5.947322368204676
2023-01-27 04:00:00,5.885258515987626
2023-01-27 05:00:00,5.300362385325013
2023-01-27 06:00:00,5.830426521494073
2023-01-27 07:00:00,7.044619183731903
2023-01-27 08:00:00,89.98896440134355
2023-01-27 09:00:00,88.93731857179459
2023-01-27 10:00:00,83.90997771391869
2023-01-27 11:00:00,79.36495207619625
2023-01-27 12:00:00,71.20994465525735
2023-01-27 13:00:00,67.62808124778623
2023-01-27 14:00:00,66.19166955426552
2023-01-27 15:00:00,66.88380144649408
2023-01-27 16:00:00,67.85583294077905
2023-01-27 17:00:00,70.26632322781597
2023-01-27 18:00:00,73.63755385473833
2023-01-27 19:00:00,76.46008675798834
2023-01-27 20:00:00,6.306497604156045
2023-01-27 21:00:00,6.085235229567428
2023-01-27 22:00:00,6.3732752605375955
2023-01-27 23:00:00,5.636073917085436
2023-01-28 00:00:00,5.601201375884491
2023-01-28 01:00:00,5.024427238979525
2023-01-28 02:00:00,5.572544533850869
2023-01-28 03:00:00,5.737507252155651
2023-01-28 04:00:00,6.028258288621882
2023-01-28 05:00:00,5.619824655980201
2023-01-28 06:00:00,6.360192423252957
2023-01-28 07:00:00,6.044855396750809
2023-01-28 08:00:00,6.0120647936485
2023-01-28 09:00:00,6.143850886980023
2023-01-28 10:00:00,6.6642080142623135
2023-01-28 11:00:00,6.583143132824222
2023-01-28 12:00:00,5.997252139685734
2023-01-28 13:00:00,6.120481461728217
2023-01-28 14:00:00,5.9350425537167775
2023-01-28 15:00:00,6.015301847452686
2023-01-28 16:00:00,5.705693764850253
2023-01-28 17:00:00,5.730224943492847
2023-01-28 18:00:00,4.902406989805288
2023-01-28 19:00:00,5.147387965540685
2023-01-28 20:00:00,4.825977391315443
2023-01-28 21:00:00,4.150540671300245
2023-01-28 22:00:00,4.458959674769001
2023-01-28 23:00:00,4.540782786211882
2023-01-29 00:00:00,4.475266162056404
2023-01-29 01:00:00,4.123010751879315
2023-01-29 02:00:00,4.693888090311269
2023-01-29 03:00:00,4.6641194452321475
2023-01-29 04:00:00,5.356311709180434
2023-01-29 05:00:00,5.606373882829821
2023-01-29 06:00:00,5.989197349549776
2023-01-29 07:00:00,5.913216191444209
2023-01-29 08:00:00,6.165301682416369
2023-01-29 09:00:00,6.197071803567286
2023-01-29 10:00:00,6.609175794081163
2023-01-29 11:00:00,6.4732743485640025
2023-01-29 12:00:00,6.767559791214431
2023-01-29 13:00:00,6.538788757792202
2023-01-29 14:00:00,6.524007916882263
2023-01-29 15:00:00,6.894234087914764
2023-01-29 16:00:00,6.6311740653665385
2023-01-29 17:00:00,6.401471785328766
2023-01-29 18:00:00,6.563921890430004
2023-01-29 19:00:00,6.254345872092956
2023-01-29 20:00:00,6.7147423933822274
2023-01-29 21:00:00,5.873392541545627
2023-01-29 22:00:00,5.590175356658962
2023-01-29 23:00:00,5.246634725307296
2023-01-30 00:00:00,4.985998477199336
2023-01-30 01:00:00,4.95861544043188
2023-01-30 02:00:00,4.688671491300482
2023-01-30 03:00:00,5.074791669395723
2023-01-30 04:00:00,5.327431751930665
2023-01-30 05:00:00,5.387126183906415
2023-01-30 06:00:00,5.2689108276281615
2023-01-30 07:00:00,5.6881386461971
2023-01-30 08:00:00,93.82779401627289
2023-01-30 09:00:00,92.38875065311088
2023-01-30 10:00:00,87.94805006367541
2023-01-30 11:00:00,85.40241931185967
2023-01-30 12:00:00,77.97554140618851
2023-01-30 13:00:00,73.38736395055048
2023-01-30 14:00:00,71.17834514963023
2023-01-30 15:00:00,68.28776459012245
2023-01-30 16:00:00,66.42797492313794
2023-01-30 17:00:00,67.5893293814988
2023-01-30 18:00:00,69.32843400782691
2023-01-30 19:00:00,71.80483054514502
2023-01-30 20:00:00,5.232007508516242
2023-01-30 21:00:00,5.534417324438257
2023-01-30 22:00:00,5.864944106176261
2023-01-30 23:00:00,5.329233697876845
2023-01-31 00:00:00,5.175683333582758
2023-01-31 01:00:00,5.449503930531958
2023-01-31 02:00:00,4.998285249135913
2023-01-31 03:00:00,4.763189842473527
2023-01-31 04:00:00,4.617055076084642
2023-01-31 05:00:00,5.325654007874386
2023-01-31 06:00:00,5.3437186791057645
2023-01-31 07:00:00,5.702605763180001
2023-01-31 08:00:00,96.122865031557
2023-01-31 09:00:00,95.62494553939736
2023-01-31 10:00:00,91.45547107133847
2023-01-31 11:00:00,85.64781454572183
2023-01-31 12:00:00,77.87260651102943
2023-01-31 13:00:00,70.2341093323118
2023-01-31 14:00:00,64.98364759001633
2023-01-31 15:00:00,61.44696946306312
2023-01-31 16:00:00,58.245577457272944
2023-01-31 17:00:00,58.909365928455415
2023-01-31 18:00:00,61.39930520208138
2023-01-31 19:00:00,64.77771284060186
2023-01-31 20:00:00,5.6471595510073715
2023-01-31 21:00:00,6.075381944280996
2023-01-31 22:00:00,5.664612730453749
2023-01-31 23:00:00,5.6090805177110115
2023-02-01 00:00:00,5.373057610284662
2023-02-01 01:00:00,5.775265520320894
2023-02-01 02:00:00,6.066104720914132
2023-02-01 03:00:00,6.213727361284687
2023-02-01 04:00:00,6.160109644501635
2023-02-01 05:00:00,6.160128003370604
2023-02-01 06:00:00,6.138897372519574
2023-02-01 07:00:00,5.965994422717723
2023-02-01 08:00:00,86.30708980574045
2023-02-01 09:00:00,86.47204135404644
2023-02-01 10:00:00,82.57504549632344
2023-02-01 11:00:00,77.78815137014038
2023-02-01 12:00:00,70.8783467473405
2023-02-01 13:00:00,64.44383871972508
2023-02-01 14:00:00,61.91939304306767
2023-02-01 15:00:00,58.8592508909673
2023-02-01 16:00:00,58.39948463566141
2023-02-01 17:00:00,58.143383978264
2023-02-01 18:00:00,59.602647824272765
2023-02-01 19:00:00,61.672203208583866
2023-02-01 20:00:00,7.528937094693701
2023-02-01 21:00:00,7.0401428733328615
2023-02-01 22:00:00,6.750256022703737
2023-02-01 23:00:00,6.408367269965275
2023-02-02 00:00:00,6.093551485954921
2023-02-02 01:00:00,6.239355241644833
2023-02-02 02:00:00,6.853826763024399
2023-02-02 03:00:00,6.85913461872558
2023-02-02 04:00:00,6.932383187265776
2023-02-02 05:00:00,7.0816670102554555
2023-02-02 06:00:00,7.317327842613543
2023-02-02 07:00:00,7.617852603492642
2023-02-02 08:00:00,87.54025687140084
2023-02-02 09:00:00,87.32308010999907
2023-02-02 10:00:00,82.19693236472021
2023-02-02 11:00:00,75.45523224851951
2023-02-02 12:00:00,68.1925684222785
2023-02-02 13:00:00,59.40707059149924
2023-02-02 14:00:00,57.39901612621253
2023-02-02 15:00:00,55.652442674055244
2023-02-02 16:00:00,53.17060347498677
2023-02-02 17:00:00,51.57450842407305
2023-02-02 18:00:00,54.816511235732
2023-02-02 19:00:00,59.55176278252639
2023-02-02 20:00:00,6.480509304892572
2023-02-02 21:00:00,6.372020013840095
2023-02-02 22:00:00,6.233972238687961
2023-02-02 23:00:00,5.925737748157298
2023-02-03 00:00:00,6.260097692384652
2023-02-03 01:00:00,5.862686237406893
2023-02-03 02:00:00,5.417980621135104
2023-02-03 03:00:00,5.603549947914016
2023-02-03 04:00:00,5.751653975593564
2023-02-03 05:00:00,6.181175923481395
2023-02-03 06:00:00,6.47085011806541
2023-02-03 07:00:00,6.212747846343378
2023-02-03 08:00:00,95.19580168922681
2023-02-03 09:00:00,91.82155866143245
2023-02-03 10:00:00,87.07166772312505
2023-02-03 11:00:00,78.1367563928314
2023-02-03 12:00:00,67.4345031773828
2023-02-03 13:00:00,59.36875649404236
2023-02-03 14:00:00,53.08215639593283
2023-02-03 15:00:00,49.33424258795692
2023-02-03 16:00:00,47.13321924174822
2023-02-03 17:00:00,48.579750212250126
2023-02-03 18:00:00,50.305571742156836
2023-02-03 19:00:00,53.52459411793873
2023-02-03 20:00:00,6.312745385388635
2023-02-03 21:00:00,6.05335920733665
2023-02-03 22:00:00,6.0317530965828805
2023-02-03 23:00:00,6.015473139598043
2023-02-04 00:00:00,5.36709080913007
2023-02-04 01:00:00,5.551314105759117
2023-02-04 02:00:00,5.338913576825962
2023-02-04 03:00:00,5.3337485234036395
2023-02-04 04:00:00,4.934519690649655
2023-02-04 05:00:00,5.398274557355493
2023-02-04 06:00:00,5.471316146606649
2023-02-04 07:00:00,4.734161403748747
2023-02-04 08:00:00,4.767513675248184
2023-02-04 09:00:00,4.929441031630181
2023-02-04 10:00:00,5.288152019884281
2023-02-04 11:00:00,5.269160103402551
2023-02-04 12:00:00,5.744075547794279
2023-02-04 13:00:00,5.234883711081185
2023-02-04 14:00:00,5.284497304562879
2023-02-04 15:00:00,5.746304198207649
2023-02-04 16:00:00,5.64490771870136
2023-02-04 17:00:00,5.478097740247513
2023-02-04 18:00:00,5.220363312325444
2023-02-04 19:00:00,5.030837851495954
2023-02-04 20:00:00,5.193373488488625
2023-02-04 21:00:00,5.235661547950722
2023-02-04 22:00:00,5.64362146118202
2023-02-04 23:00:00,5.29003781042286
2023-02-05 00:00:00,5.959599392215942
2023-02-05 01:00:00,5.992182560424545
2023-02-05 02:00:00,6.405870801856103
2023-02-05 03:00:00,6.208934623369155
2023-02-05 04:00:00,6.340894413236075
2023-02-05 05:00:00,6.397747050877072
2023-02-05 06:00:00,7.265470637058413
2023-02-05 07:00:00,7.415614466335939
2023-02-05 08:00:00,7.283027614378004
2023-02-05 09:00:00,7.25310090709076
2023-02-05 10:00:00,6.9580076970059075
2023-02-05 11:00:00,7.111322741326251
2023-02-05 12:00:00,7.336673475454157
2023-02-05 13:00:00,7.405503338453355
2023-02-05 14:00:00,7.357107861090909
2023-02-05 15:00:00,7.360110381260543
2023-02-05 16:00:00,7.127261304342822
2023-02-05 17:00:00,7.03249151682651
2023-02-05 18:00:00,6.141805292629771
2023-02-05 19:00:00,6.440982750116274
2023-02-05 20:00:00,5.923736228220066
2023-02-05 21:00:00,5.563574658659697
2023-02-05 22:00:00,5.455412364199028
2023-02-05 23:00:00,5.4814244243088375
2023-02-06 00:00:00,5.6797700795227195
2023-02-06 01:00:00,6.038342525231798
2023-02-06 02:00:00,5.151996905899798
2023-02-06 03:00:00,5.544815816112862
2023-02-06 04:00:00,5.64016317094519
2023-02-06 05:00:00,5.851597625236451
2023-02-06 06:00:00,5.888050027217943
2023-02-06 07:00:00,5.917661841754652
2023-02-06 08:00:00,87.32672506208522
2023-02-06 09:00:00,86.87566739855242
2023-02-06 10:00:00,79.85712929282747
2023-02-06 11:00:00,71.2970162126904
2023-02-06 12:00:00,65.92833563549317
2023-02-06 13:00:00,62.79878384420369
2023-02-06 14:00:00,61.36365956225495
2023-02-06 15:00:00,59.3110908321032
2023-02-06 16:00:00,58.74816959947928
2023-02-06 17:00:00,59.87105806140011
2023-02-06 18:00:00,61.73310053633687
2023-02-06 19:00:00,66.0885589848774
2023-02-06 20:00:00,5.460064306798546
2023-02-06 21:00:00,5.247821821011723
2023-02-06 22:00:00,5.526918028870926
2023-02-06 23:00:00,5.720562577712197
2023-02-07 00:00:00,4.736100808832319
2023-02-07 01:00:00,4.6696573394125975
2023-02-07 02:00:00,4.7507913794834655
2023-02-07 03:00:00,4.774512167822866
2023-02-07 04:00:00,4.728371120313929
2023-02-07 05:00:00,4.940814349478528
2023-02-07 06:00:00,5.305451606013204
2023-02-07 07:00:00,5.09954687479614
2023-02-07 08:00:00,83.84850895954469
2023-02-07 09:00:00,82.9441493169635
2023-02-07 10:00:00,80.51766301234663
2023-02-07 11:00:00,76.35460060891302
2023-02-07 12:00:00,71.70187811716417
2023-02-07 13:00:00,68.48947365830641
2023-02-07 14:00:00,66.21544333762104
2023-02-07 15:00:00,65.28134229350475
2023-02-07 16:00:00,62.542943473793244
2023-02-07 17:00:00,65.02789851558389
2023-02-07 18:00:00,68.6927239746347
2023-02-07 19:00:00,71.22447554826552
2023-02-07 20:00:00,6.287382172666904
2023-02-07 21:00:00,6.002782003603608
2023-02-07 22:00:00,5.429979824596901
2023-02-07 23:00:00,5.420880760707553
2023-02-08 00:00:00,5.794637956984116
2023-02-08 01:00:00,6.060416220113127
2023-02-08 02:00:00,6.087552415711128
2023-02-08 03:00:00,6.127698651810898
2023-02-08 04:00:00,6.653854433534028
2023-02-08 05:00:00,6.841577672818155
2023-02-08 06:00:00,6.889353056170095
2023-02-08 07:00:00,6.83686681837269
2023-02-08 08:00:00,84.02429157746431
2023-02-08 09:00:00,81.9046773526054
2023-02-08 10:00:00,79.09662649513322
2023-02-08 11:00:00,75.99782404266065
2023-02-08 12:00:00,69.41594257817788
2023-02-08 13:00:00,67.9806096009397
2023-02-08 14:00:00,65.51615323274571
2023-02-08 15:00:00,64.21546580258138
2023-02-08 16:00:00,62.77434183158255
2023-02-08 17:00:00,62.40480086104227
2023-02-08 18:00:00,63.83413728551615
2023-02-08 19:00:00,63.863231443154596
2023-02-08 20:00:00,7.05760553613332
2023-02-08 21:00:00,7.577968602894941
2023-02-08 22:00:00,7.017120519185364
2023-02-08 23:00:00,7.139084577586027
2023-02-09 00:00:00,6.566142425166394
2023-02-09 01:00:00,6.655624265993558
2023-02-09 02:00:00,6.674463100233082
2023-02-09 03:00:00,7.103277959481859
2023-02-09 04:00:00,6.775509280647482
2023-02-09 05:00:00,7.2712124081993155
2023-02-09 06:00:00,7.260350134464798
2023-02-09 07:00:00,7.465921070555657
2023-02-09 08:00:00,79.74496672905666
2023-02-09 09:00:00,77.82352565685315
2023-02-09 10:00:00,76.1245342226029
2023-02-09 11:00:00,71.08564223621356
2023-02-09 12:00:00,66.38102729388744
2023-02-09 13:00:00,61.41816719160747
2023-02-09 14:00:00,61.67820518358141
2023-02-09 15:00:00,60.69903494904168
2023-02-09 16:00:00,60.970272812619434
2023-02-09 17:00:00,59.22087882087948
2023-02-09 18:00:00,61.62648528250901
2023-02-09 19:00:00,65.2010139769816
2023-02-09 20:00:00,5.522553407719917
2023-02-09 21:00:00,6.293301327196929
2023-02-09 22:00:00,6.278027282492765
2023-02-09 23:00:00,6.235127767952944
2023-02-10 00:00:00,6.7585709393963
2023-02-10 01:00:00,6.376148285078678
2023-02-10 02:00:00,5.879268520822116
2023-02-10 03:00:00,6.27570893039166
2023-02-10 04:00:00,6.090601559048737
2023-02-10 05:00:00,5.618007959491846
2023-02-10 06:00:00,5.900433709023752
2023-02-10 07:00:00,6.047297565697239
2023-02-10 08:00:00,83.36776019367299
2023-02-10 09:00:00,83.07955210601249
2023-02-10 10:00:00,78.04218032012572
2023-02-10 11:00:00,74.31561622554482
2023-02-10 12:00:00,70.76131080305983
2023-02-10 13:00:00,68.32604223578339
2023-02-10 14:00:00,67.79188601241029
2023-02-10 15:00:00,64.72519167271716
2023-02-10 16:00:00,65.60409101473414
2023-02-10 17:00:00,65.76416104134691
2023-02-10 18:00:00,67.21983238017916
2023-02-10 19:00:00,70.20738598772111
2023-02-10 20:00:00,6.440948427674327
2023-02-10 21:00:00,5.874688273500312
2023-02-10 22:00:00,5.545518735618521
2023-02-10 23:00:00,5.906265590721932
2023-02-11 00:00:00,5.146300335650157
2023-02-11 01:00:00,5.694305535192589
2023-02-11 02:00:00,4.944532597856619
2023-02-11 03:00:00,5.196739246464606
2023-02-11 04:00:00,5.300685470983374
2023-02-11 05:00:00,5.336029004307032
2023-02-11 06:00:00,5.565407368195084
2023-02-11 07:00:00,6.308246366671425
2023-02-11 08:00:00,6.712598740861183
2023-02-11 09:00:00,7.062639822206223
2023-02-11 10:00:00,6.754319461244778
2023-02-11 11:00:00,7.280784574751245
2023-02-11 12:00:00,7.076389117698395
2023-02-11 13:00:00,7.4326910378323126
2023-02-11 14:00:00,7.433140713648481
2023-02-11 15:00:00,7.31603740293792
2023-02-11 16:00:00,7.24388319797016
2023-02-11 17:00:00,6.296486978546697
2023-02-11 18:00:00,6.485605378695026
2023-02-11 19:00:00,6.700700225379101
2023-02-11 20:00:00,6.518087848262247
2023-02-11 21:00:00,6.1300365526747145
2023-02-11 22:00:00,6.288331908858
2023-02-11 23:00:00,5.71214328937517
2023-02-12 00:00:00,6.232497550286554
2023-02-12 01:00:00,5.8811039673619225
2023-02-12 02:00:00,5.945844606945682
2023-02-12 03:00:00,6.300260233863337
2023-02-12 04:00:00,5.905548282130239
2023-02-12 05:00:00,5.662376960521688
2023-02-12 06:00:00,5.376499719079723
2023-02-12 07:00:00,5.315655425961561
2023-02-12 08:00:00,5.2755615224532155
2023-02-12 09:00:00,5.6213242774861545
2023-02-12 10:00:00,5.3415947129194326
2023-02-12 11:00:00,5.602273927203617
2023-02-12 12:00:00,6.037618419482468
2023-02-12 13:00:00,6.162243561156874
2023-02-12 14:00:00,6.36010612423958
2023-02-12 15:00:00,6.360312652171874
2023-02-12 16:00:00,6.15650717660978
2023-02-12 17:00:00,5.780342836520768
2023-02-12 18:00:00,5.205948188730375
2023-02-12 19:00:00,5.206042011109162
2023-02-12 20:00:00,5.304914617597512
2023-02-12 21:00:00,5.473288386358852
2023-02-12 22:00:00,5.694583336140994
2023-02-12 23:00:00,5.713701251384588
2023-02-13 00:00:00,5.642339086896352
2023-02-13 01:00:00,5.743090099603426
2023-02-13 02:00:00,5.854350598809933
2023-02-13 03:00:00,5.862813893765885
2023-02-13 04:00:00,6.278047170349066
2023-02-13 05:00:00,6.104454256085599
2023-02-13 06:00:00,6.474564389888181
2023-02-13 07:00:00,6.447539618445918
2023-02-13 08:00:00,85.08153275992619
2023-02-13 09:00:00,81.07266046234844
2023-02-13 10:00:00,78.30156193720903
2023-02-13 11:00:00,71.4820588764265
2023-02-13 12:00:00,68.32628861463051
2023-02-13 13:00:00,64.10510884017003
2023-02-13 14:00:00,62.12635890447761
2023-02-13 15:00:00,59.5232559719534
2023-02-13 16:00:00,57.16166846364937
2023-02-13 17:00:00,57.29677926076302
2023-02-13 18:00:00,60.34339217985727
2023-02-13 19:00:00,63.175473571978635
2023-02-13 20:00:00,5.7883512140168545
2023-02-13 21:00:00,6.603712884705687
2023-02-13 22:00:00,6.200347761347864
2023-02-13 23:00:00,6.475924526087731
2023-02-14 00:00:00,6.444853179624504
2023-02-14 01:00:00,6.385418408371176
2023-02-14 02:00:00,6.324796275402265
2023-02-14 03:00:00,6.293075302367117
2023-02-14 04:00:00,6.345522040381028
2023-02-14 05:00:00,6.6046173124824605
2023-02-14 06:00:00,6.5762034393551865
2023-02-14 07:00:00,7.0455504971513125
2023-02-14 08:00:00,77.32473798861572
2023-02-14 09:00:00,77.49014544242954
2023-02-14 10:00:00,74.04853998043455
2023-02-14 11:00:00,70.6215413424485
2023-02-14 12:00:00,68.74306883126371
2023-02-14 13:00:00,66.36375355554085
2023-02-14 14:00:00,64.03755635161166
2023-02-14 15:00:00,62.890918854383344
2023-02-14 16:00:00,61.371276367451244
2023-02-14 17:00:00,61.71329706353871
2023-02-14 18:00:00,62.37029976977973
2023-02-14 19:00:00,65.88510077812958
2023-02-14 20:00:00,6.21319956452283
2023-02-14 21:00:00,6.861398018266412
2023-02-14 22:00:00,6.624422140456225
2023-02-14 23:00:00,6.931837851921205
2023-02-15 00:00:00,6.737093106310873
2023-02-15 01:00:00,6.584814788053749
2023-02-15 02:00:00,6.3981370415084005
2023-02-15 03:00:00,6.700702081746128
2023-02-15 04:00:00,6.522305098022747
2023-02-15 05:00:00,6.642932430901305
2023-02-15 06:00:00,6.420274569105728
2023-02-15 07:00:00,5.902906546559359
2023-02-15 08:00:00,77.84494232608785
2023-02-15 09:00:00,76.19301116491803
2023-02-15 10:00:00,72.16305087225135
2023-02-15 11:00:00,67.13080014784244
2023-02-15 12:00:00,63.52757717370334
2023-02-15 13:00:00,58.9567962229451
2023-02-15 14:00:00,58.39885278643157
2023-02-15 15:00:00,56.20007543399351
2023-02-15 16:00:00,55.06051559965283
2023-02-15 17:00:00,55.10825392678018
2023-02-15 18:00:00,57.01174424869365
2023-02-15 19:00:00,59.39599026138856
2023-02-15 20:00:00,7.612349582554043
2023-02-15 21:00:00,7.237363460202717
2023-02-15 22:00:00,7.46355888750057
2023-02-15 23:00:00,7.450509281023125
2023-02-16 00:00:00,7.005383185368455
2023-02-16 01:00:00,6.977013757490807
2023-02-16 02:00:00,6.215669903433712
2023-02-16 03:00:00,6.46756499405464
2023-02-16 04:00:00,6.677270354287679
2023-02-16 05:00:00,6.652538832896419
2023-02-16 06:00:00,7.097976616696673
2023-02-16 07:00:00,7.17776438287972
2023-02-16 08:00:00,85.26805634997223
2023-02-16 09:00:00,81.64346014120792
2023-02-16 10:00:00,76.01934765872994
2023-02-16 11:00:00,68.82666826098998
2023-02-16 12:00:00,62.499281476632625
2023-02-16 13:00:00,55.09261088995283
2023-02-16 14:00:00,53.39543598587043
2023-02-16 15:00:00,50.97283137504299
2023-02-16 16:00:00,51.105691606366236
2023-02-16 17:00:00,48.842761672389635
2023-02-16 18:00:00,50.800566527813736
2023-02-16 19:00:00,51.98233351035343
2023-02-16 20:00:00,6.405641045010983
2023-02-16 21:00:00,5.935662527126281
2023-02-16 22:00:00,6.443233979791576
2023-02-16 23:00:00,6.6039777186858295
2023-02-17 00:00:00,6.0801871235362555
2023-02-17 01:00:00,5.5420216110969625
2023-02-17 02:00:00,5.455098319253987
2023-02-17 03:00:00,5.498139996067084
2023-02-17 04:00:00,5.286211151403449
2023-02-17 05:00:00,5.867863571220052
2023-02-17 06:00:00,6.015201949798052
2023-02-17 07:00:00,6.6644111356165245
2023-02-17 08:00:00,81.09173625432332
2023-02-17 09:00:00,77.29732410947071
2023-02-17 10:00:00,74.17404639093267
2023-02-17 11:00:00,67.47785661308382
2023-02-17 12:00:00,60.680439051123486
2023-02-17 13:00:00,54.20039136627369
2023-02-17 14:00:00,52.171729557113586
2023-02-17 15:00:00,48.082170574205904
2023-02-17 16:00:00,46.900743090213254
2023-02-17 17:00:00,46.09508024993624
2023-02-17 18:00:00,47.91867775303565
2023-02-17 19:00:00,52.6716813145413
2023-02-17 20:00:00,6.187281762850299
2023-02-17 21:00:00,6.492468549249748
2023-02-17 22:00:00,6.397329167019259
2023-02-17 23:00:00,6.483072684210141
2023-02-18 00:00:00,6.082453579074487
2023-02-18 01:00:00,5.882262459896424
2023-02-18 02:00:00,6.011301549270302
2023-02-18 03:00:00,5.796501247782931
2023-02-18 04:00:00,5.693480984581538
2023-02-18 05:00:00,6.372863776273213
2023-02-18 06:00:00,5.656107512583982
2023-02-18 07:00:00,5.746594028297858
2023-02-18 08:00:00,5.592846158255913
2023-02-18 09:00:00,5.680468658776518
2023-02-18 10:00:00,5.335835136821777
2023-02-18 11:00:00,5.3305832583219575
2023-02-18 12:00:00,5.286865195576214
2023-02-18 13:00:00,5.203743986743639
2023-02-18 14:00:00,5.7844548004666105
2023-02-18 15:00:00,6.512533595783333
2023-02-18 16:00:00,6.174403731888209
2023-02-18 17:00:00,6.046292898815744
2023-02-18 18:00:00,5.441834823777082
2023-02-18 19:00:00,5.2384686175599295
2023-02-18 20:00:00,5.056121825036683
2023-02-18 21:00:00,4.892391439328354
2023-02-18 22:00:00,4.837636427304045
2023-02-18 23:00:00,4.436378746864094
2023-02-19 00:00:00,4.269112063593891
2023-02-19 01:00:00,4.51891773838905
2023-02-19 02:00:00,4.560286816748273
2023-02-19 03:00:00,4.580826673804858
2023-02-19 04:00:00,4.665739888917646
2023-02-19 05:00:00,4.833603929850323
2023-02-19 06:00:00,4.705325523402736
2023-02-19 07:00:00,5.084918680313979
2023-02-19 08:00:00,5.437444706377729
2023-02-19 09:00:00,5.190403287334067
2023-02-19 10:00:00,4.982266260185332
2023-02-19 11:00:00,5.498587099705294
2023-02-19 12:00:00,6.010999691198358
2023-02-19 13:00:00,5.813713366859046
2023-02-19 14:00:00,6.293656887921208
2023-02-19 15:00:00,6.711327272703151
2023-02-19 16:00:00,6.543227425074124
2023-02-19 17:00:00,6.683380316003314
2023-02-19 18:00:00,6.4801127761318345
2023-02-19 19:00:00,7.470073459878983
2023-02-19 20:00:00,6.774325742573058
2023-02-19 21:00:00,6.635039675806309
2023-02-19 22:00:00,6.376292040636645
2023-02-19 23:00:00,5.802346284696143
2023-02-20 00:00:00,6.1287732528883705
2023-02-20 01:00:00,5.917465868650069
2023-02-20 02:00:00,6.153734118677214
2023-02-20 03:00:00,6.199385813541043
2023-02-20 04:00:00,5.8999200147847475
2023-02-20 05:00:00,5.785979833449748
2023-02-20 06:00:00,5.8347595843408895
2023-02-20 07:00:00,5.638862125212505
2023-02-20 08:00:00,67.00163767983967
2023-02-20 09:00:00,62.78090988457048
2023-02-20 10:00:00,57.90144433391694
2023-02-20 11:00:00,51.70912704708807
2023-02-20 12:00:00,46.806091943904256
2023-02-20 13:00:00,42.486650570994534
2023-02-20 14:00:00,37.23236274994406
2023-02-20 15:00:00,35.27147400139961
2023-02-20 16:00:00,34.91946904250135
2023-02-20 17:00:00,35.41989349923858
2023-02-20 18:00:00,37.513464347880344
2023-02-20 19:00:00,40.91263277054833
2023-02-20 20:00:00,4.941748857293345
2023-02-20 21:00:00,5.662987870445911
2023-02-20 22:00:00,5.4220975917112275
2023-02-20 23:00:00,5.743638348087361
2023-02-21 00:00:00,5.63533100174668
2023-02-21 01:00:00,5.776470569610003
2023-02-21 02:00:00,5.964531542327965
2023-02-21 03:00:00,5.775671704032775
2023-02-21 04:00:00,6.04702627905665
2023-02-21 05:00:00,6.361019796920919
2023-02-21 06:00:00,6.160474594370939
2023-02-21 07:00:00,5.647249006613586
2023-02-21 08:00:00,64.69581934859629
2023-02-21 09:00:00,62.30303955968888
2023-02-21 10:00:00,59.94780202155437
2023-02-21 11:00:00,57.27672279321552
2023-02-21 12:00:00,52.517321486571035
2023-02-21 13:00:00,48.19183073041277
2023-02-21 14:00:00,45.23056060681211
2023-02-21 15:00:00,44.046674687422495
2023-02-21 16:00:00,41.768534203376866
2023-02-21 17:00:00,41.46046805434489
2023-02-21 18:00:00,43.470311597289985
2023-02-21 19:00:00,46.95332165440476
2023-02-21 20:00:00,7.19627553618049
2023-02-21 21:00:00,6.928021348409413
2023-02-21 22:00:00,6.876600776976509
2023-02-21 23:00:00,5.839695203502008
2023-02-22 00:00:00,5.720232223474416
2023-02-22 01:00:00,5.667365223313478
2023-02-22 02:00:00,5.956150209902737
2023-02-22 03:00:00,6.207491547640949
2023-02-22 04:00:00,6.114985692432127
2023-02-22 05:00:00,6.305634044345049
2023-02-22 06:00:00,5.965598777777705
2023-02-22 07:00:00,5.932234375957321
2023-02-22 08:00:00,71.8050595282123
2023-02-22 09:00:00,69.84469381314919
2023-02-22 10:00:00,63.26385216253457
2023-02-22 11:00:00,56.37276148383042
2023-02-22 12:00:00,52.73015965882126
2023-02-22 13:00:00,47.89922677805653
2023-02-22 14:00:00,45.62226371617808
2023-02-22 15:00:00,41.94025972128029
2023-02-22 16:00:00,42.2842005668555
2023-02-22 17:00:00,41.422368238857175
2023-02-22 18:00:00,43.64433804555642
2023-02-22 19:00:00,45.84025238787815
2023-02-22 20:00:00,6.655882502357199
2023-02-22 21:00:00,6.848906212631915
2023-02-22 22:00:00,7.0598518842325
2023-02-22 23:00:00,7.300006468045664
2023-02-23 00:00:00,7.026130477725168
2023-02-23 01:00:00,7.220953821249575
2023-02-23 02:00:00,6.536671345257247
2023-02-23 03:00:00,6.360520089434648
2023-02-23 04:00:00,6.276893110114725
2023-02-23 05:00:00,6.75942468836996
2023-02-23 06:00:00,6.817809155690591
2023-02-23 07:00:00,6.943576603644429
2023-02-23 08:00:00,71.59417178930126
2023-02-23 09:00:00,68.94876777305238
2023-02-23 10:00:00,66.61571491413012
2023-02-23 11:00:00,64.60728107698145
2023-02-23 12:00:00,63.619231049791054
2023-02-23 13:00:00,62.39320263208095
2023-02-23 14:00:00,63.10218680812486
2023-02-23 15:00:00,62.318916563158425
2023-02-23 16:00:00,63.48003746112663
2023-02-23 17:00:00,65.32599728783337
2023-02-23 18:00:00,68.74187181152729
2023-02-23 19:00:00,72.492916638818
2023-02-23 20:00:00,6.371866326218934
2023-02-23 21:00:00,5.896638899271729
2023-02-23 22:00:00,6.056567666695923
2023-02-23 23:00:00,6.066939716172977
2023-02-24 00:00:00,5.487259641797884
2023-02-24 01:00:00,5.263527994050106
2023-02-24 02:00:00,5.082520838788107
2023-02-24 03:00:00,5.114705957252635
2023-02-24 04:00:00,5.256504186961155
2023-02-24 05:00:00,4.7122172918977885
2023-02-24 06:00:00,4.865576158807539
2023-02-24 07:00:00,5.6454091288876
2023-02-24 08:00:00,91.6938359056224
2023-02-24 09:00:00,89.07000428822387
2023-02-24 10:00:00,84.76922666422836
2023-02-24 11:00:00,79.625376550388
2023-02-24 12:00:00,72.89319110083535
2023-02-24 13:00:00,68.70456129936589
2023-02-24 14:00:00,66.00836345683678
2023-02-24 15:00:00,64.33911380277341
2023-02-24 16:00:00,61.52395367683483
2023-02-24 17:00:00,61.51700969226148
2023-02-24 18:00:00,63.799413988774674
2023-02-24 19:00:00,67.19416711293425
2023-02-24 20:00:00,6.359472786421595
2023-02-24 21:00:00,6.3495839107495975
2023-02-24 22:00:00,5.729262171125897
2023-02-24 23:00:00,5.958333396785743
2023-02-25 00:00:00,4.969542085511703
2023-02-25 01:00:00,5.0243678070849365
2023-02-25 02:00:00,5.352566651522633
2023-02-25 03:00:00,4.767958065664612
2023-02-25 04:00:00,4.837239772592468
2023-02-25 05:00:00,5.026825470390317
2023-02-25 06:00:00,5.686320218712874
2023-02-25 07:00:00,5.19008234435809
2023-02-25 08:00:00,5.069247877711082
2023-02-25 09:00:00,5.539877151619105
2023-02-25 10:00:00,5.1463625532047494
2023-02-25 11:00:00,5.208583610391017
2023-02-25 12:00:00,5.6375990920719525
2023-02-25 13:00:00,5.702490906027799
2023-02-25 14:00:00,6.061992706643276
2023-02-25 15:00:00,6.44395651394554
2023-02-25 16:00:00,6.654084476554289
2023-02-25 17:00:00,6.51723031489553
2023-02-25 18:00:00,7.58365526332597
2023-02-25 19:00:00,6.789573952069161
2023-02-25 20:00:00,6.348677488626317
2023-02-25 21:00:00,6.27523568765714
2023-02-25 22:00:00,6.347544197755338
2023-02-25 23:00:00,5.838814801973597
2023-02-26 00:00:00,5.77130414544196
2023-02-26 01:00:00,5.961472101915579
2023-02-26 02:00:00,6.266235704284925
2023-02-26 03:00:00,5.795657121628106
2023-02-26 04:00:00,6.161622095331478
2023-02-26 05:00:00,6.279255700661943
2023-02-26 06:00:00,6.496660908942032
2023-02-26 07:00:00,6.1812902525449624
2023-02-26 08:00:00,6.04634796936095
2023-02-26 09:00:00,6.135126645901387
2023-02-26 10:00:00,6.6639046997178575
2023-02-26 11:00:00,6.817087851820294
2023-02-26 12:00:00,6.943309131870446
2023-02-26 13:00:00,6.602345729884027
2023-02-26 14:00:00,6.885077312507011
2023-02-26 15:00:00,6.508188916377637
2023-02-26 16:00:00,6.143936456878117
2023-02-26 17:00:00,6.4010399005079055
2023-02-26 18:00:00,5.792303344511299
2023-02-26 19:00:00,6.170360282301617
2023-02-26 20:00:00,5.6014015499163134
2023-02-26 21:00:00,5.642063269878455
2023-02-26 22:00:00,5.371581340123764
2023-02-26 23:00:00,5.83603900535101
2023-02-27 00:00:00,6.654753348722001
2023-02-27 01:00:00,6.835192651648942
2023-02-27 02:00:00,6.253815022237523
2023-02-27 03:00:00,6.365386821618038
2023-02-27 04:00:00,6.601769006570882
2023-02-27 05:00:00,5.930251149741285
2023-02-27 06:00:00,5.903519130102457
2023-02-27 07:00:00,6.435297582934682
2023-02-27 08:00:00,87.77814058475543
2023-02-27 09:00:00,87.58189726309055
2023-02-27 10:00:00,83.71466864456653
2023-02-27 11:00:00,81.1262220805088
2023-02-27 12:00:00,79.39250570034854
2023-02-27 13:00:00,75.98638367312982
2023-02-27 14:00:00,74.57828906748368
2023-02-27 15:00:00,74.7088213113826
2023-02-27 16:00:00,75.15675306016166
2023-02-27 17:00:00,75.54722823838046
2023-02-27 18:00:00,76.91080524651902
2023-02-27 19:00:00,78.98240518564958
2023-02-27 20:00:00,6.212158453442929
2023-02-27 21:00:00,5.941400263669872
2023-02-27 22:00:00,5.54585191296525
2023-02-27 23:00:00,6.146023317820194
2023-02-28 00:00:00,5.920260762905081
2023-02-28 01:00:00,6.0216527298527
2023-02-28 02:00:00,5.468057317450831
2023-02-28 03:00:00,6.1265788415921385
2023-02-28 04:00:00,6.357044321526535
2023-02-28 05:00:00,6.2154286979558
2023-02-28 06:00:00,6.376920688925147
2023-02-28 07:00:00,6.25290446173693
2023-02-28 08:00:00,97.07656361453496
2023-02-28 09:00:00,94.0033186262292
2023-02-28 10:00:00,88.52476213185682
2023-02-28 11:00:00,83.07512723896417
2023-02-28 12:00:00,77.23212489539985
2023-02-28 13:00:00,71.943521084698
2023-02-28 14:00:00,68.87751978437855
2023-02-28 15:00:00,66.24830531279223
2023-02-28 16:00:00,65.27044558079483
2023-02-28 17:00:00,66.8181065449928
2023-02-28 18:00:00,71.23094896872362
2023-02-28 19:00:00,75.91639131799164
2023-02-28 20:00:00,6.548200394792479
2023-02-28 21:00:00,6.689457078796816
2023-02-28 22:00:00,7.162265430268858
2023-02-28 23:00:00,6.308496638147943
2023-03-01 00:00:00,7.036351152640106
2023-03-01 01:00:00,7.104424048642843
2023-03-01 02:00:00,7.3506198446616935
2023-03-01 03:00:00,6.961512306250439
2023-03-01 04:00:00,6.9737393983645415
2023-03-01 05:00:00,6.945056745625387
2023-03-01 06:00:00,7.217071767014071
2023-03-01 07:00:00,7.467501348649431
2023-03-01 08:00:00,96.42726702175133
2023-03-01 09:00:00,94.50169144535786
2023-03-01 10:00:00,90.3949071079966
2023-03-01 11:00:00,86.06173866106236
2023-03-01 12:00:00,83.40619271949028
2023-03-01 13:00:00,80.57328331896551
2023-03-01 14:00:00,79.41100586429455
2023-03-01 15:00:00,76.59804922559249
2023-03-01 16:00:00,76.21790635318017
2023-03-01 17:00:00,75.57895692762752
2023-03-01 18:00:00,75.58691941336839
2023-03-01 19:00:00,76.34894241848711
2023-03-01 20:00:00,6.38319268008616
2023-03-01 21:00:00,5.336690156863342
2023-03-01 22:00:00,5.095536502668317
2023-03-01 23:00:00,5.276443082348528
2023-03-02 00:00:00,5.0799927509390574
2023-03-02 01:00:00,5.5375540396079
2023-03-02 02:00:00,5.000793050347285
2023-03-02 03:00:00,5.186768063804819
2023-03-02 04:00:00,5.86404856618359
2023-03-02 05:00:00,5.660442861987864
2023-03-02 06:00:00,6.441728877037903
2023-03-02 07:00:00,7.172534733170587
2023-03-02 08:00:00,96.07390876532816
2023-03-02 09:00:00,92.9353532039947
2023-03-02 10:00:00,89.01676539083888
2023-03-02 11:00:00,82.43277341673073
2023-03-02 12:00:00,76.64168147758896
2023-03-02 13:00:00,73.04798458893458
2023-03-02 14:00:00,69.65050448600012
2023-03-02 15:00:00,66.22047758835862
2023-03-02 16:00:00,64.78930109348848
2023-03-02 17:00:00,63.34727007732375
2023-03-02 18:00:00,64.82511713024871
2023-03-02 19:00:00,67.24784742541777
2023-03-02 20:00:00,8.004868243177114
2023-03-02 21:00:00,7.294378764188634
2023-03-02 22:00:00,6.742265783269992
2023-03-02 23:00:00,6.839774873648518
2023-03-03 00:00:00,6.908761629712991
2023-03-03 01:00:00,6.902807560406276
2023-03-03 02:00:00,6.424010015033564
2023-03-03 03:00:00,5.862551657951451
2023-03-03 04:00:00,5.48556683897304
2023-03-03 05:00:00,5.424292634029814
2023-03-03 06:00:00,5.77576772552069
2023-03-03 07:00:00,6.021106034918031
2023-03-03 08:00:00,89.18228685209648
2023-03-03 09:00:00,85.37464491391532
2023-03-03 10:00:00,79.54538205561929
2023-03-03 11:00:00,73.52751965752734
2023-03-03 12:00:00,67.2195794192119
2023-03-03 13:00:00,61.59679825353973
2023-03-03 14:00:00,56.64527035603296
2023-03-03 15:00:00,53.14978762246278
2023-03-03 16:00:00,51.668180562804025
2023-03-03 17:00:00,52.66268352052369
2023-03-03 18:00:00,54.03707727089633
2023-03-03 19:00:00,58.71444205296642
2023-03-03 20:00:00,7.0110545232383865
2023-03-03 21:00:00,6.134299441237954
2023-03-03 22:00:00,6.595008197091045
2023-03-03 23:00:00,6.11336678321316
2023-03-04 00:00:00,5.437277217315293
2023-03-04 01:00:00,5.739551287835196
2023-03-04 02:00:00,5.349892581436668
2023-03-04 03:00:00,5.417114302455553
2023-03-04 04:00:00,5.6366076638196825
2023-03-04 05:00:00,5.325858488494118
2023-03-04 06:00:00,5.2992539936524485
2023-03-04 07:00:00,5.139364620815349
2023-03-04 08:00:00,5.313195491450238
2023-03-04 09:00:00,5.5100205796437685
2023-03-04 10:00:00,5.684247135081319
2023-03-04 11:00:00,5.2925702497263805
2023-03-04 12:00:00,5.194765112797771
2023-03-04 13:00:00,5.457778442475202
2023-03-04 14:00:00,5.800650483232008
2023-03-04 15:00:00,5.712729859320247
2023-03-04 16:00:00,5.934394864196306
2023-03-04 17:00:00,5.928495598738534
2023-03-04 18:00:00,5.4602079162762776
2023-03-04 19:00:00,5.41155261252036
2023-03-04 20:00:00,5.715726507282609
2023-03-04 21:00:00,5.840755222686057
2023-03-04 22:00:00,5.59671304335419
2023-03-04 23:00:00,5.663516026633267
2023-03-05 00:00:00,5.797812356398132
2023-03-05 01:00:00,5.475566066447452
2023-03-05 02:00:00,4.850393730857013
2023-03-05 03:00:00,5.225300599499198
2023-03-05 04:00:00,5.197617436177045
2023-03-05 05:00:00,5.273210112998704
2023-03-05 06:00:00,4.9732317317254955
2023-03-05 07:00:00,5.209759055558436
2023-03-05 08:00:00,4.8626499540828565
2023-03-05 09:00:00,4.298731815981757
2023-03-05 10:00:00,4.535779843675818
2023-03-05 11:00:00,4.745203411092505
2023-03-05 12:00:00,5.096997942312875
2023-03-05 13:00:00,5.370484711646223
2023-03-05 14:00:00,5.946284679355065
2023-03-05 15:00:00,5.826276638923334
2023-03-05 16:00:00,5.185548097516329
2023-03-05 17:00:00,5.365579817251908
2023-03-05 18:00:00,5.640242986472393
2023-03-05 19:00:00,5.71434086145411
2023-03-05 20:00:00,5.923863299294035
2023-03-05 21:00:00,5.352944537932384
2023-03-05 22:00:00,5.864602364418734
2023-03-05 23:00:00,5.589395747990469
2023-03-06 00:00:00,6.079469975565019
2023-03-06 01:00:00,5.4966791426830115
2023-03-06 02:00:00,5.334454598619317
2023-03-06 03:00:00,5.866422247545681
2023-03-06 04:00:00,5.987749058618213
2023-03-06 05:00:00,6.367329897468444
2023-03-06 06:00:00,6.111025152916143
2023-03-06 07:00:00,6.283620101673153
2023-03-06 08:00:00,75.3199789144743
2023-03-06 09:00:00,74.58856271920831
2023-03-06 10:00:00,70.75475270598838
2023-03-06 11:00:00,65.53064205461199
2023-03-06 12:00:00,61.087634134915035
2023-03-06 13:00:00,57.31608328746163
2023-03-06 14:00:00,55.424058251332966
2023-03-06 15:00:00,52.12589391652356
2023-03-06 16:00:00,53.06189440418461
2023-03-06 17:00:00,53.370787002341366
2023-03-06 18:00:00,53.67352208850813
2023-03-06 19:00:00,56.34314362184874
2023-03-06 20:00:00,5.479352663118443
2023-03-06 21:00:00,5.503085237501041
2023-03-06 22:00:00,5.7784654104596465
2023-03-06 23:00:00,5.671169525861603
2023-03-07 00:00:00,5.494654213326282
2023-03-07 01:00:00,5.498093981537602
2023-03-07 02:00:00,5.50362818844164
2023-03-07 03:00:00,5.342277170676346
2023-03-07 04:00:00,5.220030102725481
2023-03-07 05:00:00,4.884064062453521
2023-03-07 06:00:00,5.155122970706346
2023-03-07 07:00:00,5.16674466982179
2023-03-07 08:00:00,63.61883965560965
2023-03-07 09:00:00,64.02091314102779
2023-03-07 10:00:00,59.72282723494239
2023-03-07 11:00:00,55.958271797511124
2023-03-07 12:00:00,54.23337570477842
2023-03-07 13:00:00,51.71584078736747
2023-03-07 14:00:00,49.71827723586214
2023-03-07 15:00:00,46.986265602252814
2023-03-07 16:00:00,45.00683324453338
2023-03-07 17:00:00,47.24526404554008
2023-03-07 18:00:00,49.05701630289217
2023-03-07 19:00:00,51.315056767526485
2023-03-07 20:00:00,5.936324614034704
2023-03-07 21:00:00,5.654500009680626
2023-03-07 22:00:00,6.063430565018697
2023-03-07 23:00:00,5.393092875566063
2023-03-08 00:00:00,5.534387676441003
2023-03-08 01:00:00,5.060518351913403
2023-03-08 02:00:00,4.504297596424104
2023-03-08 03:00:00,4.961852389309569
2023-03-08 04:00:00,5.19204344251572
2023-03-08 05:00:00,5.0103624681930015
2023-03-08 06:00:00,4.719162920502963
2023-03-08 07:00:00,4.443812908327732
2023-03-08 08:00:00,56.394116444680876
2023-03-08 09:00:00,53.40654576946706
2023-03-08 10:00:00,50.69889839849036
2023-03-08 11:00:00,46.540426676551114
2023-03-08 12:00:00,44.50789127336268
2023-03-08 13:00:00,41.790716910640576
2023-03-08 14:00:00,41.64469365260494
2023-03-08 15:00:00,40.78479259904714
2023-03-08 16:00:00,39.29858402077542
2023-03-08 17:00:00,39.85282909051162
2023-03-08 18:00:00,43.04602761255513
2023-03-08 19:00:00,44.611475115473624
2023-03-08 20:00:00,5.993688422569026
2023-03-08 21:00:00,6.687331006710253
2023-03-08 22:00:00,6.4582153707506595
2023-03-08 23:00:00,6.374019401998461
2023-03-09 00:00:00,6.485876377276143
2023-03-09 01:00:00,6.089313825295186
2023-03-09 02:00:00,6.202382446228368
2023-03-09 03:00:00,5.966019638972653
2023-03-09 04:00:00,5.895878612900836
2023-03-09 05:00:00,6.088330395083997
2023-03-09 06:00:00,6.414983110774174
2023-03-09 07:00:00,6.422700929111601
2023-03-09 08:00:00,54.44329401460744
2023-03-09 09:00:00,51.91889240280774
2023-03-09 10:00:00,51.736459919792175
2023-03-09 11:00:00,48.503447709380595
2023-03-09 12:00:00,45.53971945146746
2023-03-09 13:00:00,40.245874742426054
2023-03-09 14:00:00,40.758541942336464
2023-03-09 15:00:00,40.43101993200992
2023-03-09 16:00:00,41.53545379093147
2023-03-09 17:00:00,42.53657121263914
2023-03-09 18:00:00,44.44749831766183
2023-03-09 19:00:00,47.071450908841825
2023-03-09 20:00:00,7.0104574378777125
2023-03-09 21:00:00,7.211906631596369
2023-03-09 22:00:00,6.748937921145451
2023-03-09 23:00:00,6.250950144206361
2023-03-10 00:00:00,6.3205441231339625
2023-03-10 01:00:00,6.069469460063448
2023-03-10 02:00:00,6.296165585687049
2023-03-10 03:00:00,6.402721933103832
2023-03-10 04:00:00,6.099862904867983
2023-03-10 05:00:00,6.397006114335558
2023-03-10 06:00:00,6.413157286559377
2023-03-10 07:00:00,6.547260942836363
2023-03-10 08:00:00,63.28169978429765
2023-03-10 09:00:00,60.52383070737986
2023-03-10 10:00:00,54.80687053576464
2023-03-10 11:00:00,50.116651180152516
2023-03-10 12:00:00,44.74351064573914
2023-03-10 13:00:00,40.541393063492094
2023-03-10 14:00:00,38.777714235822025
2023-03-10 15:00:00,36.87397507502138
2023-03-10 16:00:00,34.38720047690076
2023-03-10 17:00:00,32.971217531767316
2023-03-10 18:00:00,34.68941811406975
2023-03-10 19:00:00,39.03716718491935
2023-03-10 20:00:00,6.495533206044308
2023-03-10 21:00:00,6.366582415903622
2023-03-10 22:00:00,6.023031737049125
2023-03-10 23:00:00,5.336826840141439
2023-03-11 00:00:00,4.913154584360424
2023-03-11 01:00:00,4.68022542708171
2023-03-11 02:00:00,4.631265775490051
2023-03-11 03:00:00,5.348806638063736
2023-03-11 04:00:00,5.849187941936621
2023-03-11 05:00:00,5.43222565453611
2023-03-11 06:00:00,5.427263914730307
2023-03-11 07:00:00,6.304602120034637
2023-03-11 08:00:00,6.349322523036509
2023-03-11 09:00:00,6.231471877351619
2023-03-11 10:00:00,6.3837104125550495
2023-03-11 11:00:00,6.559197736967688
2023-03-11 12:00:00,6.733336465310653
2023-03-11 13:00:00,6.64502707566406
2023-03-11 14:00:00,6.596195913289296
2023-03-11 15:00:00,6.012478489684223
2023-03-11 16:00:00,6.186662213049292
2023-03-11 17:00:00,6.003154318658482
2023-03-11 18:00:00,5.698880638122019
2023-03-11 19:00:00,5.383904720900419
2023-03-11 20:00:00,5.55913597582581
2023-03-11 21:00:00,5.594873128357844
2023-03-11 22:00:00,5.278468942640328
2023-03-11 23:00:00,5.227978376002858
2023-03-12 00:00:00,4.983413842507791
2023-03-12 01:00:00,4.917704982656061
2023-03-12 02:00:00,4.338853265266933
2023-03-12 03:00:00,4.815464391284507
2023-03-12 04:00:00,4.820492476206852
2023-03-12 05:00:00,5.339129602849926
2023-03-12 06:00:00,5.1810787631767985
2023-03-12 07:00:00,5.310481680366898
2023-03-12 08:00:00,5.632524189305967
2023-03-12 09:00:00,6.027763122350628
2023-03-12 10:00:00,5.856182439454308
2023-03-12 11:00:00,5.450374556011995
2023-03-12 12:00:00,5.392433093535588
2023-03-12 13:00:00,5.313343623004905
2023-03-12 14:00:00,5.107350192144115
2023-03-12 15:00:00,5.271215262485979
2023-03-12 16:00:00,5.424250075682134
2023-03-12 17:00:00,5.949159568293287
2023-03-12 18:00:00,5.576877823181846
2023-03-12 19:00:00,5.644255256348739
2023-03-12 20:00:00,5.183109704290989
2023-03-12 21:00:00,4.8899868096954435
2023-03-12 22:00:00,5.143941198640405
2023-03-12 23:00:00,4.464767186575257
2023-03-13 00:00:00,5.403285708541686
2023-03-13 01:00:00,5.599143601508002
2023-03-13 02:00:00,5.576392280134449
2023-03-13 03:00:00,5.646710384234257
2023-03-13 04:00:00,5.925520890937289
2023-03-13 05:00:00,5.9354664371886505
2023-03-13 06:00:00,5.970311623457178
2023-03-13 07:00:00,5.559272185883186
2023-03-13 08:00:00,6.004566961832312
2023-03-13 09:00:00,6.0103309985514315
2023-03-13 10:00:00,5.792323877927548
2023-03-13 11:00:00,6.0015453193713935
2023-03-13 12:00:00,5.833507166624713
2023-03-13 13:00:00,6.260929666164365
2023-03-13 14:00:00,6.178736280200653
2023-03-13 15:00:00,6.111811886711253
2023-03-13 16:00:00,6.3130145501060415
2023-03-13 17:00:00,5.952590530299226
2023-03-13 18:00:00,5.71947670549916
2023-03-13 19:00:00,6.090478831374662
2023-03-13 20:00:00,6.262167322301698
2023-03-13 21:00:00,6.586846057541538
2023-03-13 22:00:00,6.009955088485907
2023-03-13 23:00:00,5.967204206772844
2023-03-14 00:00:00,5.99277578936682
2023-03-14 01:00:00,5.719688357264817
2023-03-14 02:00:00,5.83172528704848
2023-03-14 03:00:00,5.804052637230401
2023-03-14 04:00:00,5.631718206887507
2023-03-14 05:00:00,5.505380002198173
2023-03-14 06:00:00,5.633438542948264
2023-03-14 07:00:00,5.861055306175217
2023-03-14 08:00:00,5.689683527527509
2023-03-14 09:00:00,5.835202717998302
2023-03-14 10:00:00,6.134203032942431
2023-03-14 11:00:00,5.731799249179804
2023-03-14 12:00:00,6.116655850644927
2023-03-14 13:00:00,6.483717160020825
2023-03-14 14:00:00,6.597860474255918
2023-03-14 15:00:00,6.32230102247604
2023-03-14 16:00:00,6.635174444222681
2023-03-14 17:00:00,6.40865034903269
2023-03-14 18:00:00,6.140069663230317
2023-03-14 19:00:00,6.307843955914877
2023-03-14 20:00:00,6.13475272069739
2023-03-14 21:00:00,6.232127721621396
2023-03-14 22:00:00,5.756322670482399
2023-03-14 23:00:00,5.711013266098505
2023-03-15 00:00:00,5.532097985542056
2023-03-15 01:00:00,5.2131405107151725
2023-03-15 02:00:00,5.429052055428818
2023-03-15 03:00:00,5.565433500264027
2023-03-15 04:00:00,6.361252307093319
2023-03-15 05:00:00,6.996240026311477
2023-03-15 06:00:00,6.515992608769506
2023-03-15 07:00:00,6.914915874549149
2023-03-15 08:00:00,70.95332107070568
2023-03-15 09:00:00,66.70163825449913
2023-03-15 10:00:00,60.56334477436809
2023-03-15 11:00:00,54.766448811857096
2023-03-15 12:00:00,46.96302487709225
2023-03-15 13:00:00,42.8073407891064
2023-03-15 14:00:00,38.80513203786003
2023-03-15 15:00:00,36.0881374871141
2023-03-15 16:00:00,34.10852744599072
2023-03-15 17:00:00,32.59116779570404
2023-03-15 18:00:00,32.74398834395711
2023-03-15 19:00:00,35.37090469955285
2023-03-15 20:00:00,6.269321191605311
2023-03-15 21:00:00,6.05393944443126
2023-03-15 22:00:00,6.568576287162586
2023-03-15 23:00:00,6.719316403111339
2023-03-16 00:00:00,5.9323187515219225
2023-03-16 01:00:00,6.053463352948386
2023-03-16 02:00:00,5.716529322768341
2023-03-16 03:00:00,6.075939550960524
2023-03-16 04:00:00,6.440969442635755
2023-03-16 05:00:00,6.2623213941815985
2023-03-16 06:00:00,5.87979037911411
2023-03-16 07:00:00,5.8548096496292
2023-03-16 08:00:00,6.077520545007742
2023-03-16 09:00:00,6.396024052518095
2023-03-16 10:00:00,7.0705946206907155
2023-03-16 11:00:00,6.679338135967224
2023-03-16 12:00:00,6.5643813538465094
2023-03-16 13:00:00,6.823367341108445
2023-03-16 14:00:00,6.456129277016943
2023-03-16 15:00:00,6.686211321969816
2023-03-16 16:00:00,6.693451710903267
2023-03-16 17:00:00,6.642299026220392
2023-03-16 18:00:00,5.945886519633131
2023-03-16 19:00:00,5.739721102004212
2023-03-16 20:00:00,5.884413873327816
2023-03-16 21:00:00,5.588365213863456
2023-03-16 22:00:00,5.524533450051754
2023-03-16 23:00:00,5.140811640853999
2023-03-17 00:00:00,5.288720475527392
2023-03-17 01:00:00,5.664194749488657
2023-03-17 02:00:00,5.365692192962106
2023-03-17 03:00:00,5.559213050776423
2023-03-17 04:00:00,5.208092420888503
2023-03-17 05:00:00,5.106759540252564
2023-03-17 06:00:00,5.45971548643119
2023-03-17 07:00:00,5.914589468161232
2023-03-17 08:00:00,5.660626386278014
2023-03-17 09:00:00,6.337247425708852
2023-03-17 10:00:00,6.030599616690959
2023-03-17 11:00:00,5.426514662476512
2023-03-17 12:00:00,5.726038387908433
2023-03-17 13:00:00,5.938426569644789
2023-03-17 14:00:00,5.843552221470741
2023-03-17 15:00:00,5.942770549837971
2023-03-17 16:00:00,6.407114517207114
2023-03-17 17:00:00,6.5177594394483
2023-03-17 18:00:00,6.479349534875011
2023-03-17 19:00:00,6.368857363183084
2023-03-17 20:00:00,5.814745459705808
2023-03-17 21:00:00,5.999491645543499
2023-03-17 22:00:00,6.050412011705724
2023-03-17 23:00:00,6.448991752444656
2023-03-18 00:00:00,5.622595152909639
2023-03-18 01:00:00,5.668064688272739
2023-03-18 02:00:00,5.6362501839253225
2023-03-18 03:00:00,5.986724892840542
2023-03-18 04:00:00,5.849087716374328
2023-03-18 05:00:00,5.879698008675841
2023-03-18 06:00:00,5.849627593805425
2023-03-18 07:00:00,6.258440106125674
2023-03-18 08:00:00,6.162774817785857
2023-03-18 09:00:00,6.256342740660043
2023-03-18 10:00:00,6.292967089513119
2023-03-18 11:00:00,6.350610435887675
2023-03-18 12:00:00,6.60451965465569
2023-03-18 13:00:00,6.48051677515769
2023-03-18 14:00:00,6.931453711815911
2023-03-18 15:00:00,6.659953272588076
2023-03-18 16:00:00,6.518355812720475
2023-03-18 17:00:00,6.113116441202321
2023-03-18 18:00:00,6.443064367863037
2023-03-18 19:00:00,5.853502448040253
2023-03-18 20:00:00,5.471677028502435
2023-03-18 21:00:00,5.044526639509089
2023-03-18 22:00:00,5.060696323955811
2023-03-18 23:00:00,4.840602079479605
2023-03-19 00:00:00,4.633601268493993
2023-03-19 01:00:00,4.777027301551207
2023-03-19 02:00:00,4.653592684998913
2023-03-19 03:00:00,4.583608934685838
2023-03-19 04:00:00,5.076888882287683
2023-03-19 05:00:00,5.127006012591641
2023-03-19 06:00:00,5.496986714258138
2023-03-19 07:00:00,5.474330376508636
2023-03-19 08:00:00,5.289447399411817
2023-03-19 09:00:00,5.744581761794591
2023-03-19 10:00:00,6.321997695982123
2023-03-19 11:00:00,5.868117764320787
2023-03-19 12:00:00,6.000765579206117
2023-03-19 13:00:00,5.853564563840842
2023-03-19 14:00:00,6.44359545971009
2023-03-19 15:00:00,6.665136144022676
2023-03-19 16:00:00,6.313726043549642
2023-03-19 17:00:00,6.725798831619083
2023-03-19 18:00:00,6.460696328977259
2023-03-19 19:00:00,6.344484030384489
2023-03-19 20:00:00,5.955992020941724
2023-03-19 21:00:00,6.224741494292363
2023-03-19 22:00:00,6.232598751365864
2023-03-19 23:00:00,5.673057058621823
2023-03-20 00:00:00,6.11184251721209
2023-03-20 01:00:00,6.267722191748791
2023-03-20 02:00:00,5.543006999841611
2023-03-20 03:00:00,5.031713815080152
2023-03-20 04:00:00,5.301214303215626
2023-03-20 05:00:00,6.294209833233344
2023-03-20 06:00:00,6.603610087678424
2023-03-20 07:00:00,6.349868674707541
2023-03-20 08:00:00,69.86942432169185
2023-03-20 09:00:00,65.73856956331434
2023-03-20 10:00:00,57.69080206775554
2023-03-20 11:00:00,49.677855400651325
2023-03-20 12:00:00,43.11873254122873
2023-03-20 13:00:00,38.696390267686056
2023-03-20 14:00:00,35.51618103347033
2023-03-20 15:00:00,33.46314282277481
2023-03-20 16:00:00,31.477566867283535
2023-03-20 17:00:00,30.65313870100975
2023-03-20 18:00:00,32.32103673530391
2023-03-20 19:00:00,35.327076041501336
2023-03-20 20:00:00,5.730306929596256
2023-03-20 21:00:00,5.166120687762442
2023-03-20 22:00:00,5.276013428971639
2023-03-20 23:00:00,5.237544646071652
2023-03-21 00:00:00,4.7657603993339706
2023-03-21 01:00:00,5.184892913956335
2023-03-21 02:00:00,4.956757862587791
2023-03-21 03:00:00,4.783246742591343
2023-03-21 04:00:00,4.802861608664777
2023-03-21 05:00:00,5.034051190060318
2023-03-21 06:00:00,5.6928804399543065
2023-03-21 07:00:00,5.311678547779536
2023-03-21 08:00:00,5.9156617879654
2023-03-21 09:00:00,5.860478926430556
2023-03-21 10:00:00,5.908288756893718
2023-03-21 11:00:00,6.136487701500463
2023-03-21 12:00:00,6.474624909061268
2023-03-21 13:00:00,6.568416068724302
2023-03-21 14:00:00,6.162315424025156
2023-03-21 15:00:00,6.36306114934535
2023-03-21 16:00:00,6.376237478041844
2023-03-21 17:00:00,5.8995419281310335
2023-03-21 18:00:00,6.060970191295903
2023-03-21 19:00:00,4.996237909040365
2023-03-21 20:00:00,5.161017517852661
2023-03-21 21:00:00,5.489966204236742
2023-03-21 22:00:00,5.480031755426877
2023-03-21 23:00:00,4.961612121227036
2023-03-22 00:00:00,4.694167146238453
2023-03-22 01:00:00,5.395125992091124
2023-03-22 02:00:00,4.6958127492577635
2023-03-22 03:00:00,5.229154062723114
2023-03-22 04:00:00,5.15571447386836
2023-03-22 05:00:00,5.187294926359865
2023-03-22 06:00:00,4.905862955043911
2023-03-22 07:00:00,5.00464273833986
2023-03-22 08:00:00,5.3400476037155205
2023-03-22 09:00:00,5.805548437867783
2023-03-22 10:00:00,5.811770358862124
2023-03-22 11:00:00,5.612375666993947
2023-03-22 12:00:00,5.758095818872214
2023-03-22 13:00:00,6.351390114622619
2023-03-22 14:00:00,5.867525629546488
2023-03-22 15:00:00,6.50198867637361
2023-03-22 16:00:00,6.42864732244493
2023-03-22 17:00:00,6.0531414909564445
2023-03-22 18:00:00,5.961778707400086
2023-03-22 19:00:00,5.904421853449966
2023-03-22 20:00:00,5.189168232339003
2023-03-22 21:00:00,5.172581674158931
2023-03-22 22:00:00,4.858324414982454
2023-03-22 23:00:00,4.651140367948996
2023-03-23 00:00:00,4.674412860710253
2023-03-23 01:00:00,4.08863617125911
2023-03-23 02:00:00,3.831563588164562
2023-03-23 03:00:00,4.021909494867489
2023-03-23 04:00:00,4.2165079498852425
2023-03-23 05:00:00,4.880055578330665
2023-03-23 06:00:00,5.136771139293137
2023-03-23 07:00:00,5.298060551018334
2023-03-23 08:00:00,5.285094643241504
2023-03-23 09:00:00,5.251698751976509
2023-03-23 10:00:00,5.569318305645022
2023-03-23 11:00:00,5.444284243011776
2023-03-23 12:00:00,5.916404607209738
2023-03-23 13:00:00,5.737187236306416
2023-03-23 14:00:00,5.588525309120619
2023-03-23 15:00:00,5.731779737834894
2023-03-23 16:00:00,5.90772150086293
2023-03-23 17:00:00,5.835318016641448
2023-03-23 18:00:00,5.676976341288664
2023-03-23 19:00:00,5.413811759428278
2023-03-23 20:00:00,5.2352700084933765
2023-03-23 21:00:00,5.4137444840318585
2023-03-23 22:00:00,5.552306562764561
2023-03-23 23:00:00,5.468166664905624
2023-03-24 00:00:00,5.2098257585948415
2023-03-24 01:00:00,5.435623828925043
2023-03-24 02:00:00,5.258570120939587
2023-03-24 03:00:00,5.085047657405718
2023-03-24 04:00:00,5.64540037636641
2023-03-24 05:00:00,6.539758544730603
2023-03-24 06:00:00,6.201537907403828
2023-03-24 07:00:00,6.101020774355987
2023-03-24 08:00:00,5.910347498092962
2023-03-24 09:00:00,5.877734784226573
2023-03-24 10:00:00,6.431958960697245
2023-03-24 11:00:00,6.651786805240255
2023-03-24 12:00:00,6.889450112651623
2023-03-24 13:00:00,6.778567300206772
2023-03-24 14:00:00,6.868776415843814
2023-03-24 15:00:00,6.851621093320937
2023-03-24 16:00:00,6.469575344936364
2023-03-24 17:00:00,6.4131316939439715
2023-03-24 18:00:00,6.2388962314360406
2023-03-24 19:00:00,5.933720093965387
2023-03-24 20:00:00,5.633264019528243
2023-03-24 21:00:00,5.566097577022122
2023-03-24 22:00:00,5.502009301713494
2023-03-24 23:00:00,5.390245994627543
2023-03-25 00:00:00,5.200422678516053
2023-03-25 01:00:00,5.258265657537759
2023-03-25 02:00:00,5.709787001155297
2023-03-25 03:00:00,5.489466306066205
2023-03-25 04:00:00,5.788168998106354
2023-03-25 05:00:00,5.876734672351112
2023-03-25 06:00:00,5.510664912730216
2023-03-25 07:00:00,6.319931366092571
2023-03-25 08:00:00,6.330879165095181
2023-03-25 09:00:00,6.167463198020678
2023-03-25 10:00:00,6.394610858465337
2023-03-25 11:00:00,6.2627630773764755
2023-03-25 12:00:00,6.229746004110529
2023-03-25 13:00:00,6.404322633706273
2023-03-25 14:00:00,6.5006582787398095
2023-03-25 15:00:00,6.2800524192668865
2023-03-25 16:00:00,6.514042851956671
2023-03-25 17:00:00,6.542149837080718
2023-03-25 18:00:00,6.156482995645108
2023-03-25 19:00:00,6.515232362284445
2023-03-25 20:00:00,6.656623293843245
2023-03-25 21:00:00,6.267884055805404
2023-03-25 22:00:00,6.5510156013110485
2023-03-25 23:00:00,6.540571601894429
2023-03-26 00:00:00,6.178254791966058
2023-03-26 01:00:00,5.776665305027102
2023-03-26 02:00:00,6.13644031681417
2023-03-26 03:00:00,6.108087070187055
2023-03-26 04:00:00,5.938955619754064
2023-03-26 05:00:00,6.0045873921906505
2023-03-26 06:00:00,6.22826634952837
2023-03-26 07:00:00,5.81679806112168
2023-03-26 08:00:00,5.9582885245943675
2023-03-26 09:00:00,5.169460200628815
2023-03-26 10:00:00,5.7730887891299085
2023-03-26 11:00:00,5.568266625839505
2023-03-26 12:00:00,5.446926059852811
2023-03-26 13:00:00,5.505128380504687
2023-03-26 14:00:00,6.026232143390332
2023-03-26 15:00:00,5.556154243064928
2023-03-26 16:00:00,5.996624880895273
2023-03-26 17:00:00,5.858706662289347
2023-03-26 18:00:00,6.107393974477326
2023-03-26 19:00:00,5.7576168717623615
2023-03-26 20:00:00,5.67263551398526
2023-03-26 21:00:00,5.753237504767552
2023-03-26 22:00:00,5.3828304024585645
2023-03-26 23:00:00,5.7141088629357055
2023-03-27 00:00:00,6.223304544198884
2023-03-27 01:00:00,6.244449245339262
2023-03-27 02:00:00,6.684173523799453
2023-03-27 03:00:00,6.4239511466886485
2023-03-27 04:00:00,6.083057033909401
2023-03-27 05:00:00,5.769390613589108
2023-03-27 06:00:00,6.1840113251887345
2023-03-27 07:00:00,6.3876107926946775
2023-03-27 08:00:00,6.44741213198651
2023-03-27 09:00:00,6.391518768362282
2023-03-27 10:00:00,6.706461036037964
2023-03-27 11:00:00,6.3570992885364435
2023-03-27 12:00:00,6.797005726878085
2023-03-27 13:00:00,7.890017614517045
2023-03-27 14:00:00,7.917046127902868
2023-03-27 15:00:00,7.494116861111896
2023-03-27 16:00:00,7.266302137505758
2023-03-27 17:00:00,6.663732090536354
2023-03-27 18:00:00,6.734698132887762
2023-03-27 19:00:00,6.1500504505327
2023-03-27 20:00:00,5.800871997120933
2023-03-27 21:00:00,6.455036241973376
2023-03-27 22:00:00,6.1397627943799
2023-03-27 23:00:00,6.265215753116297
2023-03-28 00:00:00,6.092306401176807
2023-03-28 01:00:00,5.846767401385093
2023-03-28 02:00:00,6.329245231510714
2023-03-28 03:00:00,6.031424143020033
2023-03-28 04:00:00,6.517969926369654
2023-03-28 05:00:00,6.21709687620788
2023-03-28 06:00:00,6.212018129354055
2023-03-28 07:00:00,5.856812625705531
2023-03-28 08:00:00,5.523175898347223
2023-03-28 09:00:00,5.710255823397875
2023-03-28 10:00:00,5.593590457647249
2023-03-28 11:00:00,5.749273819321537
2023-03-28 12:00:00,5.853383171889822
2023-03-28 13:00:00,6.183662367421074
2023-03-28 14:00:00,5.680856444140984
2023-03-28 15:00:00,5.388111951029571
2023-03-28 16:00:00,5.617542032694712
2023-03-28 17:00:00,5.791337725630759
2023-03-28 18:00:00,5.764793701112286
2023-03-28 19:00:00,5.468504124744293
2023-03-28 20:00:00,5.718127694492096
2023-03-28 21:00:00,5.804935613775369
2023-03-28 22:00:00,5.6638484004341425
2023-03-28 23:00:00,5.7637526428527455
2023-03-29 00:00:00,5.567179547668766
2023-03-29 01:00:00,5.857837681706494
2023-03-29 02:00:00,5.891601705311898
2023-03-29 03:00:00,6.292399496927267
2023-03-29 04:00:00,6.002759464872159
2023-03-29 05:00:00,6.246994327908199
2023-03-29 06:00:00,6.180639008926446
2023-03-29 07:00:00,6.755236950740167
2023-03-29 08:00:00,6.959335888102364
2023-03-29 09:00:00,6.8879860829332795
2023-03-29 10:00:00,6.235687022623155
2023-03-29 11:00:00,6.947856644790286
2023-03-29 12:00:00,7.032900760450429
2023-03-29 13:00:00,6.6092437032448546
2023-03-29 14:00:00,6.3463715445374005
2023-03-29 15:00:00,6.842712888580475
2023-03-29 16:00:00,6.8751865652809085
2023-03-29 17:00:00,6.228382993928583
2023-03-29 18:00:00,6.8001697588759304
2023-03-29 19:00:00,5.893921154487287
2023-03-29 20:00:00,6.131617106216264
2023-03-29 21:00:00,5.7369888606543
2023-03-29 22:00:00,5.9678043348874965
2023-03-29 23:00:00,5.906183840212573
2023-03-30 00:00:00,6.2364398521413476
2023-03-30 01:00:00,6.382765943517707
2023-03-30 02:00:00,6.062734492525892
2023-03-30 03:00:00,6.202103735104707
2023-03-30 04:00:00,6.210415516115907
2023-03-30 05:00:00,6.591646028776452
2023-03-30 06:00:00,6.532136979935563
2023-03-30 07:00:00,6.553660312745888
2023-03-30 08:00:00,6.863485711631766
2023-03-30 09:00:00,7.229259386161576
2023-03-30 10:00:00,6.948457820407309
2023-03-30 11:00:00,6.779698228231567
2023-03-30 12:00:00,6.910976616138362
2023-03-30 13:00:00,6.98406368505155
2023-03-30 14:00:00,7.486097791829159
2023-03-30 15:00:00,7.090010885244342
2023-03-30 16:00:00,7.255494299345891
2023-03-30 17:00:00,7.708992780792049
2023-03-30 18:00:00,7.30432196065953
2023-03-30 19:00:00,7.758845123611748
2023-03-30 20:00:00,7.461294019221058
2023-03-30 21:00:00,7.646409551719542
2023-03-30 22:00:00,6.917124143987657
2023-03-30 23:00:00,6.837581542224687
2023-03-31 00:00:00,6.5267954967733095
2023-03-31 01:00:00,6.6929352116712195
2023-03-31 02:00:00,6.728050505108436
2023-03-31 03:00:00,6.8658392775183525
2023-03-31 04:00:00,6.870787438127862
2023-03-31 05:00:00,6.930302535496493
2023-03-31 06:00:00,7.367885439495274
2023-03-31 07:00:00,7.554191260257196
2023-03-31 08:00:00,7.463374617542045
2023-03-31 09:00:00,7.068149896471369
2023-03-31 10:00:00,7.148605057436454
2023-03-31 11:00:00,7.274281263085303
2023-03-31 12:00:00,7.153502879578159
2023-03-31 13:00:00,6.906163770868465
2023-03-31 14:00:00,7.112495015188995
2023-03-31 15:00:00,7.35766548826457
2023-03-31 16:00:00,7.261526556907574
2023-03-31 17:00:00,6.728116192371692
2023-03-31 18:00:00,6.790087857664449
2023-03-31 19:00:00,6.4924416337806194
2023-03-31 20:00:00,6.608361435531078
2023-03-31 21:00:00,6.48186724492511
2023-03-31 22:00:00,6.238265784917969
2023-03-31 23:00:00,6.230258685827599
2023-04-01 00:00:00,5.504689060540306
2023-04-01 01:00:00,5.175841223698974
2023-04-01 02:00:00,5.434886899645027
2023-04-01 03:00:00,5.509813845629226
2023-04-01 04:00:00,6.100860680919087
2023-04-01 05:00:00,6.276607073955226
2023-04-01 06:00:00,6.962458098655116
2023-04-01 07:00:00,6.397467505709534
2023-04-01 08:00:00,6.317716926602011
2023-04-01 09:00:00,6.245024001440045
2023-04-01 10:00:00,6.142386360727541
2023-04-01 11:00:00,6.007762451060235
2023-04-01 12:00:00,5.797417992405014
2023-04-01 13:00:00,5.463770560662778
2023-04-01 14:00:00,5.854053517048558
2023-04-01 15:00:00,5.6244825606958475
2023-04-01 16:00:00,5.958293526156685
2023-04-01 17:00:00,6.017785613370177
2023-04-01 18:00:00,6.244703180058009
2023-04-01 19:00:00,6.271411795262968
2023-04-01 20:00:00,6.1120424167819944
2023-04-01 21:00:00,6.649565824958052
2023-04-01 22:00:00,5.660186657582118
2023-04-01 23:00:00,5.414367791714688
2023-04-02 00:00:00,4.67677454926279
2023-04-02 01:00:00,5.069362643284259
2023-04-02 02:00:00,4.94135158887877
2023-04-02 03:00:00,4.878920770914675
2023-04-02 04:00:00,5.202773691148602
2023-04-02 05:00:00,5.71128498602976
2023-04-02 06:00:00,6.083151197718609
2023-04-02 07:00:00,5.758911468882498
2023-04-02 08:00:00,5.824436473035256
2023-04-02 09:00:00,5.956139182668721
2023-04-02 10:00:00,5.851497037461536
2023-04-02 11:00:00,5.82092710990101
2023-04-02 12:00:00,5.66706323719626
2023-04-02 13:00:00,5.769823086782527
2023-04-02 14:00:00,5.78945176373148
2023-04-02 15:00:00,5.62056421237709
2023-04-02 16:00:00,5.1084232298329795
2023-04-02 17:00:00,5.441681718989143
2023-04-02 18:00:00,5.276106504771828
2023-04-02 19:00:00,5.841304496980079
2023-04-02 20:00:00,6.042570371241944
2023-04-02 21:00:00,5.764868331180906
2023-04-02 22:00:00,5.406735514788545
2023-04-02 23:00:00,5.343624032768844
2023-04-03 00:00:00,5.997566004558213
2023-04-03 01:00:00,6.234827831770552
2023-04-03 02:00:00,6.030590449953596
2023-04-03 03:00:00,6.026164753753888
2023-04-03 04:00:00,6.860323229858384
2023-04-03 05:00:00,7.373800689837436
2023-04-03 06:00:00,7.160689460152553
2023-04-03 07:00:00,7.096325531299336
2023-04-03 08:00:00,71.12089117805205
2023-04-03 09:00:00,67.18992675642284
2023-04-03 10:00:00,60.46544279620372
2023-04-03 11:00:00,54.617377285376605
2023-04-03 12:00:00,49.05113960315178
2023-04-03 13:00:00,42.60298753747522
2023-04-03 14:00:00,37.859337381066815
2023-04-03 15:00:00,33.22711503147066
2023-04-03 16:00:00,32.614756760969954
2023-04-03 17:00:00,31.793609315848418
2023-04-03 18:00:00,32.92673291655134
2023-04-03 19:00:00,35.66452883113495
2023-04-03 20:00:00,6.780572398453713
2023-04-03 21:00:00,6.523175528126947
2023-04-03 22:00:00,6.754105338508108
2023-04-03 23:00:00,6.52366153096615
2023-04-04 00:00:00,5.630779542289202
2023-04-04 01:00:00,6.304836414848278
2023-04-04 02:00:00,6.049445216781122
2023-04-04 03:00:00,5.80351732119653
2023-04-04 04:00:00,6.029909765390249
2023-04-04 05:00:00,6.156919465060786
2023-04-04 06:00:00,5.700274322847036
2023-04-04 07:00:00,5.902972315179313
2023-04-04 08:00:00,63.955659956245874
2023-04-04 09:00:00,58.627638079018546
2023-04-04 10:00:00,53.703677012887724
2023-04-04 11:00:00,46.68684322903731
2023-04-04 12:00:00,42.35274951015421
2023-04-04 13:00:00,37.48059262350117
2023-04-04 14:00:00,35.004169437412564
2023-04-04 15:00:00,32.5960887573687
2023-04-04 16:00:00,31.313659040036015
2023-04-04 17:00:00,31.557360527282995
2023-04-04 18:00:00,32.75118399762053
2023-04-04 19:00:00,36.16880934713637
2023-04-04 20:00:00,5.9410305608763
2023-04-04 21:00:00,5.317240265784547
2023-04-04 22:00:00,5.888282677858297
2023-04-04 23:00:00,5.306457798924584
2023-04-05 00:00:00,5.43368576814733
2023-04-05 01:00:00,5.487053546423736
2023-04-05 02:00:00,5.990821712308048
2023-04-05 03:00:00,6.165912447364833
2023-04-05 04:00:00,5.605108758837942
2023-04-05 05:00:00,5.371031552177066
2023-04-05 06:00:00,5.4285860963682175
2023-04-05 07:00:00,5.960015715785344
2023-04-05 08:00:00,6.090134263928738
2023-04-05 09:00:00,6.238389535396446
2023-04-05 10:00:00,6.789210449256948
2023-04-05 11:00:00,6.527506499540896
2023-04-05 12:00:00,6.429436031131581
2023-04-05 13:00:00,6.419021029935153
2023-04-05 14:00:00,6.241186831193247
2023-04-05 15:00:00,6.223490585082016
2023-04-05 16:00:00,6.43742830784029
2023-04-05 17:00:00,6.919498003388478
2023-04-05 18:00:00,6.3813485963072
2023-04-05 19:00:00,5.8568885305690355
2023-04-05 20:00:00,5.298711290908139
2023-04-05 21:00:00,5.588313493443723
2023-04-05 22:00:00,5.575608641387397
2023-04-05 23:00:00,5.075737241084374
2023-04-06 00:00:00,5.265957372051132
2023-04-06 01:00:00,5.497875566477001
2023-04-06 02:00:00,5.913584379312628
2023-04-06 03:00:00,5.911521128287573
2023-04-06 04:00:00,5.962898233756794
2023-04-06 05:00:00,6.177165297002761
2023-04-06 06:00:00,6.447741512225814
2023-04-06 07:00:00,7.122008952390523
2023-04-06 08:00:00,7.527870692004238
2023-04-06 09:00:00,7.014990221488948
2023-04-06 10:00:00,6.925365360921293
2023-04-06 11:00:00,7.366557613396293
2023-04-06 12:00:00,7.7637452763302885
2023-04-06 13:00:00,7.742026518957784
2023-04-06 14:00:00,7.999746841656651
2023-04-06 15:00:00,8.190071619525098
2023-04-06 16:00:00,8.43388031938732
2023-04-06 17:00:00,8.11192885315085
2023-04-06 18:00:00,7.43911141365522
2023-04-06 19:00:00,7.444032671334341
2023-04-06 20:00:00,6.895575382858377
2023-04-06 21:00:00,6.655764813424634
2023-04-06 22:00:00,6.295612861658355
2023-04-06 23:00:00,5.731038947517941
2023-04-07 00:00:00,5.627871042641748
2023-04-07 01:00:00,5.684960427330896
2023-04-07 02:00:00,6.055430184151428
2023-04-07 03:00:00,5.992554321615554
2023-04-07 04:00:00,6.8025506744851665
2023-04-07 05:00:00,6.7326751100392155
2023-04-07 06:00:00,6.868378737939116
2023-04-07 07:00:00,6.86240269667603
2023-04-07 08:00:00,7.262811162958814
2023-04-07 09:00:00,7.56787136246491
2023-04-07 10:00:00,7.520191125629434
2023-04-07 11:00:00,7.09928921992658
2023-04-07 12:00:00,7.828960125335628
2023-04-07 13:00:00,7.563043531618362
2023-04-07 14:00:00,8.089894375210847
2023-04-07 15:00:00,7.997325438922547
2023-04-07 16:00:00,7.8652426065763565
2023-04-07 17:00:00,8.05444356171876
2023-04-07 18:00:00,7.956112901059289
2023-04-07 19:00:00,7.600691702923517
2023-04-07 20:00:00,6.990657786611359
2023-04-07 21:00:00,7.134150866913638
2023-04-07 22:00:00,6.1086037099888815
2023-04-07 23:00:00,6.380634680409436
2023-04-08 00:00:00,6.114524088237849
2023-04-08 01:00:00,6.034964618306377
2023-04-08 02:00:00,5.743817785013428
2023-04-08 03:00:00,5.344392755097153
2023-04-08 04:00:00,5.50709254127219
2023-04-08 05:00:00,5.339635578092123
2023-04-08 06:00:00,5.458885381036308
2023-04-08 07:00:00,5.708000663138938
2023-04-08 08:00:00,6.514620433912378
2023-04-08 09:00:00,6.908879231907749
2023-04-08 10:00:00,7.296770875176873
2023-04-08 11:00:00,7.449475290025505
2023-04-08 12:00:00,7.689257609584017
2023-04-08 13:00:00,7.391626855088596
2023-04-08 14:00:00,6.707659354456889
2023-04-08 15:00:00,6.692913305595764
2023-04-08 16:00:00,6.900655993662325
2023-04-08 17:00:00,6.5734513984470535
2023-04-08 18:00:00,6.389957587017071
2023-04-08 19:00:00,5.989254115874747
2023-04-08 20:00:00,6.397049185623254
2023-04-08 21:00:00,6.514085376255381
2023-04-08 22:00:00,6.470543119451598
2023-04-08 23:00:00,6.342422813188434
2023-04-09 00:00:00,6.076260957016098
2023-04-09 01:00:00,6.01735720587323
2023-04-09 02:00:00,5.670647597045459
2023-04-09 03:00:00,5.251127671123829
2023-04-09 04:00:00,5.398123733760221
2023-04-09 05:00:00,5.275882002918398
2023-04-09 06:00:00,5.810530982627971
2023-04-09 07:00:00,6.393316379769646
2023-04-09 08:00:00,6.661863694948457
2023-04-09 09:00:00,6.626241455993267
2023-04-09 10:00:00,6.46768489111906
2023-04-09 11:00:00,6.566832466975465
2023-04-09 12:00:00,7.330619661542766
2023-04-09 13:00:00,7.683842997526461
2023-04-09 14:00:00,7.657337509175678
2023-04-09 15:00:00,7.489186646340747
2023-04-09 16:00:00,7.211049365838566
2023-04-09 17:00:00,7.070794858778765
2023-04-09 18:00:00,6.47821026429932
2023-04-09 19:00:00,6.277618864769085
2023-04-09 20:00:00,6.26271747436436
2023-04-09 21:00:00,6.379820256369538
2023-04-09 22:00:00,6.262166944254329
2023-04-09 23:00:00,5.809979011235818
2023-04-10 00:00:00,5.92168350867962
2023-04-10 01:00:00,5.863878563998764
2023-04-10 02:00:00,6.2338790992625865
2023-04-10 03:00:00,5.9758030812298895
2023-04-10 04:00:00,5.840863855779687
2023-04-10 05:00:00,6.149399297166993
2023-04-10 06:00:00,5.931385121008363
2023-04-10 07:00:00,6.121867285588952
2023-04-10 08:00:00,6.110307639790019
2023-04-10 09:00:00,6.0478069945921185
2023-04-10 10:00:00,5.68360583985139
2023-04-10 11:00:00,6.227330387956855
2023-04-10 12:00:00,6.3929516571966625
2023-04-10 13:00:00,6.577709275921623
2023-04-10 14:00:00,6.053801789432402
2023-04-10 15:00:00,6.576075168764507
2023-04-10 16:00:00,5.92190641359622
2023-04-10 17:00:00,6.147162220056221
2023-04-10 18:00:00,5.602822206103859
2023-04-10 19:00:00,5.553386245488624
2023-04-10 20:00:00,5.227167775702686
2023-04-10 21:00:00,5.293678357286315
2023-04-10 22:00:00,5.525576248826944
2023-04-10 23:00:00,5.498665540084961
2023-04-11 00:00:00,5.240324492822922
2023-04-11 01:00:00,6.023915561455062
2023-04-11 02:00:00,5.510417232807761
2023-04-11 03:00:00,5.696946917873983
2023-04-11 04:00:00,5.164885010971562
2023-04-11 05:00:00,5.075771506027492
2023-04-11 06:00:00,5.166197200873995
2023-04-11 07:00:00,5.497945979470755
2023-04-11 08:00:00,27.755362071347896
2023-04-11 09:00:00,28.620333722339026
2023-04-11 10:00:00,27.59043128242429
2023-04-11 11:00:00,29.422473678850334
2023-04-11 12:00:00,26.064522134002782
2023-04-11 13:00:00,25.833724284396073
2023-04-11 14:00:00,32.24819930860471
2023-04-11 15:00:00,36.72706660098433
2023-04-11 16:00:00,34.868206493290174
2023-04-11 17:00:00,36.084616496319455
2023-04-11 18:00:00,34.63253894763335
2023-04-11 19:00:00,31.615978648408657
2023-04-11 20:00:00,4.8949540660269415
2023-04-11 21:00:00,4.783581877396246
2023-04-11 22:00:00,5.39316926533121
2023-04-11 23:00:00,5.1929616157831715
2023-04-12 00:00:00,5.24605396487741
2023-04-12 01:00:00,5.593205780975637
2023-04-12 02:00:00,6.243758841270175
2023-04-12 03:00:00,5.929771136981366
2023-04-12 04:00:00,5.934187889643028
2023-04-12 05:00:00,6.634209308825032
2023-04-12 06:00:00,5.772655499961337
2023-04-12 07:00:00,6.486678735267547
2023-04-12 08:00:00,6.230406963420608
2023-04-12 09:00:00,6.712927492767857
2023-04-12 10:00:00,6.499725350915394
2023-04-12 11:00:00,6.329011133776373
2023-04-12 12:00:00,6.25108956154387
2023-04-12 13:00:00,6.3274435528456054
2023-04-12 14:00:00,6.661328786257384
2023-04-12 15:00:00,6.6990562502643485
2023-04-12 16:00:00,6.609939808387862
2023-04-12 17:00:00,6.696405752051599
2023-04-12 18:00:00,6.27672274736607
2023-04-12 19:00:00,6.36180494264665
2023-04-12 20:00:00,6.6331417060188285
2023-04-12 21:00:00,7.195010587356726
2023-04-12 22:00:00,6.659043771829386
2023-04-12 23:00:00,6.722568590972757
2023-04-13 00:00:00,6.802716534379596
2023-04-13 01:00:00,6.9356766773818945
2023-04-13 02:00:00,6.609470847807067
2023-04-13 03:00:00,6.51644005188159
2023-04-13 04:00:00,6.883149685345964
2023-04-13 05:00:00,6.316658360365813
2023-04-13 06:00:00,6.1607691595376375
2023-04-13 07:00:00,6.194622187521844
2023-04-13 08:00:00,7.032768669981877
2023-04-13 09:00:00,6.950671875203248
2023-04-13 10:00:00,6.1648574747238944
2023-04-13 11:00:00,5.828287916105909
2023-04-13 12:00:00,5.712547232187332
2023-04-13 13:00:00,5.75547908546045
2023-04-13 14:00:00,5.480675182283608
2023-04-13 15:00:00,5.181550824232984
2023-04-13 16:00:00,5.7180046732484175
2023-04-13 17:00:00,5.318997840492404
2023-04-13 18:00:00,5.289404252157582
2023-04-13 19:00:00,5.563505830784608
2023-04-13 20:00:00,5.808024338086573
2023-04-13 21:00:00,5.477714792852827
2023-04-13 22:00:00,5.426141308881241
2023-04-13 23:00:00,5.441674260567264
2023-04-14 00:00:00,5.172761783366318
2023-04-14 01:00:00,5.628119316683928
2023-04-14 02:00:00,5.41235152826921
2023-04-14 03:00:00,5.497624889032809
2023-04-14 04:00:00,5.0394815540542135
2023-04-14 05:00:00,5.182400532753877
2023-04-14 06:00:00,5.410396863647738
2023-04-14 07:00:00,5.783498759383423
2023-04-14 08:00:00,56.38592828747366
2023-04-14 09:00:00,51.992452992674274
2023-04-14 10:00:00,49.31544223047501
2023-04-14 11:00:00,42.005912027099455
2023-04-14 12:00:00,38.724731993643104
2023-04-14 13:00:00,35.569093780586726
2023-04-14 14:00:00,34.152285012571525
2023-04-14 15:00:00,31.658326668534006
2023-04-14 16:00:00,31.292457028681014
2023-04-14 17:00:00,31.556694553247056
2023-04-14 18:00:00,32.70928059837787
2023-04-14 19:00:00,35.024301659744395
2023-04-14 20:00:00,6.957651894810302
2023-04-14 21:00:00,6.705598741166481
2023-04-14 22:00:00,6.737881138752931
2023-04-14 23:00:00,7.168730027628532
2023-04-15 00:00:00,6.14883409866628
2023-04-15 01:00:00,5.694038646895122
2023-04-15 02:00:00,5.534479380753163
2023-04-15 03:00:00,6.066542324586903
2023-04-15 04:00:00,5.948351274901258
2023-04-15 05:00:00,6.142740865593522
2023-04-15 06:00:00,6.423299876990173
2023-04-15 07:00:00,6.711729663787921
2023-04-15 08:00:00,6.851815091525002
2023-04-15 09:00:00,7.232240612990556
2023-04-15 10:00:00,7.218785800444629
2023-04-15 11:00:00,7.267502832018324
2023-04-15 12:00:00,7.324310091230352
2023-04-15 13:00:00,7.60584773178341
2023-04-15 14:00:00,7.332106527276563
2023-04-15 15:00:00,7.685537214652691
2023-04-15 16:00:00,7.3370355284854725
2023-04-15 17:00:00,7.372537383404877
2023-04-15 18:00:00,7.259581994807913
2023-04-15 19:00:00,7.1334188278397
2023-04-15 20:00:00,6.978822625209796
2023-04-15 21:00:00,7.016815725336965
2023-04-15 22:00:00,6.879607840201973
2023-04-15 23:00:00,6.406555795581088
2023-04-16 00:00:00,5.991584348830371
2023-04-16 01:00:00,6.329295679113129
2023-04-16 02:00:00,6.21407398172643
2023-04-16 03:00:00,5.576787410974543
2023-04-16 04:00:00,6.189569062398914
2023-04-16 05:00:00,6.216151774122576
2023-04-16 06:00:00,6.526193081980044
2023-04-16 07:00:00,6.390368774824025
2023-04-16 08:00:00,6.84613129786918
2023-04-16 09:00:00,6.282166591960637
2023-04-16 10:00:00,7.143046903088389
2023-04-16 11:00:00,6.764533346781737
2023-04-16 12:00:00,6.863640183361653
2023-04-16 13:00:00,6.9469044096193855
2023-04-16 14:00:00,7.1307076746368345
2023-04-16 15:00:00,7.152710998909448
2023-04-16 16:00:00,6.742754245338664
2023-04-16 17:00:00,6.138093939833104
2023-04-16 18:00:00,6.113950566423746
2023-04-16 19:00:00,6.529538053732314
2023-04-16 20:00:00,6.460360880708857
2023-04-16 21:00:00,6.497780523323758
2023-04-16 22:00:00,6.127984150783604
2023-04-16 23:00:00,5.749327883401223
2023-04-17 00:00:00,6.331150235088627
2023-04-17 01:00:00,6.379405028011743
2023-04-17 02:00:00,6.1330098145360745
2023-04-17 03:00:00,6.604583930628442
2023-04-17 04:00:00,6.061664303806397
2023-04-17 05:00:00,6.540445380759753
2023-04-17 06:00:00,6.101685981016188
2023-04-17 07:00:00,6.194524107678105
2023-04-17 08:00:00,6.0421385294483
2023-04-17 09:00:00,5.7726746877954636
2023-04-17 10:00:00,5.815528174006504
2023-04-17 11:00:00,6.043432621442019
2023-04-17 12:00:00,5.284976834569394
2023-04-17 13:00:00,5.787525431199133
2023-04-17 14:00:00,6.428640037257752
2023-04-17 15:00:00,7.225457270537008
2023-04-17 16:00:00,6.641575106935042
2023-04-17 17:00:00,6.657568924029414
2023-04-17 18:00:00,7.110692345120068
2023-04-17 19:00:00,7.620895463332755
2023-04-17 20:00:00,7.471477018717718
2023-04-17 21:00:00,7.103445288999722
2023-04-17 22:00:00,6.831182116977854
2023-04-17 23:00:00,6.764083496878724
2023-04-18 00:00:00,6.264680751991905
2023-04-18 01:00:00,6.211113360421617
2023-04-18 02:00:00,6.943492746880553
2023-04-18 03:00:00,6.684040037558335
2023-04-18 04:00:00,7.375657201355909
2023-04-18 05:00:00,7.238495299089164
2023-04-18 06:00:00,7.153384242460447
2023-04-18 07:00:00,7.032375680926792
2023-04-18 08:00:00,6.938190921900398
2023-04-18 09:00:00,7.059524842632459
2023-04-18 10:00:00,7.224365842846663
2023-04-18 11:00:00,7.658278191368672
2023-04-18 12:00:00,7.207511918731454
2023-04-18 13:00:00,7.558240239513758
2023-04-18 14:00:00,7.27654249286925
2023-04-18 15:00:00,7.501433582359941
2023-04-18 16:00:00,7.5481337782940905
2023-04-18 17:00:00,7.6520372725542565
2023-04-18 18:00:00,7.3151339417939685
2023-04-18 19:00:00,7.571364968982162
2023-04-18 20:00:00,7.556162830537831
2023-04-18 21:00:00,7.388828148561188
2023-04-18 22:00:00,6.960252810069192
2023-04-18 23:00:00,7.665355937173611
2023-04-19 00:00:00,7.1648083589765035
2023-04-19 01:00:00,7.482421995522173
2023-04-19 02:00:00,6.600808047913383
2023-04-19 03:00:00,6.60278045927552
2023-04-19 04:00:00,6.911123908417395
2023-04-19 05:00:00,6.788505361431293
2023-04-19 06:00:00,6.212046100811475
2023-04-19 07:00:00,6.435680749501145
2023-04-19 08:00:00,6.568083285874418
2023-04-19 09:00:00,7.170104942694931
2023-04-19 10:00:00,6.945776931499105
2023-04-19 11:00:00,7.205740710675948
2023-04-19 12:00:00,7.277704476431555
2023-04-19 13:00:00,7.204896765130332
2023-04-19 14:00:00,6.793480409498974
2023-04-19 15:00:00,6.875531945747842
2023-04-19 16:00:00,6.969814262442692
2023-04-19 17:00:00,6.441277898118648
2023-04-19 18:00:00,6.028451423816087
2023-04-19 19:00:00,6.144888521415143
2023-04-19 20:00:00,5.846502706262028
2023-04-19 21:00:00,6.040060022690209
2023-04-19 22:00:00,5.304829360091344
2023-04-19 23:00:00,4.8600486723594205
2023-04-20 00:00:00,5.124108575164813
2023-04-20 01:00:00,5.631040662998848
2023-04-20 02:00:00,5.225172476250297
2023-04-20 03:00:00,6.0580739253775535
2023-04-20 04:00:00,5.591755930952859
2023-04-20 05:00:00,5.721894406141341
2023-04-20 06:00:00,6.316138494882245
2023-04-20 07:00:00,6.38144495237092
2023-04-20 08:00:00,6.076518848659643
2023-04-20 09:00:00,6.218297699077844
2023-04-20 10:00:00,6.9848053737610645
2023-04-20 11:00:00,7.1175669516140125
2023-04-20 12:00:00,7.1889377056118136
2023-04-20 13:00:00,6.978277630035045
2023-04-20 14:00:00,7.0800598118122595
2023-04-20 15:00:00,6.565854003869783
2023-04-20 16:00:00,6.630908550560971
2023-04-20 17:00:00,6.532042143250249
2023-04-20 18:00:00,6.902338166375339
2023-04-20 19:00:00,7.0620119089886435
2023-04-20 20:00:00,6.86814932343832
2023-04-20 21:00:00,6.528282375631216
2023-04-20 22:00:00,6.501388097042234
2023-04-20 23:00:00,6.395099885088053
2023-04-21 00:00:00,6.271791452227443
2023-04-21 01:00:00,6.488792380878504
2023-04-21 02:00:00,6.022531396764646
2023-04-21 03:00:00,5.76123900408643
2023-04-21 04:00:00,6.301557496858552
2023-04-21 05:00:00,6.227374426288615
2023-04-21 06:00:00,6.470885398259491
2023-04-21 07:00:00,6.476482672078142
2023-04-21 08:00:00,6.941759903387375
2023-04-21 09:00:00,7.45957268899917
2023-04-21 10:00:00,6.933034320382991
2023-04-21 11:00:00,6.788448439170706
2023-04-21 12:00:00,7.0321788963750524
2023-04-21 13:00:00,6.781684863348607
2023-04-21 14:00:00,6.742433073266732
2023-04-21 15:00:00,6.893627782501162
2023-04-21 16:00:00,6.481167329110761
2023-04-21 17:00:00,6.3472025805702685
2023-04-21 18:00:00,6.3850247042512756
2023-04-21 19:00:00,6.644041030443797
2023-04-21 20:00:00,6.135384564744521
2023-04-21 21:00:00,5.681622933980375
2023-04-21 22:00:00,5.903406129632562
2023-04-21 23:00:00,5.083287719377951
2023-04-22 00:00:00,4.740209065217295
2023-04-22 01:00:00,4.848633423057948
2023-04-22 02:00:00,4.603597878162496
2023-04-22 03:00:00,4.862613198112986
2023-04-22 04:00:00,4.791441015179272
2023-04-22 05:00:00,4.940934012475769
2023-04-22 06:00:00,4.894381142319212
2023-04-22 07:00:00,5.729001746280196
2023-04-22 08:00:00,5.616143556755283
2023-04-22 09:00:00,6.097446345249
2023-04-22 10:00:00,5.962815445462231
2023-04-22 11:00:00,6.344070278227349
2023-04-22 12:00:00,6.690455781194789
2023-04-22 13:00:00,6.725522281846378
2023-04-22 14:00:00,6.387247159908901
2023-04-22 15:00:00,6.491165095176516
2023-04-22 16:00:00,6.702529993498349
2023-04-22 17:00:00,6.130398461961118
2023-04-22 18:00:00,6.463785488027047
2023-04-22 19:00:00,6.4986672152064475
2023-04-22 20:00:00,5.598994679974736
2023-04-22 21:00:00,5.862781711638047
2023-04-22 22:00:00,5.3073948597826375
2023-04-22 23:00:00,4.999635945203797
2023-04-23 00:00:00,5.118223020804239
2023-04-23 01:00:00,4.828378187102585
2023-04-23 02:00:00,4.951904924145839
2023-04-23 03:00:00,4.352312415203373
2023-04-23 04:00:00,4.489978177463958
2023-04-23 05:00:00,4.5260649761682155
2023-04-23 06:00:00,5.384692312076827
2023-04-23 07:00:00,5.550849284023109
2023-04-23 08:00:00,5.741665135101875
2023-04-23 09:00:00,6.1939522617061025
2023-04-23 10:00:00,6.26579474441375
2023-04-23 11:00:00,5.900437155490814
2023-04-23 12:00:00,6.147114344589122
2023-04-23 13:00:00,6.257902354418975
2023-04-23 14:00:00,6.3293883492910314
2023-04-23 15:00:00,6.374729465323715
2023-04-23 16:00:00,6.32030582300962
2023-04-23 17:00:00,6.27861035353105
2023-04-23 18:00:00,6.251010892364719
2023-04-23 19:00:00,5.284476702402781
2023-04-23 20:00:00,5.43971307362138
2023-04-23 21:00:00,5.364447007709251
2023-04-23 22:00:00,5.35319381747522
2023-04-23 23:00:00,5.79806333217861
2023-04-24 00:00:00,5.929143701375966
2023-04-24 01:00:00,5.6274640479939855
2023-04-24 02:00:00,5.716111180617617
2023-04-24 03:00:00,5.670671418287593
2023-04-24 04:00:00,5.8657217744813686
2023-04-24 05:00:00,5.976627453160332
2023-04-24 06:00:00,6.313870686752496
2023-04-24 07:00:00,6.525867818084648
2023-04-24 08:00:00,6.418576961764396
2023-04-24 09:00:00,6.557969021631528
2023-04-24 10:00:00,6.417410184860953
2023-04-24 11:00:00,6.395183032909994
2023-04-24 12:00:00,6.515493907920392
2023-04-24 13:00:00,6.219846140448985
2023-04-24 14:00:00,6.088909737233436
2023-04-24 15:00:00,6.306137774965465
2023-04-24 16:00:00,6.8787376112288925
2023-04-24 17:00:00,6.427541148901139
2023-04-24 18:00:00,6.139086705262787
2023-04-24 19:00:00,5.7049889538889635
2023-04-24 20:00:00,6.079578683341916
2023-04-24 21:00:00,5.793667306078263
2023-04-24 22:00:00,5.931014529952835
2023-04-24 23:00:00,5.818351269953601
2023-04-25 00:00:00,5.400732652939786
2023-04-25 01:00:00,5.358252252901691
2023-04-25 02:00:00,6.279217113908181
2023-04-25 03:00:00,6.395039750690363
2023-04-25 04:00:00,6.197734277953634
2023-04-25 05:00:00,6.471197102474998
2023-04-25 06:00:00,6.2307137043482985
2023-04-25 07:00:00,5.770175602303252
2023-04-25 08:00:00,6.353651407624838
2023-04-25 09:00:00,6.695498492365226
2023-04-25 10:00:00,7.316356239477958
2023-04-25 11:00:00,7.080160581119688
2023-04-25 12:00:00,6.86703941253792
2023-04-25 13:00:00,7.272627186400249
2023-04-25 14:00:00,7.288761925252134
2023-04-25 15:00:00,7.28369875302143
2023-04-25 16:00:00,6.534797104052457
2023-04-25 17:00:00,6.620962500280784
2023-04-25 18:00:00,6.774724891442167
2023-04-25 19:00:00,6.384532504166651
2023-04-25 20:00:00,6.302919678468611
2023-04-25 21:00:00,6.497874124666674
2023-04-25 22:00:00,6.553745200454143
2023-04-25 23:00:00,6.789880208162448
2023-04-26 00:00:00,6.310415090495788
2023-04-26 01:00:00,5.780110110032738
2023-04-26 02:00:00,5.830445005377913
2023-04-26 03:00:00,5.857626605443849
2023-04-26 04:00:00,6.047651376746812
2023-04-26 05:00:00,5.95425522837122
2023-04-26 06:00:00,5.640458726799407
2023-04-26 07:00:00,6.117807920764972
2023-04-26 08:00:00,6.326811834960313
2023-04-26 09:00:00,6.7126874354204835
2023-04-26 10:00:00,7.072945173547054
2023-04-26 11:00:00,7.117839911438942
2023-04-26 12:00:00,7.3529119922259305
2023-04-26 13:00:00,7.198822878256394
2023-04-26 14:00:00,6.857671395898604
2023-04-26 15:00:00,7.900840925866458
2023-04-26 16:00:00,7.649832150107031
2023-04-26 17:00:00,7.203709383295218
2023-04-26 18:00:00,7.209319989652766
2023-04-26 19:00:00,7.135450225410103
2023-04-26 20:00:00,7.408753978094693
2023-04-26 21:00:00,6.944133482625298
2023-04-26 22:00:00,6.969782163823439
2023-04-26 23:00:00,7.080841293662788
2023-04-27 00:00:00,6.936391916037936
2023-04-27 01:00:00,6.805941624784313
2023-04-27 02:00:00,6.752340118800966
2023-04-27 03:00:00,6.7141462874006175
2023-04-27 04:00:00,6.329278386575665
2023-04-27 05:00:00,6.462815663641332
2023-04-27 06:00:00,7.0009682305545065
2023-04-27 07:00:00,6.762340492652307
2023-04-27 08:00:00,29.04774044454752
2023-04-27 09:00:00,29.62353272267419
2023-04-27 10:00:00,29.984484880811348
2023-04-27 11:00:00,31.506085994038575
2023-04-27 12:00:00,38.41242026530964
2023-04-27 13:00:00,44.009184045009654
2023-04-27 14:00:00,52.13067696341074
2023-04-27 15:00:00,54.87151774740229
2023-04-27 16:00:00,54.030552792809225
2023-04-27 17:00:00,57.85499769826758
2023-04-27 18:00:00,57.88740659183488
2023-04-27 19:00:00,53.6877000897508
2023-04-27 20:00:00,6.426687924147036
2023-04-27 21:00:00,6.480025480542991
2023-04-27 22:00:00,6.748055623511729
2023-04-27 23:00:00,6.122414944185719
2023-04-28 00:00:00,6.144931542292608
2023-04-28 01:00:00,5.83706647221313
2023-04-28 02:00:00,5.573794002212487
2023-04-28 03:00:00,5.612090177077257
2023-04-28 04:00:00,5.378287512486801
2023-04-28 05:00:00,5.892247918802984
2023-04-28 06:00:00,5.612034580454829
2023-04-28 07:00:00,5.702349572000984
2023-04-28 08:00:00,27.741490636982014
2023-04-28 09:00:00,28.277772324113926
2023-04-28 10:00:00,28.478619463553756
2023-04-28 11:00:00,31.78966053203976
2023-04-28 12:00:00,38.322329665998424
2023-04-28 13:00:00,44.82875612054888
2023-04-28 14:00:00,56.01403192782803
2023-04-28 15:00:00,58.082858969571284
2023-04-28 16:00:00,60.14672659766135
2023-04-28 17:00:00,58.982800792559786
2023-04-28 18:00:00,55.56696142024753
2023-04-28 19:00:00,51.62064533150748
2023-04-28 20:00:00,6.732626143530969
2023-04-28 21:00:00,7.654442280816119
2023-04-28 22:00:00,6.812152759841291
2023-04-28 23:00:00,6.907521123719344
2023-04-29 00:00:00,6.4463005601099725
2023-04-29 01:00:00,5.870150662083354
2023-04-29 02:00:00,6.207874075699781
2023-04-29 03:00:00,5.824303299751075
2023-04-29 04:00:00,5.938853822621462
2023-04-29 05:00:00,5.993962547320358
2023-04-29 06:00:00,6.656494461067476
2023-04-29 07:00:00,6.535832617189396
2023-04-29 08:00:00,6.546335306751656
2023-04-29 09:00:00,6.8433190183371
2023-04-29 10:00:00,6.8341333018032415
2023-04-29 11:00:00,7.077878129836908
2023-04-29 12:00:00,6.883280110449518
2023-04-29 13:00:00,6.471204409968589
2023-04-29 14:00:00,6.438500266774861
2023-04-29 15:00:00,6.161687618598966
2023-04-29 16:00:00,6.563373253895551
2023-04-29 17:00:00,6.733264957889709
2023-04-29 18:00:00,6.273320486458976
2023-04-29 19:00:00,6.647392327479361
2023-04-29 20:00:00,7.140049857306785
2023-04-29 21:00:00,6.575684464005734
2023-04-29 22:00:00,6.392216594812138
2023-04-29 23:00:00,6.5922285699132885
2023-04-30 00:00:00,6.5655873274639855
2023-04-30 01:00:00,6.35274891456719
2023-04-30 02:00:00,6.065723718901082
2023-04-30 03:00:00,5.868572942661686
2023-04-30 04:00:00,5.509071261961204
2023-04-30 05:00:00,5.710568429766007
2023-04-30 06:00:00,5.402731895851987
2023-04-30 07:00:00,6.658357233083412
2023-04-30 08:00:00,6.396326046512792
2023-04-30 09:00:00,5.835278552765017
2023-04-30 10:00:00,6.171967193954834
2023-04-30 11:00:00,6.636776666717468
2023-04-30 12:00:00,6.528006879856028
2023-04-30 13:00:00,6.5589785799735765
2023-04-30 14:00:00,6.235889168508532
2023-04-30 15:00:00,6.096362352720851
2023-04-30 16:00:00,5.638928365143394
2023-04-30 17:00:00,5.383460797871269
2023-04-30 18:00:00,5.560337782708868
2023-04-30 19:00:00,4.926456538053467
2023-04-30 20:00:00,4.467398508783231
2023-04-30 21:00:00,4.113873400058792
2023-04-30 22:00:00,4.33365038743127
2023-04-30 23:00:00,4.411883771136003
2023-05-01 00:00:00,5.089128445270392
2023-05-01 01:00:00,5.602192122374932
2023-05-01 02:00:00,5.432706518309236
2023-05-01 03:00:00,5.468395913321362
2023-05-01 04:00:00,5.792481822237264
2023-05-01 05:00:00,6.173149926349973
2023-05-01 06:00:00,6.316694601467981
2023-05-01 07:00:00,6.250931281452144
2023-05-01 08:00:00,6.2158677020839255
2023-05-01 09:00:00,6.393668410687808
2023-05-01 10:00:00,6.1581951304527065
2023-05-01 11:00:00,6.637440330531733
2023-05-01 12:00:00,6.550544679485589
2023-05-01 13:00:00,6.406272906345857
2023-05-01 14:00:00,6.268770567362389
2023-05-01 15:00:00,6.148499882577775
2023-05-01 16:00:00,6.388906909154634
2023-05-01 17:00:00,6.406285548006123
2023-05-01 18:00:00,6.136153732224457
2023-05-01 19:00:00,6.254056109040234
2023-05-01 20:00:00,5.881140249372551
2023-05-01 21:00:00,5.507789059398383
2023-05-01 22:00:00,5.784890663338115
2023-05-01 23:00:00,5.972345035045161
2023-05-02 00:00:00,5.339907233497384
2023-05-02 01:00:00,5.500856757840447
2023-05-02 02:00:00,5.895453572182349
2023-05-02 03:00:00,5.865781241059275
2023-05-02 04:00:00,5.8227923242747766
2023-05-02 05:00:00,5.854148198093598
2023-05-02 06:00:00,5.84851039919126
2023-05-02 07:00:00,6.605970100041272
2023-05-02 08:00:00,6.844899915874134
2023-05-02 09:00:00,6.31235734945133
2023-05-02 10:00:00,6.307277638208813
2023-05-02 11:00:00,6.91706317752248
2023-05-02 12:00:00,7.365380957494704
2023-05-02 13:00:00,7.817425432311124
2023-05-02 14:00:00,7.33156240797596
2023-05-02 15:00:00,7.748695661953457
2023-05-02 16:00:00,7.337555531186577
2023-05-02 17:00:00,7.237325234469498
2023-05-02 18:00:00,6.597179941616664
2023-05-02 19:00:00,6.521823181384395
2023-05-02 20:00:00,5.946013849038791
2023-05-02 21:00:00,6.280859925459531
2023-05-02 22:00:00,6.380186575040371
2023-05-02 23:00:00,6.467597606732255
2023-05-03 00:00:00,6.27461392393353
2023-05-03 01:00:00,5.966647854381719
2023-05-03 02:00:00,5.911240048702438
2023-05-03 03:00:00,6.052412198649918
2023-05-03 04:00:00,6.464694708023671
2023-05-03 05:00:00,6.8779349484504415
2023-05-03 06:00:00,6.335407322485643
2023-05-03 07:00:00,5.712687998864779
2023-05-03 08:00:00,30.576995915434743
2023-05-03 09:00:00,30.02198987400311
2023-05-03 10:00:00,32.01917178560309
2023-05-03 11:00:00,31.08186522532658
2023-05-03 12:00:00,34.03892604575731
2023-05-03 13:00:00,39.182333802243164
2023-05-03 14:00:00,45.16287766209976
2023-05-03 15:00:00,48.91216773945456
2023-05-03 16:00:00,48.931749838124
2023-05-03 17:00:00,49.4109649334905
2023-05-03 18:00:00,48.66407158703668
2023-05-03 19:00:00,47.70453785315766
2023-05-03 20:00:00,7.154068786621309
2023-05-03 21:00:00,7.1361776959983905
2023-05-03 22:00:00,6.700027050688357
2023-05-03 23:00:00,6.548804626608163
2023-05-04 00:00:00,6.91409940569556
2023-05-04 01:00:00,5.855745742083941
2023-05-04 02:00:00,5.391100805907867
2023-05-04 03:00:00,5.0626320475019115
2023-05-04 04:00:00,5.305588127746282
2023-05-04 05:00:00,5.847413026591697
2023-05-04 06:00:00,5.457601172483879
2023-05-04 07:00:00,6.416603785076667
2023-05-04 08:00:00,31.683240681022063
2023-05-04 09:00:00,29.80747706756379
2023-05-04 10:00:00,28.32567814200712
2023-05-04 11:00:00,29.238772274201647
2023-05-04 12:00:00,28.897504128315752
2023-05-04 13:00:00,28.841070456299786
2023-05-04 14:00:00,34.43242567336761
2023-05-04 15:00:00,34.84445907763427
2023-05-04 16:00:00,37.185804106874656
2023-05-04 17:00:00,35.26230374493284
2023-05-04 18:00:00,34.825547352275144
2023-05-04 19:00:00,34.64005001924914
2023-05-04 20:00:00,6.608763340394568
2023-05-04 21:00:00,6.406066724072498
2023-05-04 22:00:00,6.535648930527762
2023-05-04 23:00:00,6.693093916569083
2023-05-05 00:00:00,6.153856924422191
2023-05-05 01:00:00,6.135146715407948
2023-05-05 02:00:00,6.067425588497312
2023-05-05 03:00:00,6.454841668051227
2023-05-05 04:00:00,6.630187980396797
2023-05-05 05:00:00,6.929279955089994
2023-05-05 06:00:00,6.796628769130261
2023-05-05 07:00:00,6.931373046220611
2023-05-05 08:00:00,6.3255609957680194
2023-05-05 09:00:00,6.614973545386838
2023-05-05 10:00:00,6.482436774081384
2023-05-05 11:00:00,6.9386523094064145
2023-05-05 12:00:00,7.280977631992743
2023-05-05 13:00:00,7.420760731946534
2023-05-05 14:00:00,7.685967186495047
2023-05-05 15:00:00,8.013316667555776
2023-05-05 16:00:00,7.845670090533985
2023-05-05 17:00:00,8.11040241908913
2023-05-05 18:00:00,8.021313432547393
2023-05-05 19:00:00,7.45738684167937
2023-05-05 20:00:00,7.025168197800863
2023-05-05 21:00:00,7.202868768954129
2023-05-05 22:00:00,7.355388855813545
2023-05-05 23:00:00,7.262145467070471
2023-05-06 00:00:00,6.893726763825017
2023-05-06 01:00:00,6.6411080658358985
2023-05-06 02:00:00,7.032063208168837
2023-05-06 03:00:00,6.430875694869379
2023-05-06 04:00:00,6.347782005073651
2023-05-06 05:00:00,6.095055504327598
2023-05-06 06:00:00,5.804835463153955
2023-05-06 07:00:00,6.2695306024950455
2023-05-06 08:00:00,6.054921646206764
2023-05-06 09:00:00,6.420256095087705
2023-05-06 10:00:00,7.044155699938984
2023-05-06 11:00:00,7.132307014232769
2023-05-06 12:00:00,6.761459983145399
2023-05-06 13:00:00,6.775863694236056
2023-05-06 14:00:00,6.938106870883249
2023-05-06 15:00:00,6.66257468229071
2023-05-06 16:00:00,6.660195212755959
2023-05-06 17:00:00,6.727839982858012
2023-05-06 18:00:00,6.711618810782673
2023-05-06 19:00:00,6.226599324347373
2023-05-06 20:00:00,5.822152138611253
2023-05-06 21:00:00,5.674952228490438
2023-05-06 22:00:00,6.0105307651700395
2023-05-06 23:00:00,5.6524753514078805
2023-05-07 00:00:00,5.4430726968288266
2023-05-07 01:00:00,5.528940748132026
2023-05-07 02:00:00,5.394518527821038
2023-05-07 03:00:00,5.531588583979876
2023-05-07 04:00:00,5.239300475150536
2023-05-07 05:00:00,5.203238684409501
2023-05-07 06:00:00,5.331504774351327
2023-05-07 07:00:00,5.431349883147883
2023-05-07 08:00:00,5.4468440884535685
2023-05-07 09:00:00,5.654943898858858
2023-05-07 10:00:00,5.925572816439346
2023-05-07 11:00:00,6.4429581213755265
2023-05-07 12:00:00,6.601956741368341
2023-05-07 13:00:00,6.405919657627818
2023-05-07 14:00:00,6.156728239937145
2023-05-07 15:00:00,6.245936117853139
2023-05-07 16:00:00,6.46327706767559
2023-05-07 17:00:00,6.188590178872373
2023-05-07 18:00:00,5.930914218623998
2023-05-07 19:00:00,5.771934769788335
2023-05-07 20:00:00,5.819025860974065
2023-05-07 21:00:00,5.5981124749675555
2023-05-07 22:00:00,5.673096854558236
2023-05-07 23:00:00,5.466531333024203
2023-05-08 00:00:00,6.445906713892394
2023-05-08 01:00:00,6.633312712565995
2023-05-08 02:00:00,7.189124633647924
2023-05-08 03:00:00,6.447521195893782
2023-05-08 04:00:00,6.319058014850847
2023-05-08 05:00:00,6.717851754630095
2023-05-08 06:00:00,6.275000338611718
2023-05-08 07:00:00,6.04304405409497
2023-05-08 08:00:00,29.181940843134456
2023-05-08 09:00:00,28.962480891530753
2023-05-08 10:00:00,28.90242438912266
2023-05-08 11:00:00,29.46418265841487
2023-05-08 12:00:00,31.989972432928326
2023-05-08 13:00:00,37.39524604769908
2023-05-08 14:00:00,44.81407138144199
2023-05-08 15:00:00,46.77495498417939
2023-05-08 16:00:00,48.79021485094268
2023-05-08 17:00:00,51.784828427191
2023-05-08 18:00:00,49.437291393795874
2023-05-08 19:00:00,47.64606424016179
2023-05-08 20:00:00,7.357233235920197
2023-05-08 21:00:00,7.027692650979285
2023-05-08 22:00:00,7.030373694660707
2023-05-08 23:00:00,6.522941294921159
2023-05-09 00:00:00,6.426870313963808
2023-05-09 01:00:00,6.433291573906119
2023-05-09 02:00:00,6.65883015761984
2023-05-09 03:00:00,6.420340342120038
2023-05-09 04:00:00,6.190616175905824
2023-05-09 05:00:00,6.0553224900824105
2023-05-09 06:00:00,5.599045287844502
2023-05-09 07:00:00,6.1589374144406195
2023-05-09 08:00:00,26.066791912102527
2023-05-09 09:00:00,26.307579909327092
2023-05-09 10:00:00,25.94347379044795
2023-05-09 11:00:00,28.00945408390588
2023-05-09 12:00:00,32.626121764615895
2023-05-09 13:00:00,35.75985441743712
2023-05-09 14:00:00,36.68132245805076
2023-05-09 15:00:00,36.70831940111598
2023-05-09 16:00:00,37.66963405307034
2023-05-09 17:00:00,36.68249763015587
2023-05-09 18:00:00,35.402466799255556
2023-05-09 19:00:00,31.626761518330774
2023-05-09 20:00:00,6.377437248328145
2023-05-09 21:00:00,6.2367648670803835
2023-05-09 22:00:00,6.468368987344057
2023-05-09 23:00:00,6.169145444501943
2023-05-10 00:00:00,6.579243032867052
2023-05-10 01:00:00,6.207071857914845
2023-05-10 02:00:00,6.679728292616207
2023-05-10 03:00:00,6.787657119193475
2023-05-10 04:00:00,6.214550756626915
2023-05-10 05:00:00,6.418806520144477
2023-05-10 06:00:00,6.637871250931391
2023-05-10 07:00:00,7.066061448390651
2023-05-10 08:00:00,32.17089017913352
2023-05-10 09:00:00,32.67595795103937
2023-05-10 10:00:00,32.196516361432884
2023-05-10 11:00:00,32.47861132903357
2023-05-10 12:00:00,31.09046438730938
2023-05-10 13:00:00,33.473392452805726
2023-05-10 14:00:00,34.959717688655644
2023-05-10 15:00:00,35.20023341581196
2023-05-10 16:00:00,35.291436685163546
2023-05-10 17:00:00,35.047735788536244
2023-05-10 18:00:00,36.34736404786147
2023-05-10 19:00:00,34.54351463589781
2023-05-10 20:00:00,6.849433469667373
2023-05-10 21:00:00,6.657242058019797
2023-05-10 22:00:00,6.4623119384672965
2023-05-10 23:00:00,6.090647700753066
2023-05-11 00:00:00,6.077821170275293
2023-05-11 01:00:00,5.862253908739232
2023-05-11 02:00:00,6.430101951105623
2023-05-11 03:00:00,6.704914237852393
2023-05-11 04:00:00,6.637738408221116
2023-05-11 05:00:00,6.771940320335838
2023-05-11 06:00:00,6.6660062549582095
2023-05-11 07:00:00,6.662125107923253
2023-05-11 08:00:00,6.677235205639804
2023-05-11 09:00:00,7.152012702946985
2023-05-11 10:00:00,7.01418839588722
2023-05-11 11:00:00,6.867966719769926
2023-05-11 12:00:00,7.1539945701495835
2023-05-11 13:00:00,7.024362584513326
2023-05-11 14:00:00,6.602433466752023
2023-05-11 15:00:00,6.403572163610895
2023-05-11 16:00:00,6.679350140992993
2023-05-11 17:00:00,6.968120636491783
2023-05-11 18:00:00,7.148253529641758
2023-05-11 19:00:00,7.221402953956879
2023-05-11 20:00:00,7.26176981537002
2023-05-11 21:00:00,7.698148757255878
2023-05-11 22:00:00,7.7398322857691575
2023-05-11 23:00:00,7.300593376909831
2023-05-12 00:00:00,6.961657885612718
2023-05-12 01:00:00,7.023263517880643
2023-05-12 02:00:00,6.989415771684464
2023-05-12 03:00:00,6.651848539349119
2023-05-12 04:00:00,7.278450478655734
2023-05-12 05:00:00,7.273345502002519
2023-05-12 06:00:00,7.103942757698848
2023-05-12 07:00:00,7.086779018964576
2023-05-12 08:00:00,6.920693958873469
2023-05-12 09:00:00,7.166052230873736
2023-05-12 10:00:00,7.128189340767824
2023-05-12 11:00:00,6.9462584847732725
2023-05-12 12:00:00,7.577170296675051
2023-05-12 13:00:00,7.511349958163526
2023-05-12 14:00:00,6.9876722483291065
2023-05-12 15:00:00,6.8891911660515674
2023-05-12 16:00:00,6.8343096844937925
2023-05-12 17:00:00,6.756739879735639
2023-05-12 18:00:00,6.967895208059315
2023-05-12 19:00:00,7.007865449431864
2023-05-12 20:00:00,6.623461376119416
2023-05-12 21:00:00,6.968293125118319
2023-05-12 22:00:00,6.237677094914384
2023-05-12 23:00:00,5.973265612591252
2023-05-13 00:00:00,5.168997744164641
2023-05-13 01:00:00,4.781781757226964
2023-05-13 02:00:00,5.341350650274658
2023-05-13 03:00:00,5.347464991194511
2023-05-13 04:00:00,5.655659089152844
2023-05-13 05:00:00,5.71478464554532
2023-05-13 06:00:00,5.906987630094665
2023-05-13 07:00:00,5.412743772641396
2023-05-13 08:00:00,5.93737140094516
2023-05-13 09:00:00,6.274939015366245
2023-05-13 10:00:00,6.412694361233631
2023-05-13 11:00:00,6.766767479137451
2023-05-13 12:00:00,6.427144447149084
2023-05-13 13:00:00,6.05173686410721
2023-05-13 14:00:00,6.122478442697594
2023-05-13 15:00:00,5.999100791953093
2023-05-13 16:00:00,6.182966436952519
2023-05-13 17:00:00,5.773522911851834
2023-05-13 18:00:00,5.719453044174091
2023-05-13 19:00:00,5.272192525071565
2023-05-13 20:00:00,5.054890977427254
2023-05-13 21:00:00,4.871030330125194
2023-05-13 22:00:00,4.309814042531009
2023-05-13 23:00:00,4.350746903086189
2023-05-14 00:00:00,4.425441437465597
2023-05-14 01:00:00,4.118868597347314
2023-05-14 02:00:00,4.326205253550607
2023-05-14 03:00:00,4.4222995499373985
2023-05-14 04:00:00,4.471243755330946
2023-05-14 05:00:00,4.500019679004112
2023-05-14 06:00:00,5.442578199291239
2023-05-14 07:00:00,5.097193841242774
2023-05-14 08:00:00,5.016736698771856
2023-05-14 09:00:00,5.373232266825099
2023-05-14 10:00:00,5.8380653280491
2023-05-14 11:00:00,5.994490519524408
2023-05-14 12:00:00,6.112686142714783
2023-05-14 13:00:00,6.237584961525616
2023-05-14 14:00:00,6.428073231377997
2023-05-14 15:00:00,6.489129514959
2023-05-14 16:00:00,6.601493050239048
2023-05-14 17:00:00,6.386543141281103
2023-05-14 18:00:00,6.306946795493639
2023-05-14 19:00:00,6.1935352487115605
2023-05-14 20:00:00,6.265363186538767
2023-05-14 21:00:00,5.975812862481971
2023-05-14 22:00:00,5.976361802407774
2023-05-14 23:00:00,5.852328606486938
2023-05-15 00:00:00,6.024637442564882
2023-05-15 01:00:00,6.422184722254584
2023-05-15 02:00:00,6.556483213405672
2023-05-15 03:00:00,6.7389914990129896
2023-05-15 04:00:00,7.4413046414526605
2023-05-15 05:00:00,7.491494601735556
2023-05-15 06:00:00,6.626530767326679
2023-05-15 07:00:00,6.405190855113685
2023-05-15 08:00:00,6.493123368306171
2023-05-15 09:00:00,6.454658020991621
2023-05-15 10:00:00,6.408915009539795
2023-05-15 11:00:00,6.260502329534536
2023-05-15 12:00:00,6.529154994675614
2023-05-15 13:00:00,6.332437980299035
2023-05-15 14:00:00,6.303604048395212
2023-05-15 15:00:00,6.568814084714483
2023-05-15 16:00:00,6.5532385357231435
2023-05-15 17:00:00,6.558191963991094
2023-05-15 18:00:00,6.360729726437541
2023-05-15 19:00:00,6.5249770071507935
2023-05-15 20:00:00,6.627141148908362
2023-05-15 21:00:00,6.829243996927757
2023-05-15 22:00:00,6.653711603612974
2023-05-15 23:00:00,6.154003400468637
2023-05-16 00:00:00,6.507345322854257
2023-05-16 01:00:00,6.259693073809961
2023-05-16 02:00:00,6.092097230325059
2023-05-16 03:00:00,6.12041774172436
2023-05-16 04:00:00,6.485671141399841
2023-05-16 05:00:00,6.4519923434498105
2023-05-16 06:00:00,6.174822674737288
2023-05-16 07:00:00,6.277236211791665
2023-05-16 08:00:00,6.3806843414383865
2023-05-16 09:00:00,6.790866191140246
2023-05-16 10:00:00,6.995494978173359
2023-05-16 11:00:00,7.068475231792198
2023-05-16 12:00:00,6.671170930438363
2023-05-16 13:00:00,6.590965571840003
2023-05-16 14:00:00,6.724971994132274
2023-05-16 15:00:00,6.939955746924371
2023-05-16 16:00:00,6.795452326817698
2023-05-16 17:00:00,6.821366551913839
2023-05-16 18:00:00,6.740095986292825
2023-05-16 19:00:00,6.3851531846570655
2023-05-16 20:00:00,6.498023862166123
2023-05-16 21:00:00,6.077064435994687
2023-05-16 22:00:00,6.199307077212937
2023-05-16 23:00:00,6.579161999584031
2023-05-17 00:00:00,6.271605928481371
2023-05-17 01:00:00,6.375725257181529
2023-05-17 02:00:00,5.469822676518198
2023-05-17 03:00:00,5.99750162416933
2023-05-17 04:00:00,5.396870311225839
2023-05-17 05:00:00,5.406862523728848
2023-05-17 06:00:00,6.037548147420046
2023-05-17 07:00:00,6.059929581289394
2023-05-17 08:00:00,6.119233084339084
2023-05-17 09:00:00,6.192539456363665
2023-05-17 10:00:00,5.4377050945291465
2023-05-17 11:00:00,5.8739557075841
2023-05-17 12:00:00,6.014046261049764
2023-05-17 13:00:00,5.814664565165644
2023-05-17 14:00:00,5.26616127232933
2023-05-17 15:00:00,5.619996825222437
2023-05-17 16:00:00,6.014417383731106
2023-05-17 17:00:00,6.3790909842660595
2023-05-17 18:00:00,6.158655160255871
2023-05-17 19:00:00,6.445548345091764
2023-05-17 20:00:00,5.945431993323288
2023-05-17 21:00:00,6.274047886671911
2023-05-17 22:00:00,5.820764416881985
2023-05-17 23:00:00,6.1427787783930325
2023-05-18 00:00:00,6.056643462583881
2023-05-18 01:00:00,5.648268164854721
2023-05-18 02:00:00,5.405148649834782
2023-05-18 03:00:00,5.736019579633206
2023-05-18 04:00:00,6.057191944958623
2023-05-18 05:00:00,6.153293068062288
2023-05-18 06:00:00,5.4184030780101935
2023-05-18 07:00:00,6.159173664677521
2023-05-18 08:00:00,6.523253272995324
2023-05-18 09:00:00,6.4465396122651475
2023-05-18 10:00:00,6.394465725385333
2023-05-18 11:00:00,6.558314706219636
2023-05-18 12:00:00,6.891266983494185
2023-05-18 13:00:00,7.185875181790967
2023-05-18 14:00:00,7.733256215879383
2023-05-18 15:00:00,7.702426495539057
2023-05-18 16:00:00,8.21129417151244
2023-05-18 17:00:00,8.426108741880242
2023-05-18 18:00:00,7.907543396737417
2023-05-18 19:00:00,7.982631601324932
2023-05-18 20:00:00,7.459154193860906
2023-05-18 21:00:00,7.537503171878035
2023-05-18 22:00:00,6.798200117296261
2023-05-18 23:00:00,6.586673908088216
2023-05-19 00:00:00,6.636259193913119
2023-05-19 01:00:00,6.719465538410555
2023-05-19 02:00:00,6.963229322158575
2023-05-19 03:00:00,7.331953284330754
2023-05-19 04:00:00,7.103352618120765
2023-05-19 05:00:00,6.73270223198109
2023-05-19 06:00:00,6.878727262608674
2023-05-19 07:00:00,7.464744916358963
2023-05-19 08:00:00,6.7803528406053
2023-05-19 09:00:00,6.719089183720559
2023-05-19 10:00:00,6.862174431181647
2023-05-19 11:00:00,6.982468857274637
2023-05-19 12:00:00,7.343404964144158
2023-05-19 13:00:00,7.422953615988159
2023-05-19 14:00:00,7.665804955183896
2023-05-19 15:00:00,7.4257770987258835
2023-05-19 16:00:00,7.016686369820727
2023-05-19 17:00:00,6.792316376550255
2023-05-19 18:00:00,6.952218797416221
2023-05-19 19:00:00,6.795456685315724
2023-05-19 20:00:00,6.0893915375360566
2023-05-19 21:00:00,5.922267678949051
2023-05-19 22:00:00,5.998646842649647
2023-05-19 23:00:00,6.021733150059151
2023-05-20 00:00:00,5.101256734019062
2023-05-20 01:00:00,5.347182662456826
2023-05-20 02:00:00,5.212197074624765
2023-05-20 03:00:00,4.601812835088552
2023-05-20 04:00:00,4.748342851812951
2023-05-20 05:00:00,5.079874595897778
2023-05-20 06:00:00,5.446768958567124
2023-05-20 07:00:00,5.966396180388807
2023-05-20 08:00:00,5.667849843116927
2023-05-20 09:00:00,5.81550477282986
2023-05-20 10:00:00,5.741968689685774
2023-05-20 11:00:00,6.066737544291094
2023-05-20 12:00:00,6.482655755922427
2023-05-20 13:00:00,6.394820005061533
2023-05-20 14:00:00,6.325397392016583
2023-05-20 15:00:00,6.064930513615881
2023-05-20 16:00:00,6.480094620199245
2023-05-20 17:00:00,6.058365085318287
2023-05-20 18:00:00,6.009490795337816
2023-05-20 19:00:00,5.09195582788763
2023-05-20 20:00:00,4.771448135969555
2023-05-20 21:00:00,4.829313309933917
2023-05-20 22:00:00,4.7295609398515515
2023-05-20 23:00:00,4.730813770228659
2023-05-21 00:00:00,4.7634565269060465
2023-05-21 01:00:00,4.215760807026278
2023-05-21 02:00:00,4.417266843737795
2023-05-21 03:00:00,4.331904350909966
2023-05-21 04:00:00,4.49877298974699
2023-05-21 05:00:00,4.3968748888497196
2023-05-21 06:00:00,4.859546006263444
2023-05-21 07:00:00,4.755237729117228
2023-05-21 08:00:00,5.025874619232929
2023-05-21 09:00:00,5.257675698826162
2023-05-21 10:00:00,5.318366542728278
2023-05-21 11:00:00,5.059418777833577
2023-05-21 12:00:00,4.956101463228703
2023-05-21 13:00:00,4.875091886202801
2023-05-21 14:00:00,5.074223741978963
2023-05-21 15:00:00,4.932177020997395
2023-05-21 16:00:00,5.30686042165343
2023-05-21 17:00:00,5.340490364811658
2023-05-21 18:00:00,4.989976159458056
2023-05-21 19:00:00,4.662333828860859
2023-05-21 20:00:00,5.109077369405382
2023-05-21 21:00:00,5.104190612096456
2023-05-21 22:00:00,5.381331653847414
2023-05-21 23:00:00,5.413205223087507
2023-05-22 00:00:00,5.537508052273518
2023-05-22 01:00:00,6.001285592993104
2023-05-22 02:00:00,5.833299570341769
2023-05-22 03:00:00,5.405859478640576
2023-05-22 04:00:00,5.452328595906172
2023-05-22 05:00:00,5.363310179945902
2023-05-22 06:00:00,5.224420575917824
2023-05-22 07:00:00,4.95131502018178
2023-05-22 08:00:00,5.075949273150472
2023-05-22 09:00:00,4.99500486327583
2023-05-22 10:00:00,5.175773092513883
2023-05-22 11:00:00,5.9932748209227
2023-05-22 12:00:00,5.691946423626137
2023-05-22 13:00:00,5.695993839949075
2023-05-22 14:00:00,5.289148167723735
2023-05-22 15:00:00,5.571965701182873
2023-05-22 16:00:00,5.455377845819261
2023-05-22 17:00:00,5.923534511859807
2023-05-22 18:00:00,5.633725212991978
2023-05-22 19:00:00,5.897823691034253
2023-05-22 20:00:00,5.372341209845082
2023-05-22 21:00:00,5.115605142837114
2023-05-22 22:00:00,5.399699933316232
2023-05-22 23:00:00,5.848774695749724
2023-05-23 00:00:00,5.785797480184496
2023-05-23 01:00:00,5.854945774986905
2023-05-23 02:00:00,5.4539328672963405
2023-05-23 03:00:00,4.647221854316842
2023-05-23 04:00:00,5.07968969820876
2023-05-23 05:00:00,5.009360213507445
2023-05-23 06:00:00,4.896977044657641
2023-05-23 07:00:00,5.3213989575438285
2023-05-23 08:00:00,5.439192485348428
2023-05-23 09:00:00,5.766493301324517
2023-05-23 10:00:00,6.33423058656057
2023-05-23 11:00:00,6.710484028683053
2023-05-23 12:00:00,6.359727875599898
2023-05-23 13:00:00,6.44971960939948
2023-05-23 14:00:00,7.056658755535345
2023-05-23 15:00:00,6.650905210903437
2023-05-23 16:00:00,7.592647581292647
2023-05-23 17:00:00,7.429143642610518
2023-05-23 18:00:00,7.329592565106791
2023-05-23 19:00:00,7.098727670636165
2023-05-23 20:00:00,7.607631673794656
2023-05-23 21:00:00,7.32375870827306
2023-05-23 22:00:00,7.091308512834504
2023-05-23 23:00:00,7.157315321610688
2023-05-24 00:00:00,6.723794628270645
2023-05-24 01:00:00,6.875656490582304
2023-05-24 02:00:00,6.683607926516909
2023-05-24 03:00:00,6.425178882875743
2023-05-24 04:00:00,6.3730808449495395
2023-05-24 05:00:00,6.290661424278758
2023-05-24 06:00:00,6.356228762538881
2023-05-24 07:00:00,6.6807237352947535
2023-05-24 08:00:00,7.4497885316169485
2023-05-24 09:00:00,7.467073672847831
2023-05-24 10:00:00,7.747652604167934
2023-05-24 11:00:00,7.110754147858837
2023-05-24 12:00:00,7.6087249275840545
2023-05-24 13:00:00,7.711860502049738
2023-05-24 14:00:00,7.322945286942272
2023-05-24 15:00:00,7.509607226664996
2023-05-24 16:00:00,7.161890847439694
2023-05-24 17:00:00,7.020935732515492
2023-05-24 18:00:00,6.361979684119537
2023-05-24 19:00:00,6.618464891270236
2023-05-24 20:00:00,6.916201080866915
2023-05-24 21:00:00,7.092628455427861
2023-05-24 22:00:00,7.147904785101544
2023-05-24 23:00:00,6.793142619642365
2023-05-25 00:00:00,6.717971681921459
2023-05-25 01:00:00,6.429606298202966
2023-05-25 02:00:00,6.244661540599871
2023-05-25 03:00:00,6.338960516486467
2023-05-25 04:00:00,6.528048842797623
2023-05-25 05:00:00,6.339554148262068
2023-05-25 06:00:00,5.9465595934514734
2023-05-25 07:00:00,5.614269031025077
2023-05-25 08:00:00,5.977733930042545
2023-05-25 09:00:00,6.3489916381276235
2023-05-25 10:00:00,7.05795719064531
2023-05-25 11:00:00,6.580274100093058
2023-05-25 12:00:00,6.923896181014054
2023-05-25 13:00:00,7.193910247800623
2023-05-25 14:00:00,6.825959041508175
2023-05-25 15:00:00,6.939183462804187
2023-05-25 16:00:00,7.18864977870357
2023-05-25 17:00:00,6.932819815180145
2023-05-25 18:00:00,6.5462909201617725
2023-05-25 19:00:00,6.604926936930224
2023-05-25 20:00:00,6.135815709546624
2023-05-25 21:00:00,5.915538314907126
2023-05-25 22:00:00,6.135923626794221
2023-05-25 23:00:00,6.1319998660896475
2023-05-26 00:00:00,5.780356307630077
2023-05-26 01:00:00,6.275154851445513
2023-05-26 02:00:00,6.294674231385843
2023-05-26 03:00:00,6.478195062771309
2023-05-26 04:00:00,6.771386443222297
2023-05-26 05:00:00,7.249308611816022
2023-05-26 06:00:00,7.172081687055332
2023-05-26 07:00:00,7.437555920802442
2023-05-26 08:00:00,7.2323602631132795
2023-05-26 09:00:00,7.163409052576169
2023-05-26 10:00:00,7.093605428470792
2023-05-26 11:00:00,6.66861818636629
2023-05-26 12:00:00,6.904971800743906
2023-05-26 13:00:00,6.9316398118050255
2023-05-26 14:00:00,7.117937082623233
2023-05-26 15:00:00,7.170283167461633
2023-05-26 16:00:00,7.271129414339901
2023-05-26 17:00:00,7.552349966852058
2023-05-26 18:00:00,7.561752731110488
2023-05-26 19:00:00,7.2083191753808995
2023-05-26 20:00:00,7.094541953643264
2023-05-26 21:00:00,7.183700413036779
2023-05-26 22:00:00,7.157775231370853
2023-05-26 23:00:00,6.653505499063802
2023-05-27 00:00:00,5.970374466255287
2023-05-27 01:00:00,6.466786222582328
2023-05-27 02:00:00,6.223977983510444
2023-05-27 03:00:00,6.1803987358458485
2023-05-27 04:00:00,6.564425708288312
2023-05-27 05:00:00,6.145691898557941
2023-05-27 06:00:00,6.25577699456638
2023-05-27 07:00:00,6.18001474051336
2023-05-27 08:00:00,5.632462222777882
2023-05-27 09:00:00,6.470468488270968
2023-05-27 10:00:00,6.305576854910194
2023-05-27 11:00:00,6.442297684002879
2023-05-27 12:00:00,6.474768435261304
2023-05-27 13:00:00,6.417808165688053
2023-05-27 14:00:00,6.743126796599483
2023-05-27 15:00:00,6.950446883238751
2023-05-27 16:00:00,6.378464039603779
2023-05-27 17:00:00,6.391961972311334
2023-05-27 18:00:00,6.173399888154526
2023-05-27 19:00:00,5.925068880358509
2023-05-27 20:00:00,5.048682206862759
2023-05-27 21:00:00,5.764181806498194
2023-05-27 22:00:00,5.60713869903852
2023-05-27 23:00:00,4.947452490498456
2023-05-28 00:00:00,4.829742555484112
2023-05-28 01:00:00,5.160005021544356
2023-05-28 02:00:00,5.224140484815122
2023-05-28 03:00:00,5.425848038805639
2023-05-28 04:00:00,5.874383745399651
2023-05-28 05:00:00,5.830129229455646
2023-05-28 06:00:00,6.029269773314042
2023-05-28 07:00:00,5.485178856148796
2023-05-28 08:00:00,5.978492195115416
2023-05-28 09:00:00,6.223170849504288
2023-05-28 10:00:00,6.400107856990688
2023-05-28 11:00:00,6.296306826386259
2023-05-28 12:00:00,6.36317274326929
2023-05-28 13:00:00,6.790281710967251
2023-05-28 14:00:00,6.354513406104187
2023-05-28 15:00:00,6.735500377939342
2023-05-28 16:00:00,6.3873230629248505
2023-05-28 17:00:00,6.383506296673476
2023-05-28 18:00:00,6.269504496520333
2023-05-28 19:00:00,6.611389754694148
2023-05-28 20:00:00,6.172878671107095
2023-05-28 21:00:00,6.258242828561205
2023-05-28 22:00:00,6.0944513623268675
2023-05-28 23:00:00,5.567792998047745
2023-05-29 00:00:00,6.399532445086813
2023-05-29 01:00:00,5.633668281868324
2023-05-29 02:00:00,5.856803408503116
2023-05-29 03:00:00,5.935070571730204
2023-05-29 04:00:00,5.922027988105148
2023-05-29 05:00:00,6.078528565847401
2023-05-29 06:00:00,6.191830109429045
2023-05-29 07:00:00,6.391746707681231
2023-05-29 08:00:00,6.453934750612503
2023-05-29 09:00:00,6.84380626851599
2023-05-29 10:00:00,6.402128045492371
2023-05-29 11:00:00,6.558333317842376
2023-05-29 12:00:00,6.976290001019144
2023-05-29 13:00:00,7.213978872779158
2023-05-29 14:00:00,7.536042330619586
2023-05-29 15:00:00,7.3919001032916425
2023-05-29 16:00:00,7.192455573088155
2023-05-29 17:00:00,7.399222665621761
2023-05-29 18:00:00,7.40948737051038
2023-05-29 19:00:00,7.381770573407135
2023-05-29 20:00:00,7.258754533420835
2023-05-29 21:00:00,7.108171084305462
2023-05-29 22:00:00,6.819041739625784
2023-05-29 23:00:00,5.8939432212313445
2023-05-30 00:00:00,6.157245201566292
2023-05-30 01:00:00,6.092435135029361
2023-05-30 02:00:00,6.176440367049826
2023-05-30 03:00:00,6.085290857253258
2023-05-30 04:00:00,5.994411951428552
2023-05-30 05:00:00,6.46729284727079
2023-05-30 06:00:00,6.842385793415074
2023-05-30 07:00:00,6.53872249732075
2023-05-30 08:00:00,6.6028374017879985
2023-05-30 09:00:00,7.591178004850692
2023-05-30 10:00:00,7.224665607139471
2023-05-30 11:00:00,7.345823932527999
2023-05-30 12:00:00,7.013497618075678
2023-05-30 13:00:00,6.742564664063987
2023-05-30 14:00:00,6.762704068947606
2023-05-30 15:00:00,7.209887741895555
2023-05-30 16:00:00,7.424708554663412
2023-05-30 17:00:00,7.624179124341752
2023-05-30 18:00:00,7.243233256768222
2023-05-30 19:00:00,7.796809494531481
2023-05-30 20:00:00,7.446357421348694
2023-05-30 21:00:00,7.132485018435992
2023-05-30 22:00:00,6.531380050930657
2023-05-30 23:00:00,6.645406995873257
2023-05-31 00:00:00,6.845097943842409
2023-05-31 01:00:00,7.341003716601509
2023-05-31 02:00:00,6.451061160650163
2023-05-31 03:00:00,7.209006469545825
2023-05-31 04:00:00,7.0821731918750706
2023-05-31 05:00:00,7.308772493072178
2023-05-31 06:00:00,6.591336263591028
2023-05-31 07:00:00,7.142053383968262
2023-05-31 08:00:00,7.241552049803388
2023-05-31 09:00:00,7.510743637235787
2023-05-31 10:00:00,7.35698392209157
2023-05-31 11:00:00,7.223646932987367
2023-05-31 12:00:00,7.294289453380134
2023-05-31 13:00:00,6.997561952630696
2023-05-31 14:00:00,6.478097457820062
2023-05-31 15:00:00,6.974438319202076
2023-05-31 16:00:00,7.234319395378077
2023-05-31 17:00:00,6.927994577252777
2023-05-31 18:00:00,6.938514272384555
2023-05-31 19:00:00,6.593492646707152
2023-05-31 20:00:00,6.5546112727809325
2023-05-31 21:00:00,6.209136076954976
2023-05-31 22:00:00,6.0131913842339095
2023-05-31 23:00:00,6.1102200681013015
2023-06-01 00:00:00,6.037685038023372
2023-06-01 01:00:00,6.653291589678752
2023-06-01 02:00:00,6.683967547612942
2023-06-01 03:00:00,6.2975071922444705
2023-06-01 04:00:00,6.83119707353922
2023-06-01 05:00:00,6.626643862496922
2023-06-01 06:00:00,6.6598045397415255
2023-06-01 07:00:00,7.3632673971750275
2023-06-01 08:00:00,6.989666642241384
2023-06-01 09:00:00,7.066057962152936
2023-06-01 10:00:00,6.835393827950293
2023-06-01 11:00:00,6.676551515165455
2023-06-01 12:00:00,6.5714098173007685
2023-06-01 13:00:00,7.101120096918278
2023-06-01 14:00:00,7.147557532190145
2023-06-01 15:00:00,6.830415290931941
2023-06-01 16:00:00,6.571904562066492
2023-06-01 17:00:00,6.8771550272058555
2023-06-01 18:00:00,6.418593539501553
2023-06-01 19:00:00,6.489604468397346
2023-06-01 20:00:00,6.244652344904936
2023-06-01 21:00:00,5.75757170483409
2023-06-01 22:00:00,6.080564816799782
2023-06-01 23:00:00,5.9451496890031414
2023-06-02 00:00:00,6.109235785307135
2023-06-02 01:00:00,6.142676038393156
2023-06-02 02:00:00,6.675732960009617
2023-06-02 03:00:00,6.420545308864571
2023-06-02 04:00:00,6.5736661641168554
2023-06-02 05:00:00,6.894778016717593
2023-06-02 06:00:00,6.894426946285502
2023-06-02 07:00:00,6.902649256355576
2023-06-02 08:00:00,7.073252152763144
2023-06-02 09:00:00,7.852609580010741
2023-06-02 10:00:00,7.3865849507011205
2023-06-02 11:00:00,7.424344195802029
2023-06-02 12:00:00,7.074352803837167
2023-06-02 13:00:00,7.535917749159103
2023-06-02 14:00:00,7.327582453022444
2023-06-02 15:00:00,7.228539499150499
2023-06-02 16:00:00,7.219922839480088
2023-06-02 17:00:00,6.7157274222191985
2023-06-02 18:00:00,6.451094702764317
2023-06-02 19:00:00,6.288180446616665
2023-06-02 20:00:00,5.898361165369651
2023-06-02 21:00:00,5.683411257601831
2023-06-02 22:00:00,5.670848792406805
2023-06-02 23:00:00,5.863083918076399
2023-06-03 00:00:00,5.618881771419963
2023-06-03 01:00:00,4.789924546661296
2023-06-03 02:00:00,4.760747939605122
2023-06-03 03:00:00,5.161875640618464
2023-06-03 04:00:00,5.103050436594874
2023-06-03 05:00:00,5.247053876364237
2023-06-03 06:00:00,5.186304703407426
2023-06-03 07:00:00,5.659076326213834
2023-06-03 08:00:00,5.201049196989206
2023-06-03 09:00:00,5.777888800340057
2023-06-03 10:00:00,6.1252928210678625
2023-06-03 11:00:00,5.962633301521187
2023-06-03 12:00:00,5.493468648805801
2023-06-03 13:00:00,5.663127539684556
2023-06-03 14:00:00,5.496171350698009
2023-06-03 15:00:00,5.7949504192492896
2023-06-03 16:00:00,6.473327304691471
2023-06-03 17:00:00,6.503353907303072
2023-06-03 18:00:00,6.608812463132562
2023-06-03 19:00:00,6.436156894268365
2023-06-03 20:00:00,5.887116306378808
2023-06-03 21:00:00,5.7764105964140455
2023-06-03 22:00:00,5.594730660457414
2023-06-03 23:00:00,5.304412440794656
2023-06-04 00:00:00,5.059224715089314
2023-06-04 01:00:00,5.275594065036903
2023-06-04 02:00:00,4.928256634714672
2023-06-04 03:00:00,4.563515590372114
2023-06-04 04:00:00,4.75243989552603
2023-06-04 05:00:00,4.603490833859617
2023-06-04 06:00:00,4.753683129563765
2023-06-04 07:00:00,5.112200610088531
2023-06-04 08:00:00,5.134984277711532
2023-06-04 09:00:00,5.168667073322992
2023-06-04 10:00:00,5.216789644196623
2023-06-04 11:00:00,5.425451545106946
2023-06-04 12:00:00,5.820660679589546
2023-06-04 13:00:00,5.836487367685065
2023-06-04 14:00:00,5.851089958761962
2023-06-04 15:00:00,6.294324486285453
2023-06-04 16:00:00,6.056166479964976
2023-06-04 17:00:00,6.145140016545614
2023-06-04 18:00:00,5.810456867257172
2023-06-04 19:00:00,5.46121106052523
2023-06-04 20:00:00,5.48488262581486
2023-06-04 21:00:00,5.64118119450063
2023-06-04 22:00:00,5.820017581194807
2023-06-04 23:00:00,5.605489590696369
2023-06-05 00:00:00,6.1891991797407515
2023-06-05 01:00:00,6.08800557860911
2023-06-05 02:00:00,6.5638936029607535
2023-06-05 03:00:00,6.690574238542609
2023-06-05 04:00:00,6.415081777400521
2023-06-05 05:00:00,6.917930988940142
2023-06-05 06:00:00,7.147769598779538
2023-06-05 07:00:00,6.992959665146063
2023-06-05 08:00:00,7.111687384771529
2023-06-05 09:00:00,7.34045168020282
2023-06-05 10:00:00,7.499175356844057
2023-06-05 11:00:00,7.279051882006205
2023-06-05 12:00:00,8.15991115410227
2023-06-05 13:00:00,7.937480776343912
2023-06-05 14:00:00,7.7357018150356796
2023-06-05 15:00:00,7.621705837264503
2023-06-05 16:00:00,7.288278940392079
2023-06-05 17:00:00,7.564423943860102
2023-06-05 18:00:00,7.025293215064827
2023-06-05 19:00:00,6.989377664902189
2023-06-05 20:00:00,6.5695547539425725
2023-06-05 21:00:00,6.146904972194654
2023-06-05 22:00:00,5.794113042501866
2023-06-05 23:00:00,5.849640769760767
2023-06-06 00:00:00,6.425473876805289
2023-06-06 01:00:00,6.170504848962457
2023-06-06 02:00:00,5.736328570634426
2023-06-06 03:00:00,5.846394329646011
2023-06-06 04:00:00,5.879803873365923
2023-06-06 05:00:00,6.343542115503391
2023-06-06 06:00:00,6.570842415496447
2023-06-06 07:00:00,6.319942833924035
2023-06-06 08:00:00,6.180582677168772
2023-06-06 09:00:00,6.396846263717755
2023-06-06 10:00:00,6.610963527534511
2023-06-06 11:00:00,6.718677910354033
2023-06-06 12:00:00,6.5867732880346255
2023-06-06 13:00:00,6.436314179963752
2023-06-06 14:00:00,6.489370684063224
2023-06-06 15:00:00,6.193124298567686
2023-06-06 16:00:00,5.766074607076795
2023-06-06 17:00:00,6.447644166776201
2023-06-06 18:00:00,6.081646276151322
2023-06-06 19:00:00,6.454834524793465
2023-06-06 20:00:00,6.182933334183646
2023-06-06 21:00:00,6.412919582195925
2023-06-06 22:00:00,6.515448760059698
2023-06-06 23:00:00,6.583485867704722
2023-06-07 00:00:00,6.739294067486199
2023-06-07 01:00:00,6.915357777615784
2023-06-07 02:00:00,6.7700029472750405
2023-06-07 03:00:00,6.230357726974935
2023-06-07 04:00:00,6.565990848748777
2023-06-07 05:00:00,6.497440363605185
2023-06-07 06:00:00,6.96393752731337
2023-06-07 07:00:00,6.66878933981148
2023-06-07 08:00:00,31.83835634343919
2023-06-07 09:00:00,30.014049189858614
2023-06-07 10:00:00,29.264834796634087
2023-06-07 11:00:00,30.09907847742646
2023-06-07 12:00:00,31.843980311870137
2023-06-07 13:00:00,30.54539831645169
2023-06-07 14:00:00,33.9302788035064
2023-06-07 15:00:00,34.24397416513454
2023-06-07 16:00:00,35.16496365548558
2023-06-07 17:00:00,33.70346826873496
2023-06-07 18:00:00,34.238624571980935
2023-06-07 19:00:00,34.4676221164554
2023-06-07 20:00:00,6.569840159221381
2023-06-07 21:00:00,6.287119310419628
2023-06-07 22:00:00,6.037780767501342
2023-06-07 23:00:00,6.355518705040052
2023-06-08 00:00:00,6.345966296107854
2023-06-08 01:00:00,6.690358143487843
2023-06-08 02:00:00,6.0887565604918334
2023-06-08 03:00:00,6.108314949885115
2023-06-08 04:00:00,5.515745121606415
2023-06-08 05:00:00,5.435888756172521
2023-06-08 06:00:00,5.846501196855708
2023-06-08 07:00:00,5.809338302739946
2023-06-08 08:00:00,5.911983698624022
2023-06-08 09:00:00,6.0632818940814905
2023-06-08 10:00:00,6.197294229016165
2023-06-08 11:00:00,6.259107828853114
2023-06-08 12:00:00,6.422903854368493
2023-06-08 13:00:00,5.956435404983152
2023-06-08 14:00:00,5.674323521013572
2023-06-08 15:00:00,6.019895624608595
2023-06-08 16:00:00,6.0610252885699
2023-06-08 17:00:00,6.092754404279504
2023-06-08 18:00:00,6.209608184353615
2023-06-08 19:00:00,6.106862189051754
2023-06-08 20:00:00,5.884535454072628
2023-06-08 21:00:00,5.55627299855348
2023-06-08 22:00:00,5.945223083023907
2023-06-08 23:00:00,5.800523209704622
2023-06-09 00:00:00,5.934395451291506
2023-06-09 01:00:00,5.698275322846617
2023-06-09 02:00:00,6.225604826844075
2023-06-09 03:00:00,6.198956308813041
2023-06-09 04:00:00,6.312040815019166
2023-06-09 05:00:00,6.856563918624681
2023-06-09 06:00:00,6.874818430545551
2023-06-09 07:00:00,6.895893467546805
2023-06-09 08:00:00,6.744628445266547
2023-06-09 09:00:00,7.042369679855838
2023-06-09 10:00:00,6.888106825159136
2023-06-09 11:00:00,7.402066207581747
2023-06-09 12:00:00,7.281528183567267
2023-06-09 13:00:00,7.084508341753929
2023-06-09 14:00:00,6.6029937376308
2023-06-09 15:00:00,7.3158027028852874
2023-06-09 16:00:00,7.279484904973844
2023-06-09 17:00:00,6.61417167404082
2023-06-09 18:00:00,7.019265331437315
2023-06-09 19:00:00,6.653179698315884
2023-06-09 20:00:00,6.9325447678473555
2023-06-09 21:00:00,6.642924627056852
2023-06-09 22:00:00,6.509634700865974
2023-06-09 23:00:00,6.821377066696643
2023-06-10 00:00:00,5.704681769908654
2023-06-10 01:00:00,5.1798099514868685
2023-06-10 02:00:00,5.551256685757396
2023-06-10 03:00:00,6.067191487469935
2023-06-10 04:00:00,5.914754981165848
2023-06-10 05:00:00,5.431023902563368
2023-06-10 06:00:00,5.526309400023878
2023-06-10 07:00:00,6.085777571327256
2023-06-10 08:00:00,6.404059361401126
2023-06-10 09:00:00,6.419532777917653
2023-06-10 10:00:00,6.613831594704351
2023-06-10 11:00:00,6.34008404289597
2023-06-10 12:00:00,6.025975024609533
2023-06-10 13:00:00,6.094660257922878
2023-06-10 14:00:00,6.295385386129345
2023-06-10 15:00:00,5.6830750581289164
2023-06-10 16:00:00,5.669889797404252
2023-06-10 17:00:00,5.343116531286439
2023-06-10 18:00:00,5.36510538708607
2023-06-10 19:00:00,5.361611146642992
2023-06-10 20:00:00,5.154632118805652
2023-06-10 21:00:00,5.107556815922854
2023-06-10 22:00:00,5.178660243501892
2023-06-10 23:00:00,5.044844524910934
2023-06-11 00:00:00,5.09512349140594
2023-06-11 01:00:00,4.609779827525756
2023-06-11 02:00:00,4.861593086927547
2023-06-11 03:00:00,5.480723177521535
2023-06-11 04:00:00,5.5512231171062085
2023-06-11 05:00:00,5.530453383312586
2023-06-11 06:00:00,5.814917774768203
2023-06-11 07:00:00,5.842407771656317
2023-06-11 08:00:00,5.433604520537952
2023-06-11 09:00:00,5.718342914350654
2023-06-11 10:00:00,5.295523798618559
2023-06-11 11:00:00,5.442197359667465
2023-06-11 12:00:00,5.223527189983343
2023-06-11 13:00:00,5.532765163579951
2023-06-11 14:00:00,5.03315166708716
2023-06-11 15:00:00,5.421978490258958
2023-06-11 16:00:00,5.362905779786629
2023-06-11 17:00:00,5.613675782886491
2023-06-11 18:00:00,5.925902109131282
2023-06-11 19:00:00,6.0220111950272015
2023-06-11 20:00:00,5.661887807340679
2023-06-11 21:00:00,5.63323941688931
2023-06-11 22:00:00,5.405004744139848
2023-06-11 23:00:00,5.211303919237549
2023-06-12 00:00:00,5.507764624714837
2023-06-12 01:00:00,5.454402079916229
2023-06-12 02:00:00,5.168254842046849
2023-06-12 03:00:00,4.747601317212496
2023-06-12 04:00:00,4.4397792586136875
2023-06-12 05:00:00,4.5264900239508465
2023-06-12 06:00:00,4.932883009428536
2023-06-12 07:00:00,4.644709142494817
2023-06-12 08:00:00,28.093644281122486
2023-06-12 09:00:00,28.44980787946013
2023-06-12 10:00:00,28.351421741348318
2023-06-12 11:00:00,29.24541779527015
2023-06-12 12:00:00,34.62463563632309
2023-06-12 13:00:00,37.7172823151497
2023-06-12 14:00:00,43.00046346546463
2023-06-12 15:00:00,43.84049765871332
2023-06-12 16:00:00,41.5086438800761
2023-06-12 17:00:00,40.80073724124937
2023-06-12 18:00:00,39.55217873018539
2023-06-12 19:00:00,39.93260765912754
2023-06-12 20:00:00,5.256986434329878
2023-06-12 21:00:00,4.878691281154612
2023-06-12 22:00:00,5.174613865475799
2023-06-12 23:00:00,6.299260050255393
2023-06-13 00:00:00,5.795072529734479
2023-06-13 01:00:00,5.477481154293729
2023-06-13 02:00:00,4.826279379130713
2023-06-13 03:00:00,4.871957224423204
2023-06-13 04:00:00,5.17881240243906
2023-06-13 05:00:00,4.777206919582543
2023-06-13 06:00:00,5.1041974507265655
2023-06-13 07:00:00,5.526233801302339
2023-06-13 08:00:00,29.394640368200253
2023-06-13 09:00:00,30.73893021685938
2023-06-13 10:00:00,29.398865109360905
2023-06-13 11:00:00,29.79842176541523
2023-06-13 12:00:00,29.06944313721943
2023-06-13 13:00:00,28.505545993946903
2023-06-13 14:00:00,33.86379468883194
2023-06-13 15:00:00,33.94296817897703
2023-06-13 16:00:00,34.225788828505785
2023-06-13 17:00:00,33.49105764567874
2023-06-13 18:00:00,33.04736897292164
2023-06-13 19:00:00,34.10891809933297
2023-06-13 20:00:00,5.70332902014514
2023-06-13 21:00:00,5.887531335222157
2023-06-13 22:00:00,6.016868814757946
2023-06-13 23:00:00,6.102346819476649
2023-06-14 00:00:00,6.209115326268409
2023-06-14 01:00:00,6.323706559249035
2023-06-14 02:00:00,6.057784769483845
2023-06-14 03:00:00,6.634734375285228
2023-06-14 04:00:00,6.844955030754247
2023-06-14 05:00:00,6.720893660938256
2023-06-14 06:00:00,6.425669286817143
2023-06-14 07:00:00,6.723613475106562
2023-06-14 08:00:00,6.941557442077396
2023-06-14 09:00:00,7.334263421451228
2023-06-14 10:00:00,7.766006282746903
2023-06-14 11:00:00,6.985820215180457
2023-06-14 12:00:00,7.372078255510969
2023-06-14 13:00:00,6.8881779434883885
2023-06-14 14:00:00,6.619540992720577
2023-06-14 15:00:00,7.283374617754806
2023-06-14 16:00:00,7.241041528898304
2023-06-14 17:00:00,7.403519418685153
2023-06-14 18:00:00,6.901796710424564
2023-06-14 19:00:00,6.18444933307086
2023-06-14 20:00:00,5.895147267982566
2023-06-14 21:00:00,6.380210178354098
2023-06-14 22:00:00,6.1138199551429135
2023-06-14 23:00:00,5.6249189924791745
2023-06-15 00:00:00,5.722128719819403
2023-06-15 01:00:00,6.134320086886213
2023-06-15 02:00:00,6.648415697862626
2023-06-15 03:00:00,6.354377728671053
2023-06-15 04:00:00,6.217225467394723
2023-06-15 05:00:00,6.334879553421577
2023-06-15 06:00:00,6.18871322209575
2023-06-15 07:00:00,5.755445172644309
2023-06-15 08:00:00,5.765777992105509
2023-06-15 09:00:00,5.589612748619744
2023-06-15 10:00:00,5.422936146847435
2023-06-15 11:00:00,5.494308609516262
2023-06-15 12:00:00,5.7129742793800204
2023-06-15 13:00:00,6.224779556651289
2023-06-15 14:00:00,6.528193209773634
2023-06-15 15:00:00,6.236173537346706
2023-06-15 16:00:00,6.833694837379566
2023-06-15 17:00:00,6.326137936467205
2023-06-15 18:00:00,6.825252600110047
2023-06-15 19:00:00,6.6117618660072655
2023-06-15 20:00:00,6.384617917617785
2023-06-15 21:00:00,6.622720630337134
2023-06-15 22:00:00,6.44121058930784
2023-06-15 23:00:00,5.667148833432634
2023-06-16 00:00:00,5.519671830194758
2023-06-16 01:00:00,5.286505246553141
2023-06-16 02:00:00,5.1687985260216065
2023-06-16 03:00:00,5.407974810443656
2023-06-16 04:00:00,5.740393038824502
2023-06-16 05:00:00,5.382867563419497
2023-06-16 06:00:00,5.768418048355127
2023-06-16 07:00:00,5.833467362666437
2023-06-16 08:00:00,28.098304400688328
2023-06-16 09:00:00,30.493985226867615
2023-06-16 10:00:00,37.49302393843959
2023-06-16 11:00:00,43.17237449778128
2023-06-16 12:00:00,48.12661090369997
2023-06-16 13:00:00,53.14236610274439
2023-06-16 14:00:00,59.8122845158021
2023-06-16 15:00:00,62.658084734162586
2023-06-16 16:00:00,63.94357411007921
2023-06-16 17:00:00,64.37073247676274
2023-06-16 18:00:00,64.33320702537289
2023-06-16 19:00:00,62.70170384740763
2023-06-16 20:00:00,7.01780568005035
2023-06-16 21:00:00,6.8956204086527775
2023-06-16 22:00:00,6.683598883946166
2023-06-16 23:00:00,6.933972189314642
2023-06-17 00:00:00,5.827631565205804
2023-06-17 01:00:00,5.7274472478733705
2023-06-17 02:00:00,6.21544157163184
2023-06-17 03:00:00,6.034053639509011
2023-06-17 04:00:00,6.523021169512517
2023-06-17 05:00:00,6.86938170017063
2023-06-17 06:00:00,6.595375900782649
2023-06-17 07:00:00,6.750547114327268
2023-06-17 08:00:00,6.9492970169773
2023-06-17 09:00:00,7.270370106226532
2023-06-17 10:00:00,7.26094773985815
2023-06-17 11:00:00,7.304684371480901
2023-06-17 12:00:00,7.288938730120787
2023-06-17 13:00:00,7.205494936300465
2023-06-17 14:00:00,7.1504521671755255
2023-06-17 15:00:00,6.2761408415331825
2023-06-17 16:00:00,5.823553776055225
2023-06-17 17:00:00,5.565854545807094
2023-06-17 18:00:00,5.795840210877712
2023-06-17 19:00:00,5.677972486809914
2023-06-17 20:00:00,5.598974861698262
2023-06-17 21:00:00,5.471797064514023
2023-06-17 22:00:00,5.10705171368387
2023-06-17 23:00:00,4.911143734673623
2023-06-18 00:00:00,5.24192261958352
2023-06-18 01:00:00,5.303654939586012
2023-06-18 02:00:00,5.208276381582517
2023-06-18 03:00:00,5.283684041297691
2023-06-18 04:00:00,5.786644744425999
2023-06-18 05:00:00,5.661191255802291
2023-06-18 06:00:00,5.531392529929581
2023-06-18 07:00:00,6.263965745769247
2023-06-18 08:00:00,6.156916356095602
2023-06-18 09:00:00,6.198434213390947
2023-06-18 10:00:00,5.985461593067471
2023-06-18 11:00:00,5.811394826008832
2023-06-18 12:00:00,5.547861212007583
2023-06-18 13:00:00,5.5336041293890235
2023-06-18 14:00:00,5.670008481271488
2023-06-18 15:00:00,5.856242814710122
2023-06-18 16:00:00,5.762118835745315
2023-06-18 17:00:00,5.5032264083585165
2023-06-18 18:00:00,5.79443276312199
2023-06-18 19:00:00,5.858582813606033
2023-06-18 20:00:00,5.682548139843547
2023-06-18 21:00:00,5.554384707534904
2023-06-18 22:00:00,5.674677997925245
2023-06-18 23:00:00,5.69269023748406
2023-06-19 00:00:00,6.323369933898576
2023-06-19 01:00:00,6.302432662161046
2023-06-19 02:00:00,6.412709529462109
2023-06-19 03:00:00,6.2647979854227716
2023-06-19 04:00:00,6.2597183705218455
2023-06-19 05:00:00,6.762118327339593
2023-06-19 06:00:00,6.755376315798352
2023-06-19 07:00:00,6.32197171441093
2023-06-19 08:00:00,26.62682745621315
2023-06-19 09:00:00,27.107712738978492
2023-06-19 10:00:00,26.412370891880954
2023-06-19 11:00:00,26.761002974950372
2023-06-19 12:00:00,30.687196637900975
2023-06-19 13:00:00,35.13556418745044
2023-06-19 14:00:00,38.91791925109413
2023-06-19 15:00:00,43.30819049684814
2023-06-19 16:00:00,44.40433231071726
2023-06-19 17:00:00,41.85098352703818
2023-06-19 18:00:00,40.83996831595889
2023-06-19 19:00:00,38.382228101588694
2023-06-19 20:00:00,5.164354499929826
2023-06-19 21:00:00,5.1372041975190745
2023-06-19 22:00:00,4.972229426816225
2023-06-19 23:00:00,4.9277215648212325
2023-06-20 00:00:00,5.113853934286684
2023-06-20 01:00:00,5.615327351723067
2023-06-20 02:00:00,5.6210458309973514
2023-06-20 03:00:00,5.313774324714471
2023-06-20 04:00:00,6.047436787754378
2023-06-20 05:00:00,5.946193133832322
2023-06-20 06:00:00,5.889627985935376
2023-06-20 07:00:00,5.6809217272422226
2023-06-20 08:00:00,27.299205619283462
2023-06-20 09:00:00,30.24868713145443
2023-06-20 10:00:00,31.939720719670817
2023-06-20 11:00:00,33.292890470767375
2023-06-20 12:00:00,36.20749077482389
2023-06-20 13:00:00,37.71432338087224
2023-06-20 14:00:00,42.7961103747278
2023-06-20 15:00:00,43.17636149392629
2023-06-20 16:00:00,42.00889283840167
2023-06-20 17:00:00,41.819438243179476
2023-06-20 18:00:00,41.79311121793751
2023-06-20 19:00:00,40.62957477498973
2023-06-20 20:00:00,6.3410604593243045
2023-06-20 21:00:00,6.230946252479687
2023-06-20 22:00:00,5.769333599787829
2023-06-20 23:00:00,6.247058277609112
2023-06-21 00:00:00,6.589542311132558
2023-06-21 01:00:00,6.323420073784027
2023-06-21 02:00:00,6.048304371868952
2023-06-21 03:00:00,6.179727374559144
2023-06-21 04:00:00,6.508379134815746
2023-06-21 05:00:00,6.315552666401299
2023-06-21 06:00:00,6.72153062478004
2023-06-21 07:00:00,7.188676003805386
2023-06-21 08:00:00,33.04087214410989
2023-06-21 09:00:00,32.7330619210549
2023-06-21 10:00:00,34.97291875861242
2023-06-21 11:00:00,37.39627188585849
2023-06-21 12:00:00,41.34174127878072
2023-06-21 13:00:00,42.71054379866449
2023-06-21 14:00:00,47.62148613764204
2023-06-21 15:00:00,48.05434424792062
2023-06-21 16:00:00,47.64320358701864
2023-06-21 17:00:00,39.35964812150869
2023-06-21 18:00:00,34.51388774254996
2023-06-21 19:00:00,34.49984214837393
2023-06-21 20:00:00,6.619959692409327
2023-06-21 21:00:00,6.280454241538923
2023-06-21 22:00:00,6.459190546598288
2023-06-21 23:00:00,6.253139020101078
2023-06-22 00:00:00,6.431373099144412
2023-06-22 01:00:00,6.205220012293949
2023-06-22 02:00:00,6.185504942566448
2023-06-22 03:00:00,5.933224226411104
2023-06-22 04:00:00,6.014901242150829
2023-06-22 05:00:00,6.145749026183687
2023-06-22 06:00:00,5.8797677839832465
2023-06-22 07:00:00,5.915713001678767
2023-06-22 08:00:00,31.397046743428213
2023-06-22 09:00:00,31.27559741389082
2023-06-22 10:00:00,33.08167792542646
2023-06-22 11:00:00,32.621333454776305
2023-06-22 12:00:00,37.554178296828205
2023-06-22 13:00:00,41.90380120591717
2023-06-22 14:00:00,46.22832628254191
2023-06-22 15:00:00,49.14056928257675
2023-06-22 16:00:00,51.89966392550871
2023-06-22 17:00:00,51.91157292752675
2023-06-22 18:00:00,52.01614717552006
2023-06-22 19:00:00,52.15690875031719
2023-06-22 20:00:00,6.970944784514811
2023-06-22 21:00:00,6.335431630037542
2023-06-22 22:00:00,6.10468184455417
2023-06-22 23:00:00,6.497296606817871
2023-06-23 00:00:00,6.627967512689172
2023-06-23 01:00:00,6.1388986117463835
2023-06-23 02:00:00,6.111428965672611
2023-06-23 03:00:00,5.536731716549019
2023-06-23 04:00:00,5.976515436107879
2023-06-23 05:00:00,6.6094615360279265
2023-06-23 06:00:00,6.722970338869582
2023-06-23 07:00:00,6.779858311063419
2023-06-23 08:00:00,32.03005944991776
2023-06-23 09:00:00,28.755432875377757
2023-06-23 10:00:00,33.186373396184536
2023-06-23 11:00:00,39.92288476006792
2023-06-23 12:00:00,44.20681527872882
2023-06-23 13:00:00,47.637049877602664
2023-06-23 14:00:00,54.66463464596553
2023-06-23 15:00:00,57.65402879988532
2023-06-23 16:00:00,59.31299531654664
2023-06-23 17:00:00,61.09706811180604
2023-06-23 18:00:00,61.44484553276337
2023-06-23 19:00:00,60.98109824820242
2023-06-23 20:00:00,6.424131113839793
2023-06-23 21:00:00,5.956160802506865
2023-06-23 22:00:00,5.486848490846079
2023-06-23 23:00:00,5.594279523362985
2023-06-24 00:00:00,5.29286843361552
2023-06-24 01:00:00,5.374612773823681
2023-06-24 02:00:00,4.901294167141875
2023-06-24 03:00:00,4.42718452653002
2023-06-24 04:00:00,5.095331614543164
2023-06-24 05:00:00,5.176444185466655
2023-06-24 06:00:00,4.972263811217753
2023-06-24 07:00:00,5.710472654951508
2023-06-24 08:00:00,5.744888106064055
2023-06-24 09:00:00,5.596502339576684
2023-06-24 10:00:00,6.415234502798099
2023-06-24 11:00:00,6.267306505497084
2023-06-24 12:00:00,5.873342014309032
2023-06-24 13:00:00,6.752376613564185
2023-06-24 14:00:00,6.839238627943897
2023-06-24 15:00:00,6.974709697424843
2023-06-24 16:00:00,6.951286962154661
2023-06-24 17:00:00,6.750678027559854
2023-06-24 18:00:00,6.737975181976294
2023-06-24 19:00:00,6.310373096557833
2023-06-24 20:00:00,6.564817034415934
2023-06-24 21:00:00,5.805342475670372
2023-06-24 22:00:00,5.199794403498039
2023-06-24 23:00:00,5.370325332027343
2023-06-25 00:00:00,4.935545600374986
2023-06-25 01:00:00,4.479999191077141
2023-06-25 02:00:00,4.813942913936015
2023-06-25 03:00:00,5.1537202830073365
2023-06-25 04:00:00,5.818312288649748
2023-06-25 05:00:00,5.647872931165219
2023-06-25 06:00:00,5.960197341807848
2023-06-25 07:00:00,6.219087252828075
2023-06-25 08:00:00,6.549268093162418
2023-06-25 09:00:00,6.204977146705947
2023-06-25 10:00:00,6.491279113008381
2023-06-25 11:00:00,6.447516010159619
2023-06-25 12:00:00,6.776486609709359
2023-06-25 13:00:00,6.3878546987572715
2023-06-25 14:00:00,6.442752536274123
2023-06-25 15:00:00,7.14617309315762
2023-06-25 16:00:00,7.21745126270985
2023-06-25 17:00:00,7.073237791027273
2023-06-25 18:00:00,7.242586479209941
2023-06-25 19:00:00,6.895286269697928
2023-06-25 20:00:00,7.28472379078611
2023-06-25 21:00:00,7.099786781174575
2023-06-25 22:00:00,7.96912692914023
2023-06-25 23:00:00,7.124739114306585
2023-06-26 00:00:00,7.271828345573049
2023-06-26 01:00:00,6.998540996251334
2023-06-26 02:00:00,7.119071791745918
2023-06-26 03:00:00,7.583572134258565
2023-06-26 04:00:00,7.219632689591959
2023-06-26 05:00:00,7.370307274171658
2023-06-26 06:00:00,7.733047035026968
2023-06-26 07:00:00,8.035467364314504
2023-06-26 08:00:00,38.92977620515836
2023-06-26 09:00:00,44.90878858795854
2023-06-26 10:00:00,52.812383593452
2023-06-26 11:00:00,58.723539977002304
2023-06-26 12:00:00,64.9306610008287
2023-06-26 13:00:00,68.51219908831649
2023-06-26 14:00:00,76.93998439391389
2023-06-26 15:00:00,78.53347957830451
2023-06-26 16:00:00,77.4394237409293
2023-06-26 17:00:00,75.65365000322835
2023-06-26 18:00:00,77.701008229576
2023-06-26 19:00:00,75.88163493202725
2023-06-26 20:00:00,6.78250993264551
2023-06-26 21:00:00,6.666837808917648
2023-06-26 22:00:00,6.551655009778585
2023-06-26 23:00:00,6.487513540534987
2023-06-27 00:00:00,6.3189658138064315
2023-06-27 01:00:00,6.388483769698452
2023-06-27 02:00:00,6.420885925892031
2023-06-27 03:00:00,6.3023679224269635
2023-06-27 04:00:00,6.194054561623555
2023-06-27 05:00:00,6.035120240221588
2023-06-27 06:00:00,5.67714136199675
2023-06-27 07:00:00,6.175570590709656
2023-06-27 08:00:00,29.698046070764985
2023-06-27 09:00:00,35.47415814117115
2023-06-27 10:00:00,41.181431040478735
2023-06-27 11:00:00,47.80623000555855
2023-06-27 12:00:00,53.403779420190745
2023-06-27 13:00:00,58.87086696765062
2023-06-27 14:00:00,62.78662667480939
2023-06-27 15:00:00,65.73861451513729
2023-06-27 16:00:00,66.95798769985723
2023-06-27 17:00:00,67.05926211533534
2023-06-27 18:00:00,65.482485958313
2023-06-27 19:00:00,62.41317736626629
2023-06-27 20:00:00,6.6240521260742655
2023-06-27 21:00:00,6.302761963934035
2023-06-27 22:00:00,6.2000133599256495
2023-06-27 23:00:00,5.6689053018578
2023-06-28 00:00:00,5.902928308245981
2023-06-28 01:00:00,6.391186665464028
2023-06-28 02:00:00,6.353100663567994
2023-06-28 03:00:00,6.5570296606464
2023-06-28 04:00:00,6.152036949887116
2023-06-28 05:00:00,6.256032754144711
2023-06-28 06:00:00,6.302447375087446
2023-06-28 07:00:00,6.52278952302663
2023-06-28 08:00:00,32.96135711937219
2023-06-28 09:00:00,37.314146073003805
2023-06-28 10:00:00,43.841091848509656
2023-06-28 11:00:00,48.16101112842679
2023-06-28 12:00:00,55.49639956193214
2023-06-28 13:00:00,60.79880462471458
2023-06-28 14:00:00,68.40356788155887
2023-06-28 15:00:00,70.66418011928678
2023-06-28 16:00:00,71.5362695967426
2023-06-28 17:00:00,68.81946700199191
2023-06-28 18:00:00,68.26682127302529
2023-06-28 19:00:00,67.91916580296991
2023-06-28 20:00:00,5.488596071453538
2023-06-28 21:00:00,5.900457755670402
2023-06-28 22:00:00,5.814063943805637
2023-06-28 23:00:00,5.8660563396562155
2023-06-29 00:00:00,5.88220835533089
2023-06-29 01:00:00,5.697240377054772
2023-06-29 02:00:00,6.0718051015741255
2023-06-29 03:00:00,6.116484727633576
2023-06-29 04:00:00,5.854982353506888
2023-06-29 05:00:00,6.431946986003957
2023-06-29 06:00:00,6.1797766932699085
2023-06-29 07:00:00,6.084876903629002
2023-06-29 08:00:00,28.596802769310617
2023-06-29 09:00:00,34.87790251264713
2023-06-29 10:00:00,42.02851501733394
2023-06-29 11:00:00,49.481829510211455
2023-06-29 12:00:00,55.45168351861669
2023-06-29 13:00:00,60.245902985694
2023-06-29 14:00:00,64.02103938485233
2023-06-29 15:00:00,65.73561731133644
2023-06-29 16:00:00,64.41802551474512
2023-06-29 17:00:00,61.30945682725887
2023-06-29 18:00:00,58.27103048691123
2023-06-29 19:00:00,53.054279137471674
2023-06-29 20:00:00,6.421573932039435
2023-06-29 21:00:00,6.278082942549923
2023-06-29 22:00:00,6.196069650579651
2023-06-29 23:00:00,6.70579203882245
2023-06-30 00:00:00,6.722413124633642
2023-06-30 01:00:00,6.2935873856026046
2023-06-30 02:00:00,5.952937270378801
2023-06-30 03:00:00,6.251461922245779
2023-06-30 04:00:00,5.5500488440612274
2023-06-30 05:00:00,5.512069286113356
2023-06-30 06:00:00,6.018456993070054
2023-06-30 07:00:00,6.480485575160829
2023-06-30 08:00:00,33.64679614386554
2023-06-30 09:00:00,29.86967274085474
2023-06-30 10:00:00,31.69238846368323
2023-06-30 11:00:00,31.76995751024886
2023-06-30 12:00:00,34.32481557975191
2023-06-30 13:00:00,38.27505293564775
2023-06-30 14:00:00,46.8802529385611
2023-06-30 15:00:00,50.25510502544802
2023-06-30 16:00:00,51.80286329177203
2023-06-30 17:00:00,52.35598217697337
2023-06-30 18:00:00,51.72126718073205
2023-06-30 19:00:00,48.9905199253542
2023-06-30 20:00:00,6.004058455965907
2023-06-30 21:00:00,5.876664205639245
2023-06-30 22:00:00,6.057213207678001
2023-06-30 23:00:00,5.901376985207179
2023-07-01 00:00:00,5.297577836035201
2023-07-01 01:00:00,5.542936338687318
2023-07-01 02:00:00,5.111166828887465
2023-07-01 03:00:00,4.438388267142312
2023-07-01 04:00:00,4.53773410793366
2023-07-01 05:00:00,5.181155240020334
2023-07-01 06:00:00,5.034580617809267
2023-07-01 07:00:00,5.157971559293482
2023-07-01 08:00:00,5.4401731757309655
2023-07-01 09:00:00,4.803287448681657
2023-07-01 10:00:00,5.054510175625702
2023-07-01 11:00:00,5.173345252530152
2023-07-01 12:00:00,5.527199088682876
2023-07-01 13:00:00,5.096400402909182
2023-07-01 14:00:00,5.272023879473939
2023-07-01 15:00:00,5.77308090107957
2023-07-01 16:00:00,6.123910580866868
2023-07-01 17:00:00,6.148671889089082
2023-07-01 18:00:00,5.516338196789186
2023-07-01 19:00:00,5.64822973856489
2023-07-01 20:00:00,5.194350541897631
2023-07-01 21:00:00,5.317672224235318
2023-07-01 22:00:00,5.383120563597511
2023-07-01 23:00:00,5.2126792093195
2023-07-02 00:00:00,5.045685899187691
2023-07-02 01:00:00,5.3809508431424655
2023-07-02 02:00:00,5.002028091932805
2023-07-02 03:00:00,5.003240181468647
2023-07-02 04:00:00,4.831579211948309
2023-07-02 05:00:00,5.329076767357542
2023-07-02 06:00:00,5.812286377912958
2023-07-02 07:00:00,5.142805632357494
2023-07-02 08:00:00,4.767270663415028
2023-07-02 09:00:00,5.217486164121657
2023-07-02 10:00:00,5.229007326241407
2023-07-02 11:00:00,5.125332241582093
2023-07-02 12:00:00,5.524087840263904
2023-07-02 13:00:00,6.15373556519624
2023-07-02 14:00:00,6.1641506820153795
2023-07-02 15:00:00,5.851984847526955
2023-07-02 16:00:00,5.934593372008656
2023-07-02 17:00:00,6.094958597944573
2023-07-02 18:00:00,5.639387325778151
2023-07-02 19:00:00,6.229670345495092
2023-07-02 20:00:00,5.29901407111177
2023-07-02 21:00:00,5.995700459999583
2023-07-02 22:00:00,5.664963302184836
2023-07-02 23:00:00,6.167876278994702
2023-07-03 00:00:00,5.956750909939189
2023-07-03 01:00:00,5.797716057988578
2023-07-03 02:00:00,5.633372182675612
2023-07-03 03:00:00,5.73690946298998
2023-07-03 04:00:00,5.896771339715579
2023-07-03 05:00:00,5.638194019059956
2023-07-03 06:00:00,5.593945751585482
2023-07-03 07:00:00,5.6101836470182
2023-07-03 08:00:00,29.69602966605502
2023-07-03 09:00:00,35.02513920825796
2023-07-03 10:00:00,39.36342610090435
2023-07-03 11:00:00,43.655813798476636
2023-07-03 12:00:00,50.54060157034847
2023-07-03 13:00:00,57.59234653888557
2023-07-03 14:00:00,66.47433823167384
2023-07-03 15:00:00,68.4566256592884
2023-07-03 16:00:00,70.77390126556712
2023-07-03 17:00:00,70.91668310557567
2023-07-03 18:00:00,69.19779795747654
2023-07-03 19:00:00,65.33555890423503
2023-07-03 20:00:00,6.348847372666954
2023-07-03 21:00:00,6.041849107626301
2023-07-03 22:00:00,6.336942730403923
2023-07-03 23:00:00,5.605745349734387
2023-07-04 00:00:00,6.055732191757503
2023-07-04 01:00:00,6.132181382993173
2023-07-04 02:00:00,6.103033299668575
2023-07-04 03:00:00,6.337603804225978
2023-07-04 04:00:00,6.651814896345396
2023-07-04 05:00:00,6.870880769552977
2023-07-04 06:00:00,6.490273542011849
2023-07-04 07:00:00,6.678738386195824
2023-07-04 08:00:00,26.294533995474538
2023-07-04 09:00:00,32.954864904964204
2023-07-04 10:00:00,39.26945951041991
2023-07-04 11:00:00,45.53337098906554
2023-07-04 12:00:00,50.167390543093425
2023-07-04 13:00:00,54.821761065838025
2023-07-04 14:00:00,57.908585871453056
2023-07-04 15:00:00,59.64270830115795
2023-07-04 16:00:00,60.30131187097551
2023-07-04 17:00:00,60.9141933076148
2023-07-04 18:00:00,59.889177325689445
2023-07-04 19:00:00,56.99518156134506
2023-07-04 20:00:00,6.2395603634867465
2023-07-04 21:00:00,6.467178443408295
2023-07-04 22:00:00,6.195345318466652
2023-07-04 23:00:00,5.64882227509808
2023-07-05 00:00:00,5.612879319472913
2023-07-05 01:00:00,5.150108495132525
2023-07-05 02:00:00,5.2785395661873205
2023-07-05 03:00:00,5.109376770487086
2023-07-05 04:00:00,5.2923977219999845
2023-07-05 05:00:00,5.334941787696504
2023-07-05 06:00:00,5.6500543935145275
2023-07-05 07:00:00,5.938523218704962
2023-07-05 08:00:00,25.773869128465464
2023-07-05 09:00:00,27.470991346392676
2023-07-05 10:00:00,33.81416679180945
2023-07-05 11:00:00,39.52376862486156
2023-07-05 12:00:00,44.18111397283828
2023-07-05 13:00:00,49.43346640191848
2023-07-05 14:00:00,53.261940905877054
2023-07-05 15:00:00,55.75250366129695
2023-07-05 16:00:00,56.72158129320322
2023-07-05 17:00:00,56.525115839814426
2023-07-05 18:00:00,55.47499923294396
2023-07-05 19:00:00,53.10786939834603
2023-07-05 20:00:00,6.237688691070969
2023-07-05 21:00:00,6.561109320532803
2023-07-05 22:00:00,6.622873970769273
2023-07-05 23:00:00,6.191117629973058
2023-07-06 00:00:00,6.6089651965317335
2023-07-06 01:00:00,6.377416819616433
2023-07-06 02:00:00,6.133780417186691
2023-07-06 03:00:00,6.454551500938614
2023-07-06 04:00:00,6.729307474869846
2023-07-06 05:00:00,6.664290309212182
2023-07-06 06:00:00,6.824251157737026
2023-07-06 07:00:00,6.70073684756679
2023-07-06 08:00:00,33.11344039004464
2023-07-06 09:00:00,32.15764723978613
2023-07-06 10:00:00,37.43710635580814
2023-07-06 11:00:00,44.2756214450375
2023-07-06 12:00:00,48.51498553135126
2023-07-06 13:00:00,52.13185755568464
2023-07-06 14:00:00,60.1478283346957
2023-07-06 15:00:00,62.365263167282414
2023-07-06 16:00:00,63.312928420024505
2023-07-06 17:00:00,63.62532816894555
2023-07-06 18:00:00,62.47389114501847
2023-07-06 19:00:00,61.20309623262249
2023-07-06 20:00:00,6.900487424209679
2023-07-06 21:00:00,6.829676366772315
2023-07-06 22:00:00,6.982887054067374
2023-07-06 23:00:00,6.459082553809615
2023-07-07 00:00:00,6.5106871568117235
2023-07-07 01:00:00,6.545945699506851
2023-07-07 02:00:00,6.890642315172674
2023-07-07 03:00:00,6.295823915488105
2023-07-07 04:00:00,6.1753851580206405
2023-07-07 05:00:00,6.147425013502401
2023-07-07 06:00:00,6.297015578498637
2023-07-07 07:00:00,5.8352620173921395
2023-07-07 08:00:00,28.418049692462866
2023-07-07 09:00:00,28.85527113790841
2023-07-07 10:00:00,33.746521047091804
2023-07-07 11:00:00,43.318854230786336
2023-07-07 12:00:00,47.68384922333046
2023-07-07 13:00:00,51.86954446758507
2023-07-07 14:00:00,60.67328814553257
2023-07-07 15:00:00,64.07018767385941
2023-07-07 16:00:00,65.44821415059003
2023-07-07 17:00:00,67.01081472665899
2023-07-07 18:00:00,68.00916765280672
2023-07-07 19:00:00,64.01712458604393
2023-07-07 20:00:00,5.921795196762786
2023-07-07 21:00:00,5.994658017216169
2023-07-07 22:00:00,5.889134747675308
2023-07-07 23:00:00,5.665656260589399
2023-07-08 00:00:00,5.576451568269016
2023-07-08 01:00:00,5.702969874394392
2023-07-08 02:00:00,5.526716444302077
2023-07-08 03:00:00,5.574503588824478
2023-07-08 04:00:00,5.771085116803112
2023-07-08 05:00:00,5.414589147365343
2023-07-08 06:00:00,5.991925645251868
2023-07-08 07:00:00,5.5982186894687285
2023-07-08 08:00:00,5.269744510441391
2023-07-08 09:00:00,5.3745481075027
2023-07-08 10:00:00,5.519438313989917
2023-07-08 11:00:00,5.901689748909627
2023-07-08 12:00:00,6.1797910752297
2023-07-08 13:00:00,6.0453821772799206
2023-07-08 14:00:00,5.943667134907946
2023-07-08 15:00:00,6.146192493923351
2023-07-08 16:00:00,5.86913395291021
2023-07-08 17:00:00,6.275590066284413
2023-07-08 18:00:00,5.985279430872119
2023-07-08 19:00:00,6.069767862497947
2023-07-08 20:00:00,6.520158066377404
2023-07-08 21:00:00,6.1910136149659865
2023-07-08 22:00:00,6.189493212378503
2023-07-08 23:00:00,5.870778540522372
2023-07-09 00:00:00,5.483645025524037
2023-07-09 01:00:00,5.31517600025907
2023-07-09 02:00:00,5.438201392336036
2023-07-09 03:00:00,5.431540557726319
2023-07-09 04:00:00,6.262194257991182
2023-07-09 05:00:00,5.8126988469933965
2023-07-09 06:00:00,5.828398743488737
2023-07-09 07:00:00,5.498375840269277
2023-07-09 08:00:00,5.517621356600033
2023-07-09 09:00:00,5.838323762064052
2023-07-09 10:00:00,5.3621835427133036
2023-07-09 11:00:00,5.691591296921851
2023-07-09 12:00:00,5.9945544666523265
2023-07-09 13:00:00,5.86419744711805
2023-07-09 14:00:00,6.148079862910897
2023-07-09 15:00:00,5.897280501121376
2023-07-09 16:00:00,5.5500991769483905
2023-07-09 17:00:00,5.792850094854324
2023-07-09 18:00:00,6.231041984198841
2023-07-09 19:00:00,6.222185838055875
2023-07-09 20:00:00,6.465372437728214
2023-07-09 21:00:00,6.383537033246612
2023-07-09 22:00:00,6.24480717931169
2023-07-09 23:00:00,5.91833139101577
2023-07-10 00:00:00,6.483862526633812
2023-07-10 01:00:00,6.548970158627964
2023-07-10 02:00:00,6.33388094683337
2023-07-10 03:00:00,6.382946425695816
2023-07-10 04:00:00,6.35373859625401
2023-07-10 05:00:00,6.151634624348978
2023-07-10 06:00:00,5.816602042531892
2023-07-10 07:00:00,5.806642989134939
2023-07-10 08:00:00,33.39594692351527
2023-07-10 09:00:00,40.30070937230018
2023-07-10 10:00:00,48.03742096654642
2023-07-10 11:00:00,56.15037779433843
2023-07-10 12:00:00,63.10333088407306
2023-07-10 13:00:00,70.37088490705074
2023-07-10 14:00:00,78.80338170586636
2023-07-10 15:00:00,82.3362191936304
2023-07-10 16:00:00,84.44015240265847
2023-07-10 17:00:00,84.35916554757827
2023-07-10 18:00:00,82.9973747286195
2023-07-10 19:00:00,81.48065722619852
2023-07-10 20:00:00,6.130423708532345
2023-07-10 21:00:00,6.287698042718347
2023-07-10 22:00:00,6.315911395187307
2023-07-10 23:00:00,6.269048860666283
2023-07-11 00:00:00,6.12817689961863
2023-07-11 01:00:00,6.367802729580728
2023-07-11 02:00:00,6.62486392276203
2023-07-11 03:00:00,6.785767356259482
2023-07-11 04:00:00,6.206534123481846
2023-07-11 05:00:00,5.924847833694079
2023-07-11 06:00:00,6.6719600275035775
2023-07-11 07:00:00,6.8687095752651635
2023-07-11 08:00:00,44.37454182691038
2023-07-11 09:00:00,52.18718105336298
2023-07-11 10:00:00,59.09810516908517
2023-07-11 11:00:00,66.16016927425487
2023-07-11 12:00:00,71.12401263801105
2023-07-11 13:00:00,73.74682647662107
2023-07-11 14:00:00,81.61898666819422
2023-07-11 15:00:00,83.14426485004383
2023-07-11 16:00:00,83.02142043134896
2023-07-11 17:00:00,82.66994375637805
2023-07-11 18:00:00,80.33278382055877
2023-07-11 19:00:00,78.0635136305765
2023-07-11 20:00:00,7.215160334933667
2023-07-11 21:00:00,7.230939917301632
2023-07-11 22:00:00,6.879131796981257
2023-07-11 23:00:00,6.963218686850071
2023-07-12 00:00:00,6.724641998668944
2023-07-12 01:00:00,5.995993041370588
2023-07-12 02:00:00,6.176178166433011
2023-07-12 03:00:00,7.00489665705925
2023-07-12 04:00:00,6.777730764703933
2023-07-12 05:00:00,6.560333369330542
2023-07-12 06:00:00,6.573167474248167
2023-07-12 07:00:00,6.593079638999778
2023-07-12 08:00:00,31.839136697147957
2023-07-12 09:00:00,37.513283249532655
2023-07-12 10:00:00,41.98099124868563
2023-07-12 11:00:00,48.871508397074294
2023-07-12 12:00:00,51.80346088783294
2023-07-12 13:00:00,55.4335234971814
2023-07-12 14:00:00,61.61546987272982
2023-07-12 15:00:00,64.44163107918367
2023-07-12 16:00:00,66.48769197510684
2023-07-12 17:00:00,66.6134390743382
2023-07-12 18:00:00,65.03227258946265
2023-07-12 19:00:00,63.56902464794748
2023-07-12 20:00:00,6.983057019388161
2023-07-12 21:00:00,6.311875400951557
2023-07-12 22:00:00,5.862847935357154
2023-07-12 23:00:00,5.520501935212046
2023-07-13 00:00:00,5.16806547620411
2023-07-13 01:00:00,4.921225931402468
2023-07-13 02:00:00,5.145798441329017
2023-07-13 03:00:00,4.780170143803166
2023-07-13 04:00:00,3.9665276979254553
2023-07-13 05:00:00,4.315116967431019
2023-07-13 06:00:00,4.129580601175616
2023-07-13 07:00:00,4.401278238732196
2023-07-13 08:00:00,29.576429212379693
2023-07-13 09:00:00,34.24738468766213
2023-07-13 10:00:00,40.24616299299661
2023-07-13 11:00:00,46.74023251463412
2023-07-13 12:00:00,51.59514181937517
2023-07-13 13:00:00,54.76644819254391
2023-07-13 14:00:00,64.71024810358777
2023-07-13 15:00:00,67.34365495484198
2023-07-13 16:00:00,70.20496543500079
2023-07-13 17:00:00,69.96161538963273
2023-07-13 18:00:00,70.1424296998412
2023-07-13 19:00:00,68.74858889786866
2023-07-13 20:00:00,5.710632069472524
2023-07-13 21:00:00,5.700582479688035
2023-07-13 22:00:00,5.787566018958002
2023-07-13 23:00:00,5.621726069329288
2023-07-14 00:00:00,5.3374361281144145
2023-07-14 01:00:00,5.539552498568614
2023-07-14 02:00:00,5.773206514513795
2023-07-14 03:00:00,5.171962945467315
2023-07-14 04:00:00,4.955882464805385
2023-07-14 05:00:00,4.8431422213297095
2023-07-14 06:00:00,5.558764107002237
2023-07-14 07:00:00,5.5090475539884
2023-07-14 08:00:00,31.490220048202634
2023-07-14 09:00:00,37.9627817538392
2023-07-14 10:00:00,43.54553075323933
2023-07-14 11:00:00,53.1524006160626
2023-07-14 12:00:00,59.987828821356466
2023-07-14 13:00:00,62.82110548217065
2023-07-14 14:00:00,69.94527866069379
2023-07-14 15:00:00,72.6736820647067
2023-07-14 16:00:00,72.67051180591581
2023-07-14 17:00:00,71.62298986333255
2023-07-14 18:00:00,70.37548796635106
2023-07-14 19:00:00,66.48832077034899
2023-07-14 20:00:00,6.911899831181697
2023-07-14 21:00:00,6.9522125479911265
2023-07-14 22:00:00,6.581360093756482
2023-07-14 23:00:00,6.2237948417164555
2023-07-15 00:00:00,6.199790616979277
2023-07-15 01:00:00,5.980563697781098
2023-07-15 02:00:00,5.711993085078758
2023-07-15 03:00:00,5.718178663632657
2023-07-15 04:00:00,5.756838641533171
2023-07-15 05:00:00,5.457332070446767
2023-07-15 06:00:00,5.142766721186853
2023-07-15 07:00:00,4.956899085818279
2023-07-15 08:00:00,5.075647878750688
2023-07-15 09:00:00,5.081591096108762
2023-07-15 10:00:00,5.86932259028586
2023-07-15 11:00:00,5.643846138647795
2023-07-15 12:00:00,6.102000744858254
2023-07-15 13:00:00,5.795830925419194
2023-07-15 14:00:00,5.623185243211985
2023-07-15 15:00:00,5.939096251745026
2023-07-15 16:00:00,6.056318945869494
2023-07-15 17:00:00,6.148738997084601
2023-07-15 18:00:00,6.274809696392437
2023-07-15 19:00:00,5.997224112415086
2023-07-15 20:00:00,6.451163438182023
2023-07-15 21:00:00,6.134990456525772
2023-07-15 22:00:00,5.64225941467818
2023-07-15 23:00:00,5.453707710517576
2023-07-16 00:00:00,5.550466045074557
2023-07-16 01:00:00,5.765013124976451
2023-07-16 02:00:00,5.650189857010581
2023-07-16 03:00:00,5.659121860337446
2023-07-16 04:00:00,5.438936522607211
2023-07-16 05:00:00,5.45646273932511
2023-07-16 06:00:00,5.878344719215825
2023-07-16 07:00:00,5.733406329627507
2023-07-16 08:00:00,6.1437443059822785
2023-07-16 09:00:00,6.0894933987781235
2023-07-16 10:00:00,6.173257360400893
2023-07-16 11:00:00,6.358773153250447
2023-07-16 12:00:00,6.685993272600073
2023-07-16 13:00:00,6.523165758609031
2023-07-16 14:00:00,6.563720138533676
2023-07-16 15:00:00,6.585305554132294
2023-07-16 16:00:00,5.879847661494871
2023-07-16 17:00:00,5.740719511800936
2023-07-16 18:00:00,5.658351656155627
2023-07-16 19:00:00,5.315102511332807
2023-07-16 20:00:00,5.678992788634035
2023-07-16 21:00:00,5.846886672209344
2023-07-16 22:00:00,5.402315406095979
2023-07-16 23:00:00,5.39010415060129
2023-07-17 00:00:00,5.814240721362604
2023-07-17 01:00:00,5.64895464954188
2023-07-17 02:00:00,5.707610079413086
2023-07-17 03:00:00,5.625328885819345
2023-07-17 04:00:00,6.349819438772103
2023-07-17 05:00:00,5.77809957264787
2023-07-17 06:00:00,5.72186307736354
2023-07-17 07:00:00,5.606905398356621
2023-07-17 08:00:00,29.700575994105748
2023-07-17 09:00:00,33.68253828960544
2023-07-17 10:00:00,41.09558615744417
2023-07-17 11:00:00,49.27426675704741
2023-07-17 12:00:00,58.58440023920637
2023-07-17 13:00:00,64.09711337145934
2023-07-17 14:00:00,73.79219688595762
2023-07-17 15:00:00,79.14636850682908
2023-07-17 16:00:00,81.46042774353124
2023-07-17 17:00:00,83.81173029728168
2023-07-17 18:00:00,85.24892305422293
2023-07-17 19:00:00,81.79307630652934
2023-07-17 20:00:00,5.7582825886819045
2023-07-17 21:00:00,5.5578471105863
2023-07-17 22:00:00,5.566405559461518
2023-07-17 23:00:00,5.6175878929377
2023-07-18 00:00:00,5.716208571049981
2023-07-18 01:00:00,5.431806701951464
2023-07-18 02:00:00,5.7265149635731225
2023-07-18 03:00:00,5.447646163677489
2023-07-18 04:00:00,5.957749851570564
2023-07-18 05:00:00,5.865673763492299
2023-07-18 06:00:00,6.140370847355316
2023-07-18 07:00:00,6.2246956165439356
2023-07-18 08:00:00,42.07824083066573
2023-07-18 09:00:00,50.27982257302244
2023-07-18 10:00:00,56.00375574750257
2023-07-18 11:00:00,64.92663195923016
2023-07-18 12:00:00,71.30644414609054
2023-07-18 13:00:00,75.8761689612531
2023-07-18 14:00:00,82.87383258910447
2023-07-18 15:00:00,83.6865550662697
2023-07-18 16:00:00,84.86680106530822
2023-07-18 17:00:00,86.18723381583223
2023-07-18 18:00:00,84.0505950034713
2023-07-18 19:00:00,79.7600676017615
2023-07-18 20:00:00,6.332029810680622
2023-07-18 21:00:00,6.804302898857096
2023-07-18 22:00:00,6.165616141949208
2023-07-18 23:00:00,6.485191300464905
2023-07-19 00:00:00,6.151266046199951
2023-07-19 01:00:00,5.567207022600074
2023-07-19 02:00:00,5.611168929274316
2023-07-19 03:00:00,5.881587355867577
2023-07-19 04:00:00,5.731930534196449
2023-07-19 05:00:00,6.165651094507649
2023-07-19 06:00:00,5.740057796335442
2023-07-19 07:00:00,6.28007119151838
2023-07-19 08:00:00,48.268468979236474
2023-07-19 09:00:00,51.44392802810945
2023-07-19 10:00:00,59.21021752574875
2023-07-19 11:00:00,63.4370028093098
2023-07-19 12:00:00,68.6124598022223
2023-07-19 13:00:00,71.36198755691915
2023-07-19 14:00:00,77.13456819693975
2023-07-19 15:00:00,78.69687324854439
2023-07-19 16:00:00,80.10352633446635
2023-07-19 17:00:00,80.12504816619379
2023-07-19 18:00:00,79.70975465483826
2023-07-19 19:00:00,75.2960853664943
2023-07-19 20:00:00,5.961314430531761
2023-07-19 21:00:00,6.243834839826562
2023-07-19 22:00:00,5.624110699628822
2023-07-19 23:00:00,5.722730101018587
2023-07-20 00:00:00,5.650919490096663
2023-07-20 01:00:00,5.895057524386038
2023-07-20 02:00:00,5.917523210034879
2023-07-20 03:00:00,6.121354030914948
2023-07-20 04:00:00,6.026940886050004
2023-07-20 05:00:00,5.937536520116486
2023-07-20 06:00:00,6.43401530560461
2023-07-20 07:00:00,6.321440873780226
2023-07-20 08:00:00,36.24847990550533
2023-07-20 09:00:00,44.20266195230629
2023-07-20 10:00:00,51.54508914377117
2023-07-20 11:00:00,56.58099133534648
2023-07-20 12:00:00,59.98721177618963
2023-07-20 13:00:00,63.101314025761404
2023-07-20 14:00:00,69.91371423832332
2023-07-20 15:00:00,70.7789913057569
2023-07-20 16:00:00,71.6793004821787
2023-07-20 17:00:00,69.47351854272337
2023-07-20 18:00:00,66.0608392211494
2023-07-20 19:00:00,62.23547867090278
2023-07-20 20:00:00,6.059767268134581
2023-07-20 21:00:00,5.944886213458463
2023-07-20 22:00:00,5.900059992736146
2023-07-20 23:00:00,5.886782884530897
2023-07-21 00:00:00,5.717120532202585
2023-07-21 01:00:00,5.5841970899024895
2023-07-21 02:00:00,5.61110371691441
2023-07-21 03:00:00,5.851955425040668
2023-07-21 04:00:00,5.959025487367472
2023-07-21 05:00:00,5.542296449556381
2023-07-21 06:00:00,5.469296013386809
2023-07-21 07:00:00,5.152703261201393
2023-07-21 08:00:00,24.82404840678845
2023-07-21 09:00:00,28.658395751417473
2023-07-21 10:00:00,33.74927695841437
2023-07-21 11:00:00,38.92765562105107
2023-07-21 12:00:00,42.36553546689455
2023-07-21 13:00:00,46.33991430098944
2023-07-21 14:00:00,49.64806239630087
2023-07-21 15:00:00,50.45923649885509
2023-07-21 16:00:00,50.86095315352223
2023-07-21 17:00:00,51.044257498245294
2023-07-21 18:00:00,49.76688663452784
2023-07-21 19:00:00,47.304827747911915
2023-07-21 20:00:00,4.892123602728202
2023-07-21 21:00:00,5.140775405167241
2023-07-21 22:00:00,5.551072276421448
2023-07-21 23:00:00,5.707657825662571
2023-07-22 00:00:00,5.106625703054394
2023-07-22 01:00:00,4.93590926289294
2023-07-22 02:00:00,4.85687488742737
2023-07-22 03:00:00,4.52997506502688
2023-07-22 04:00:00,5.267973821314352
2023-07-22 05:00:00,5.077985244671653
2023-07-22 06:00:00,5.044141084463906
2023-07-22 07:00:00,5.779899125308773
2023-07-22 08:00:00,5.2122004246860865
2023-07-22 09:00:00,5.32522832450254
2023-07-22 10:00:00,5.355643121779983
2023-07-22 11:00:00,5.70018413064672
2023-07-22 12:00:00,5.159152019355241
2023-07-22 13:00:00,5.606633566482307
2023-07-22 14:00:00,5.8230890161902265
2023-07-22 15:00:00,6.093317221942843
2023-07-22 16:00:00,5.860657257507588
2023-07-22 17:00:00,5.7374977475997175
2023-07-22 18:00:00,5.224399710066628
2023-07-22 19:00:00,5.326576818113222
2023-07-22 20:00:00,5.857402934875048
2023-07-22 21:00:00,5.827654264730356
2023-07-22 22:00:00,5.281937532238689
2023-07-22 23:00:00,5.55669001407228
2023-07-23 00:00:00,5.009241572624692
2023-07-23 01:00:00,4.584050408435898
2023-07-23 02:00:00,4.45863084721256
2023-07-23 03:00:00,4.8164622252519065
2023-07-23 04:00:00,4.9996848132307585
2023-07-23 05:00:00,5.330819782086555
2023-07-23 06:00:00,5.275265396708681
2023-07-23 07:00:00,5.176769884682911
2023-07-23 08:00:00,5.197717826155241
2023-07-23 09:00:00,5.559125010233784
2023-07-23 10:00:00,5.491964227389096
2023-07-23 11:00:00,5.516084992557529
2023-07-23 12:00:00,5.768139193365061
2023-07-23 13:00:00,5.698777405868165
2023-07-23 14:00:00,5.907900122258713
2023-07-23 15:00:00,6.5229231958601135
2023-07-23 16:00:00,6.039088034027046
2023-07-23 17:00:00,6.547332977670864
2023-07-23 18:00:00,6.728122936194647
2023-07-23 19:00:00,5.988237183650916
2023-07-23 20:00:00,5.556103205667503
2023-07-23 21:00:00,5.488599283119554
2023-07-23 22:00:00,4.936800949677654
2023-07-23 23:00:00,5.037171929595051
2023-07-24 00:00:00,5.532350769853252
2023-07-24 01:00:00,5.718167919939309
2023-07-24 02:00:00,6.040794188824772
2023-07-24 03:00:00,5.769933166670615
2023-07-24 04:00:00,5.482510431588042
2023-07-24 05:00:00,5.789663178127894
2023-07-24 06:00:00,6.039307161676558
2023-07-24 07:00:00,5.961285928542366
2023-07-24 08:00:00,31.369876793587217
2023-07-24 09:00:00,31.944451780761163
2023-07-24 10:00:00,37.21130737113986
2023-07-24 11:00:00,41.48775649343115
2023-07-24 12:00:00,44.34601522630825
2023-07-24 13:00:00,49.83864366480369
2023-07-24 14:00:00,58.036880777008534
2023-07-24 15:00:00,58.68093913547225
2023-07-24 16:00:00,60.76290687701903
2023-07-24 17:00:00,59.91834316378881
2023-07-24 18:00:00,58.02386921719591
2023-07-24 19:00:00,53.4098466898099
2023-07-24 20:00:00,6.053239133957993
2023-07-24 21:00:00,5.933971036785391
2023-07-24 22:00:00,6.055199011276828
2023-07-24 23:00:00,6.191679343650316
2023-07-25 00:00:00,6.238595549474349
2023-07-25 01:00:00,6.336093199636989
2023-07-25 02:00:00,5.983321900183702
2023-07-25 03:00:00,5.967109631910233
2023-07-25 04:00:00,5.569145307686537
2023-07-25 05:00:00,5.991540677464305
2023-07-25 06:00:00,6.418272949315783
2023-07-25 07:00:00,6.719847387810679
2023-07-25 08:00:00,28.393954928406398
2023-07-25 09:00:00,27.869499165402033
2023-07-25 10:00:00,28.934377024802618
2023-07-25 11:00:00,34.25853777975724
2023-07-25 12:00:00,37.60585005344602
2023-07-25 13:00:00,41.7007223685228
2023-07-25 14:00:00,50.60177637744862
2023-07-25 15:00:00,54.623613152708806
2023-07-25 16:00:00,58.34010349911705
2023-07-25 17:00:00,59.19222130045756
2023-07-25 18:00:00,58.381769641950484
2023-07-25 19:00:00,54.39185349751879
2023-07-25 20:00:00,6.265867980533356
2023-07-25 21:00:00,6.030948761338273
2023-07-25 22:00:00,6.280674810677173
2023-07-25 23:00:00,5.673458195414542
2023-07-26 00:00:00,5.671681575582143
2023-07-26 01:00:00,6.525392905040164
2023-07-26 02:00:00,6.412588069433152
2023-07-26 03:00:00,6.624063124080534
2023-07-26 04:00:00,6.710004187001982
2023-07-26 05:00:00,6.927723950565227
2023-07-26 06:00:00,6.875143916464001
2023-07-26 07:00:00,6.7694072522703825
2023-07-26 08:00:00,27.11520589099149
2023-07-26 09:00:00,27.013207008677384
2023-07-26 10:00:00,29.050921460129864
2023-07-26 11:00:00,36.55304937633527
2023-07-26 12:00:00,41.88273867836279
2023-07-26 13:00:00,46.23093584109824
2023-07-26 14:00:00,50.89569070570993
2023-07-26 15:00:00,54.21360572303911
2023-07-26 16:00:00,56.889869226043544
2023-07-26 17:00:00,58.38544840566922
2023-07-26 18:00:00,58.94541598187926
2023-07-26 19:00:00,57.05949206360519
2023-07-26 20:00:00,6.180234674443381
2023-07-26 21:00:00,5.979264093703647
2023-07-26 22:00:00,6.230130516239754
2023-07-26 23:00:00,5.638569288506211
2023-07-27 00:00:00,5.680557563068762
2023-07-27 01:00:00,5.621786463392433
2023-07-27 02:00:00,5.611569184509731
2023-07-27 03:00:00,5.074107398545415
2023-07-27 04:00:00,5.335213369796191
2023-07-27 05:00:00,5.264054240652407
2023-07-27 06:00:00,5.163317497598724
2023-07-27 07:00:00,5.2288348756819305
2023-07-27 08:00:00,30.377043830724286
2023-07-27 09:00:00,34.437999253887725
2023-07-27 10:00:00,41.22769734866376
2023-07-27 11:00:00,45.499495878712736
2023-07-27 12:00:00,51.114238531278595
2023-07-27 13:00:00,53.59968758151636
2023-07-27 14:00:00,60.19775178296637
2023-07-27 15:00:00,63.27108944444895
2023-07-27 16:00:00,65.16735626623041
2023-07-27 17:00:00,64.88073106790429
2023-07-27 18:00:00,63.29877159857341
2023-07-27 19:00:00,60.992180761493174
2023-07-27 20:00:00,6.199469884715512
2023-07-27 21:00:00,6.53089107546229
2023-07-27 22:00:00,5.879182812071184
2023-07-27 23:00:00,5.758332334447014
2023-07-28 00:00:00,5.809612754063043
2023-07-28 01:00:00,5.62589045269996
2023-07-28 02:00:00,5.769865745671291
2023-07-28 03:00:00,5.3304427766697335
2023-07-28 04:00:00,5.9437877744732495
2023-07-28 05:00:00,6.185899436880957
2023-07-28 06:00:00,6.240437791603899
2023-07-28 07:00:00,6.205856826490441
2023-07-28 08:00:00,26.44490815728202
2023-07-28 09:00:00,28.6340490599982
2023-07-28 10:00:00,35.044401097281614
2023-07-28 11:00:00,41.4407120292801
2023-07-28 12:00:00,45.867956314817675
2023-07-28 13:00:00,49.495227490910594
2023-07-28 14:00:00,52.68367501451156
2023-07-28 15:00:00,55.7977661945605
2023-07-28 16:00:00,57.819728154451404
2023-07-28 17:00:00,58.01040763664083
2023-07-28 18:00:00,57.70022198741094
2023-07-28 19:00:00,55.11264120365632
2023-07-28 20:00:00,5.699252077794933
2023-07-28 21:00:00,5.990281227377755
2023-07-28 22:00:00,5.770286004341908
2023-07-28 23:00:00,6.059668388688149
2023-07-29 00:00:00,4.638412797896889
2023-07-29 01:00:00,4.941738709686135
2023-07-29 02:00:00,4.497175062746144
2023-07-29 03:00:00,5.208260703004616
2023-07-29 04:00:00,4.868396550401299
2023-07-29 05:00:00,5.120668836725083
2023-07-29 06:00:00,5.220191345291053
2023-07-29 07:00:00,5.032694114166416
2023-07-29 08:00:00,5.156538362117574
2023-07-29 09:00:00,4.670353199295006
2023-07-29 10:00:00,4.80164492680002
2023-07-29 11:00:00,5.113708962824134
2023-07-29 12:00:00,5.512600483412687
2023-07-29 13:00:00,4.952104167477499
2023-07-29 14:00:00,5.275388091847226
2023-07-29 15:00:00,5.83987918776092
2023-07-29 16:00:00,6.195387985586944
2023-07-29 17:00:00,6.161465650032484
2023-07-29 18:00:00,6.318331746702119
2023-07-29 19:00:00,5.993714156191531
2023-07-29 20:00:00,6.0066731939518
2023-07-29 21:00:00,5.967057630717241
2023-07-29 22:00:00,5.543996538785529
2023-07-29 23:00:00,4.513416283172113
2023-07-30 00:00:00,4.4693787738722595
2023-07-30 01:00:00,4.627269929817236
2023-07-30 02:00:00,4.872927306914882
2023-07-30 03:00:00,4.41775072757206
2023-07-30 04:00:00,4.151305947985615
2023-07-30 05:00:00,4.562678973083171
2023-07-30 06:00:00,4.9093096150190325
2023-07-30 07:00:00,4.834776550580919
2023-07-30 08:00:00,5.07698885161236
2023-07-30 09:00:00,5.6712439309751534
2023-07-30 10:00:00,5.718859562765386
2023-07-30 11:00:00,5.899236781621718
2023-07-30 12:00:00,6.389496645574723
2023-07-30 13:00:00,6.125671313792408
2023-07-30 14:00:00,6.3575095933806685
2023-07-30 15:00:00,6.044984945812745
2023-07-30 16:00:00,5.914651581245331
2023-07-30 17:00:00,5.985912074603423
2023-07-30 18:00:00,5.960497835120289
2023-07-30 19:00:00,5.702254677127391
2023-07-30 20:00:00,5.685056284444488
2023-07-30 21:00:00,5.910827157720474
2023-07-30 22:00:00,5.204778394998681
2023-07-30 23:00:00,5.4247549015305765
2023-07-31 00:00:00,5.2485021562920675
2023-07-31 01:00:00,5.8615813419022365
2023-07-31 02:00:00,5.059440948445549
2023-07-31 03:00:00,5.652062853215888
2023-07-31 04:00:00,5.282970906981809
2023-07-31 05:00:00,5.848090200775801
2023-07-31 06:00:00,5.726026868489681
2023-07-31 07:00:00,5.934969168032039
2023-07-31 08:00:00,32.7434587780116
2023-07-31 09:00:00,40.575341085591674
2023-07-31 10:00:00,49.148734201512084
2023-07-31 11:00:00,54.22585346149741
2023-07-31 12:00:00,60.89004179958501
2023-07-31 13:00:00,64.59945089900486
2023-07-31 14:00:00,73.16323969304764
2023-07-31 15:00:00,76.22144955015992
2023-07-31 16:00:00,75.33390343714493
2023-07-31 17:00:00,75.32477118813156
2023-07-31 18:00:00,75.73047527047555
2023-07-31 19:00:00,70.41856178024982
2023-07-31 20:00:00,6.324311476009882
2023-07-31 21:00:00,6.83135258310631
2023-07-31 22:00:00,6.432086929567133
2023-07-31 23:00:00,5.9888124009945525
2023-08-01 00:00:00,5.537297040437379
2023-08-01 01:00:00,6.238066457196069
2023-08-01 02:00:00,6.012019607341432
2023-08-01 03:00:00,6.3655338602754235
2023-08-01 04:00:00,6.029343901447645
2023-08-01 05:00:00,6.0035650784014445
2023-08-01 06:00:00,6.3218002977126
2023-08-01 07:00:00,6.304530854946757
2023-08-01 08:00:00,33.040272970921336
2023-08-01 09:00:00,38.60080533891793
2023-08-01 10:00:00,43.895152403542234
2023-08-01 11:00:00,50.1298123304982
2023-08-01 12:00:00,55.35358802071302
2023-08-01 13:00:00,62.558876990528645
2023-08-01 14:00:00,69.15220638809069
2023-08-01 15:00:00,72.49039631785548
2023-08-01 16:00:00,74.43450374539536
2023-08-01 17:00:00,73.64637740169937
2023-08-01 18:00:00,72.84661254919877
2023-08-01 19:00:00,71.61999840651
2023-08-01 20:00:00,6.619339647398696
2023-08-01 21:00:00,6.550266814514154
2023-08-01 22:00:00,6.366067477079476
2023-08-01 23:00:00,6.294171807221514
2023-08-02 00:00:00,6.085934997732275
2023-08-02 01:00:00,6.414163974133692
2023-08-02 02:00:00,6.711475826041389
2023-08-02 03:00:00,6.700067832867344
2023-08-02 04:00:00,7.15627436038456
2023-08-02 05:00:00,6.909672991297273
2023-08-02 06:00:00,6.803289155225764
2023-08-02 07:00:00,7.130259363132816
2023-08-02 08:00:00,36.28953959595626
2023-08-02 09:00:00,40.82164377189617
2023-08-02 10:00:00,47.40324988005637
2023-08-02 11:00:00,54.08898092733
2023-08-02 12:00:00,58.726989977701265
2023-08-02 13:00:00,63.007490504902094
2023-08-02 14:00:00,68.60534257148619
2023-08-02 15:00:00,72.22919061230226
2023-08-02 16:00:00,74.07215303578259
2023-08-02 17:00:00,71.83879896665746
2023-08-02 18:00:00,70.4275913438907
2023-08-02 19:00:00,67.05379846592513
2023-08-02 20:00:00,6.779010197264368
2023-08-02 21:00:00,6.108201738702955
2023-08-02 22:00:00,6.178913138017694
2023-08-02 23:00:00,5.655611272956911
2023-08-03 00:00:00,5.904090995352016
2023-08-03 01:00:00,5.978595922334455
2023-08-03 02:00:00,5.720519596469688
2023-08-03 03:00:00,6.036317937635394
2023-08-03 04:00:00,6.1840327102883625
2023-08-03 05:00:00,5.527412345270411
2023-08-03 06:00:00,5.4881585234926415
2023-08-03 07:00:00,5.573479168115761
2023-08-03 08:00:00,29.988574855571436
2023-08-03 09:00:00,31.996014047992297
2023-08-03 10:00:00,38.32352853614964
2023-08-03 11:00:00,44.88550192896982
2023-08-03 12:00:00,49.70592777343828
2023-08-03 13:00:00,52.23461514592963
2023-08-03 14:00:00,57.01050674715646
2023-08-03 15:00:00,60.500594287661755
2023-08-03 16:00:00,63.29295671329418
2023-08-03 17:00:00,62.97952191575752
2023-08-03 18:00:00,60.26884399775323
2023-08-03 19:00:00,55.504144093352664
2023-08-03 20:00:00,6.1718532054239414
2023-08-03 21:00:00,6.576553307903598
2023-08-03 22:00:00,6.205396582049522
2023-08-03 23:00:00,5.402799003412512
2023-08-04 00:00:00,5.341236235098665
2023-08-04 01:00:00,5.3268151468636535
2023-08-04 02:00:00,5.653230307751762
2023-08-04 03:00:00,5.908468709623452
2023-08-04 04:00:00,5.533222382045063
2023-08-04 05:00:00,5.559018933783271
2023-08-04 06:00:00,5.201302964421686
2023-08-04 07:00:00,4.988632144629333
2023-08-04 08:00:00,28.51289547719918
2023-08-04 09:00:00,29.452288277817253
2023-08-04 10:00:00,29.675508596503363
2023-08-04 11:00:00,31.611183345342315
2023-08-04 12:00:00,28.299229441953717
2023-08-04 13:00:00,32.101303578747604
2023-08-04 14:00:00,39.74782339994994
2023-08-04 15:00:00,43.73289280187096
2023-08-04 16:00:00,46.60363507160628
2023-08-04 17:00:00,49.81488735120833
2023-08-04 18:00:00,49.96616204543446
2023-08-04 19:00:00,46.09873256910408
2023-08-04 20:00:00,6.467109344901393
2023-08-04 21:00:00,6.400730252187846
2023-08-04 22:00:00,6.001815952025208
2023-08-04 23:00:00,6.67393958365793
2023-08-05 00:00:00,5.742631567758705
2023-08-05 01:00:00,5.9002017686770545
2023-08-05 02:00:00,5.966637777958811
2023-08-05 03:00:00,5.762857877279283
2023-08-05 04:00:00,6.021659638921642
2023-08-05 05:00:00,5.7427116860937995
2023-08-05 06:00:00,6.0298650866305366
2023-08-05 07:00:00,6.363545147879543
2023-08-05 08:00:00,6.28898101077553
2023-08-05 09:00:00,6.330045379556152
2023-08-05 10:00:00,6.938071737509189
2023-08-05 11:00:00,7.085436559267691
2023-08-05 12:00:00,7.039293594286411
2023-08-05 13:00:00,6.61020257312371
2023-08-05 14:00:00,6.488130845145468
2023-08-05 15:00:00,6.436781356771092
2023-08-05 16:00:00,6.58948278832584
2023-08-05 17:00:00,6.340125710349472
2023-08-05 18:00:00,6.212469366375492
2023-08-05 19:00:00,5.662398307280492
2023-08-05 20:00:00,5.1527977792667325
2023-08-05 21:00:00,4.962038337718604
2023-08-05 22:00:00,4.467314651727866
2023-08-05 23:00:00,4.312182539312446
2023-08-06 00:00:00,4.252596912119392
2023-08-06 01:00:00,3.7190989051894556
2023-08-06 02:00:00,4.174288012293917
2023-08-06 03:00:00,4.882041401302729
2023-08-06 04:00:00,4.6867953563383375
2023-08-06 05:00:00,4.621545819638554
2023-08-06 06:00:00,5.048909815229216
2023-08-06 07:00:00,4.685186986508308
2023-08-06 08:00:00,5.01018393463789
2023-08-06 09:00:00,5.655358426511377
2023-08-06 10:00:00,5.817065814713211
2023-08-06 11:00:00,5.82914167022227
2023-08-06 12:00:00,6.336617884662237
2023-08-06 13:00:00,6.121008871449724
2023-08-06 14:00:00,6.355727652750892
2023-08-06 15:00:00,6.186879229237146
2023-08-06 16:00:00,6.956179756039289
2023-08-06 17:00:00,6.410724575700078
2023-08-06 18:00:00,6.450150345524063
2023-08-06 19:00:00,6.127022544342105
2023-08-06 20:00:00,6.0875783357435465
2023-08-06 21:00:00,5.959393511555108
2023-08-06 22:00:00,6.22006096625394
2023-08-06 23:00:00,5.796297441219597
2023-08-07 00:00:00,5.847275040452934
2023-08-07 01:00:00,6.239763333470216
2023-08-07 02:00:00,6.255165459008097
2023-08-07 03:00:00,6.195185880916095
2023-08-07 04:00:00,5.963826562614833
2023-08-07 05:00:00,6.129241924098879
2023-08-07 06:00:00,5.972700108686638
2023-08-07 07:00:00,6.075418844514983
2023-08-07 08:00:00,31.367035559923952
2023-08-07 09:00:00,33.013480609484155
2023-08-07 10:00:00,37.310969035341216
2023-08-07 11:00:00,44.651463186825524
2023-08-07 12:00:00,52.541637147358486
2023-08-07 13:00:00,58.832639968544775
2023-08-07 14:00:00,66.94239637822463
2023-08-07 15:00:00,71.90723758754143
2023-08-07 16:00:00,74.90188941112915
2023-08-07 17:00:00,76.33705105733783
2023-08-07 18:00:00,77.21206435235248
2023-08-07 19:00:00,75.5383606052844
2023-08-07 20:00:00,7.6870038680448625
2023-08-07 21:00:00,8.008056451316909
2023-08-07 22:00:00,7.92480601448233
2023-08-07 23:00:00,7.467636382943271
2023-08-08 00:00:00,7.385887071605034
2023-08-08 01:00:00,6.773703796923633
2023-08-08 02:00:00,6.2561314305229985
2023-08-08 03:00:00,6.3679309270238775
2023-08-08 04:00:00,6.557521757781712
2023-08-08 05:00:00,6.82005674742101
2023-08-08 06:00:00,6.936798564224726
2023-08-08 07:00:00,7.038182646577791
2023-08-08 08:00:00,36.66541046285618
2023-08-08 09:00:00,42.7659599295514
2023-08-08 10:00:00,47.243686498228946
2023-08-08 11:00:00,53.034028977814415
2023-08-08 12:00:00,59.60946311586622
2023-08-08 13:00:00,66.34880288165283
2023-08-08 14:00:00,73.8914461105307
2023-08-08 15:00:00,79.6054832733544
2023-08-08 16:00:00,82.99736370822379
2023-08-08 17:00:00,85.04044262395625
2023-08-08 18:00:00,85.08591718900495
2023-08-08 19:00:00,82.2091935365288
2023-08-08 20:00:00,5.728230678913248
2023-08-08 21:00:00,5.850348252291277
2023-08-08 22:00:00,5.582610957289169
2023-08-08 23:00:00,5.981020014380617
2023-08-09 00:00:00,5.569322577471036
2023-08-09 01:00:00,5.519673686375465
2023-08-09 02:00:00,5.57796568521802
2023-08-09 03:00:00,5.674481392133388
2023-08-09 04:00:00,5.85148475015388
2023-08-09 05:00:00,6.154443110728323
2023-08-09 06:00:00,5.912024712724682
2023-08-09 07:00:00,5.774844365930293
2023-08-09 08:00:00,38.0939934060214
2023-08-09 09:00:00,45.0031134708848
2023-08-09 10:00:00,51.95797111279178
2023-08-09 11:00:00,58.76108989287194
2023-08-09 12:00:00,69.13927448602831
2023-08-09 13:00:00,74.65589850776456
2023-08-09 14:00:00,82.33096195124253
2023-08-09 15:00:00,84.97703871869396
2023-08-09 16:00:00,87.63448104577158
2023-08-09 17:00:00,86.52441907445163
2023-08-09 18:00:00,84.49420446399807
2023-08-09 19:00:00,81.90010221566502
2023-08-09 20:00:00,6.91122650515817
2023-08-09 21:00:00,6.554406377914297
2023-08-09 22:00:00,6.8675652448715345
2023-08-09 23:00:00,6.706135916714232
2023-08-10 00:00:00,7.086440755043885
2023-08-10 01:00:00,7.569487813109505
2023-08-10 02:00:00,7.319664921711805
2023-08-10 03:00:00,7.026456614808172
2023-08-10 04:00:00,7.096780012190921
2023-08-10 05:00:00,7.124075291318961
2023-08-10 06:00:00,7.4785364044075875
2023-08-10 07:00:00,6.954738542116014
2023-08-10 08:00:00,39.26479137393708
2023-08-10 09:00:00,45.58836680405578
2023-08-10 10:00:00,50.05812247749746
2023-08-10 11:00:00,58.278702722387315
2023-08-10 12:00:00,65.44432495671855
2023-08-10 13:00:00,70.12448814036506
2023-08-10 14:00:00,74.47918755661448
2023-08-10 15:00:00,78.41223157294944
2023-08-10 16:00:00,79.96360465394288
2023-08-10 17:00:00,79.88851620492017
2023-08-10 18:00:00,79.439772140079
2023-08-10 19:00:00,75.14937667887195
2023-08-10 20:00:00,6.221360746971541
2023-08-10 21:00:00,6.495637207055728
2023-08-10 22:00:00,6.9451557054957815
2023-08-10 23:00:00,6.503774384953411
2023-08-11 00:00:00,6.770014677584095
2023-08-11 01:00:00,6.917063818452064
2023-08-11 02:00:00,6.874136878495746
2023-08-11 03:00:00,6.3816386864992385
2023-08-11 04:00:00,6.685640602277851
2023-08-11 05:00:00,7.167517988402738
2023-08-11 06:00:00,7.489838469709562
2023-08-11 07:00:00,6.87067852498568
2023-08-11 08:00:00,35.02779596084179
2023-08-11 09:00:00,42.89492965759812
2023-08-11 10:00:00,49.2430449908342
2023-08-11 11:00:00,56.27404991354652
2023-08-11 12:00:00,63.300808371787475
2023-08-11 13:00:00,70.56566934657837
2023-08-11 14:00:00,78.63980090918064
2023-08-11 15:00:00,82.55420324372966
2023-08-11 16:00:00,83.91333033168304
2023-08-11 17:00:00,83.57180206611217
2023-08-11 18:00:00,82.30277551729327
2023-08-11 19:00:00,80.23008856164238
2023-08-11 20:00:00,6.660839330066487
2023-08-11 21:00:00,6.4906221167975975
2023-08-11 22:00:00,6.523652811367441
2023-08-11 23:00:00,6.373455170917415
2023-08-12 00:00:00,6.124282355467419
2023-08-12 01:00:00,5.578137812986506
2023-08-12 02:00:00,5.643248728570746
2023-08-12 03:00:00,5.9130600043860735
2023-08-12 04:00:00,5.292269637570115
2023-08-12 05:00:00,5.427506179506354
2023-08-12 06:00:00,5.347346443878996
2023-08-12 07:00:00,5.5842729925209005
2023-08-12 08:00:00,5.331531294172356
2023-08-12 09:00:00,5.790495649104839
2023-08-12 10:00:00,6.358569060726211
2023-08-12 11:00:00,6.262131687134679
2023-08-12 12:00:00,6.485572214177657
2023-08-12 13:00:00,6.884876898292422
2023-08-12 14:00:00,6.649899367810835
2023-08-12 15:00:00,7.2269751720751065
2023-08-12 16:00:00,7.108934340450768
2023-08-12 17:00:00,7.249251103466948
2023-08-12 18:00:00,7.2268414715324365
2023-08-12 19:00:00,7.147078069954552
2023-08-12 20:00:00,6.854688308636101
2023-08-12 21:00:00,6.8029701293739135
2023-08-12 22:00:00,6.466376137459543
2023-08-12 23:00:00,6.490701989609839
2023-08-13 00:00:00,6.1946224350308405
2023-08-13 01:00:00,6.248169593612578
2023-08-13 02:00:00,5.906885987829333
2023-08-13 03:00:00,6.112600776756876
2023-08-13 04:00:00,6.60296728526387
2023-08-13 05:00:00,6.348604789816614
2023-08-13 06:00:00,5.763350078995998
2023-08-13 07:00:00,6.262626995640822
2023-08-13 08:00:00,6.741549164693286
2023-08-13 09:00:00,6.979534871202003
2023-08-13 10:00:00,6.7353435056838435
2023-08-13 11:00:00,6.395530579787638
2023-08-13 12:00:00,6.024833143914722
2023-08-13 13:00:00,6.255940429353122
2023-08-13 14:00:00,6.847740868407643
2023-08-13 15:00:00,5.901840154170053
2023-08-13 16:00:00,5.804453860247106
2023-08-13 17:00:00,5.4034080766736405
2023-08-13 18:00:00,5.693515583385333
2023-08-13 19:00:00,6.1193195002331064
2023-08-13 20:00:00,5.816682003664617
2023-08-13 21:00:00,6.028600868544925
2023-08-13 22:00:00,5.608541764606759
2023-08-13 23:00:00,5.721828816926373
2023-08-14 00:00:00,6.034645234102716
2023-08-14 01:00:00,6.347473880587744
2023-08-14 02:00:00,5.915289306119428
2023-08-14 03:00:00,5.91821831816
2023-08-14 04:00:00,5.967005814244952
2023-08-14 05:00:00,6.294995039970388
2023-08-14 06:00:00,6.1480346894714675
2023-08-14 07:00:00,6.083104277128888
2023-08-14 08:00:00,32.71857324219636
2023-08-14 09:00:00,39.11613246700445
2023-08-14 10:00:00,47.30224982502931
2023-08-14 11:00:00,51.6113465166075
2023-08-14 12:00:00,57.06723606919323
2023-08-14 13:00:00,61.56797472692518
2023-08-14 14:00:00,66.91110812392944
2023-08-14 15:00:00,69.41822365752753
2023-08-14 16:00:00,70.48742335979178
2023-08-14 17:00:00,71.871884340375
2023-08-14 18:00:00,69.62869469710617
2023-08-14 19:00:00,66.25172748164714
2023-08-14 20:00:00,6.522814167581826
2023-08-14 21:00:00,6.098837787533256
2023-08-14 22:00:00,6.1623503675528015
2023-08-14 23:00:00,6.088164965520616
2023-08-15 00:00:00,6.058884252568942
2023-08-15 01:00:00,6.191484146945249
2023-08-15 02:00:00,5.89611975789569
2023-08-15 03:00:00,5.7412080499421565
2023-08-15 04:00:00,6.036122512257716
2023-08-15 05:00:00,6.736631679661181
2023-08-15 06:00:00,6.361633275167691
2023-08-15 07:00:00,6.754001803611337
2023-08-15 08:00:00,27.373556026205648
2023-08-15 09:00:00,35.525966118541376
2023-08-15 10:00:00,42.812284725889846
2023-08-15 11:00:00,49.508727732608314
2023-08-15 12:00:00,53.87877511578378
2023-08-15 13:00:00,58.40375023973982
2023-08-15 14:00:00,67.66820705570957
2023-08-15 15:00:00,68.72387149886261
2023-08-15 16:00:00,69.18144596587084
2023-08-15 17:00:00,70.61254462799319
2023-08-15 18:00:00,68.92833217449949
2023-08-15 19:00:00,66.16696513608287
2023-08-15 20:00:00,6.327887825122208
2023-08-15 21:00:00,6.354898101147164
2023-08-15 22:00:00,5.812722169733836
2023-08-15 23:00:00,5.512430656043868
2023-08-16 00:00:00,5.978001023264291
2023-08-16 01:00:00,5.9907161534339695
2023-08-16 02:00:00,5.9816306353670186
2023-08-16 03:00:00,5.592659621754341
2023-08-16 04:00:00,6.057118807367673
2023-08-16 05:00:00,6.1236806070618215
2023-08-16 06:00:00,5.724265314370866
2023-08-16 07:00:00,6.1830050616118415
2023-08-16 08:00:00,32.44571735427442
2023-08-16 09:00:00,36.7675707914933
2023-08-16 10:00:00,43.01998369614664
2023-08-16 11:00:00,49.34443336671234
2023-08-16 12:00:00,55.36308649802458
2023-08-16 13:00:00,60.61581883447117
2023-08-16 14:00:00,67.55825782149617
2023-08-16 15:00:00,69.2279417132987
2023-08-16 16:00:00,70.08668569126164
2023-08-16 17:00:00,71.03410447765948
2023-08-16 18:00:00,69.64097961682836
2023-08-16 19:00:00,67.24244167223307
2023-08-16 20:00:00,7.049208073244337
2023-08-16 21:00:00,6.900069060171564
2023-08-16 22:00:00,6.673914470681734
2023-08-16 23:00:00,6.347103326622378
2023-08-17 00:00:00,6.610081231367222
2023-08-17 01:00:00,6.248038516795295
2023-08-17 02:00:00,6.212585074648627
2023-08-17 03:00:00,6.130812367414554
2023-08-17 04:00:00,5.73153861817937
2023-08-17 05:00:00,6.057934990330759
2023-08-17 06:00:00,6.428850940493714
2023-08-17 07:00:00,6.1452004710147285
2023-08-17 08:00:00,27.378932530879176
2023-08-17 09:00:00,34.64775340863899
2023-08-17 10:00:00,41.01120696013143
2023-08-17 11:00:00,48.79595146540805
2023-08-17 12:00:00,54.57995115583198
2023-08-17 13:00:00,59.15518463031546
2023-08-17 14:00:00,62.49829030350947
2023-08-17 15:00:00,64.41181569577441
2023-08-17 16:00:00,64.88340492655834
2023-08-17 17:00:00,63.890208350294834
2023-08-17 18:00:00,62.410740169173806
2023-08-17 19:00:00,58.44201400782752
2023-08-17 20:00:00,5.815468254603514
2023-08-17 21:00:00,5.573963143394388
2023-08-17 22:00:00,5.931416934284226
2023-08-17 23:00:00,5.718870927860593
2023-08-18 00:00:00,5.942091944758142
2023-08-18 01:00:00,5.806325517357162
2023-08-18 02:00:00,6.300754321614348
2023-08-18 03:00:00,5.749567670609803
2023-08-18 04:00:00,5.787142117820646
2023-08-18 05:00:00,5.526242714689976
2023-08-18 06:00:00,5.175952267022045
2023-08-18 07:00:00,5.273663123400541
2023-08-18 08:00:00,30.280948619159382
2023-08-18 09:00:00,32.2567798455906
2023-08-18 10:00:00,41.06917852842955
2023-08-18 11:00:00,44.8211434902796
2023-08-18 12:00:00,50.36161271098753
2023-08-18 13:00:00,55.17196696860914
2023-08-18 14:00:00,62.63745666718227
2023-08-18 15:00:00,64.96892128446943
2023-08-18 16:00:00,64.90614118081346
2023-08-18 17:00:00,64.53778335755332
2023-08-18 18:00:00,63.311506497112404
2023-08-18 19:00:00,60.13985209348083
2023-08-18 20:00:00,5.5221575740420965
2023-08-18 21:00:00,5.886128618665596
2023-08-18 22:00:00,5.781397456329863
2023-08-18 23:00:00,5.567535512627006
2023-08-19 00:00:00,5.597338197880543
2023-08-19 01:00:00,5.576481310454708
2023-08-19 02:00:00,5.151633076401171
2023-08-19 03:00:00,5.331379303471572
2023-08-19 04:00:00,5.437736303037941
2023-08-19 05:00:00,5.182704840742399
2023-08-19 06:00:00,5.772748521806696
2023-08-19 07:00:00,5.611311686254451
2023-08-19 08:00:00,5.523419294704909
2023-08-19 09:00:00,5.807040848346045
2023-08-19 10:00:00,5.790952626896479
2023-08-19 11:00:00,5.829465022761592
2023-08-19 12:00:00,6.150706200287007
2023-08-19 13:00:00,6.368894022088224
2023-08-19 14:00:00,6.321153842453508
2023-08-19 15:00:00,5.878481989100899
2023-08-19 16:00:00,5.6840131286341915
2023-08-19 17:00:00,4.946771380551631
2023-08-19 18:00:00,5.332588937625884
2023-08-19 19:00:00,5.074489906095942
2023-08-19 20:00:00,4.920558304821494
2023-08-19 21:00:00,5.419722334144208
2023-08-19 22:00:00,5.368495570618767
2023-08-19 23:00:00,4.641924739895084
2023-08-20 00:00:00,4.635775698065691
2023-08-20 01:00:00,5.196818923295777
2023-08-20 02:00:00,6.01227002280525
2023-08-20 03:00:00,6.1427616901861875
2023-08-20 04:00:00,6.327464340231742
2023-08-20 05:00:00,5.844697988469047
2023-08-20 06:00:00,6.051640384316749
2023-08-20 07:00:00,5.91459805702317
2023-08-20 08:00:00,6.367311545731676
2023-08-20 09:00:00,6.189264590585166
2023-08-20 10:00:00,6.215211871041278
2023-08-20 11:00:00,6.601958608303852
2023-08-20 12:00:00,6.447795286661733
2023-08-20 13:00:00,6.807751494757719
2023-08-20 14:00:00,6.206550607568829
2023-08-20 15:00:00,6.484051678483713
2023-08-20 16:00:00,6.411633913960202
2023-08-20 17:00:00,7.110326747760321
2023-08-20 18:00:00,7.08106190320771
2023-08-20 19:00:00,6.363934954576326
2023-08-20 20:00:00,6.221065495780608
2023-08-20 21:00:00,6.2327921347534945
2023-08-20 22:00:00,6.203409576440041
2023-08-20 23:00:00,5.758082721699849
2023-08-21 00:00:00,6.250811077818287
2023-08-21 01:00:00,6.216671287670981
2023-08-21 02:00:00,6.623443266504367
2023-08-21 03:00:00,6.406156000540283
2023-08-21 04:00:00,5.910486123219013
2023-08-21 05:00:00,6.2440822093317845
2023-08-21 06:00:00,6.206612934823533
2023-08-21 07:00:00,6.4657776773216735
2023-08-21 08:00:00,42.345330537455794
2023-08-21 09:00:00,50.46605610441924
2023-08-21 10:00:00,57.423174626483515
2023-08-21 11:00:00,62.07608030557853
2023-08-21 12:00:00,70.788515123162
2023-08-21 13:00:00,75.03079810758706
2023-08-21 14:00:00,81.82739151543431
2023-08-21 15:00:00,85.50251741597603
2023-08-21 16:00:00,87.02275025785436
2023-08-21 17:00:00,86.63445565092918
2023-08-21 18:00:00,84.65519108291515
2023-08-21 19:00:00,82.70449353261633
2023-08-21 20:00:00,6.691398644283772
2023-08-21 21:00:00,6.16429559168424
2023-08-21 22:00:00,6.0589792512295
2023-08-21 23:00:00,6.094149021773777
2023-08-22 00:00:00,6.398623666972389
2023-08-22 01:00:00,6.237848342053601
2023-08-22 02:00:00,6.22422470478213
2023-08-22 03:00:00,6.612396901571804
2023-08-22 04:00:00,6.449990243088211
2023-08-22 05:00:00,6.392136463616475
2023-08-22 06:00:00,6.49752985297086
2023-08-22 07:00:00,6.7054416706830455
2023-08-22 08:00:00,43.213525647771576
2023-08-22 09:00:00,51.94538611389049
2023-08-22 10:00:00,58.09996364086465
2023-08-22 11:00:00,64.36267777510659
2023-08-22 12:00:00,69.07987171801787
2023-08-22 13:00:00,72.77255737377385
2023-08-22 14:00:00,80.36358183341117
2023-08-22 15:00:00,83.02965946345196
2023-08-22 16:00:00,84.87034210733675
2023-08-22 17:00:00,83.67695527123776
2023-08-22 18:00:00,81.64953478513947
2023-08-22 19:00:00,80.65756071580456
2023-08-22 20:00:00,6.5953062046295345
2023-08-22 21:00:00,6.667455058960777
2023-08-22 22:00:00,6.907146663451311
2023-08-22 23:00:00,6.921933693709255
2023-08-23 00:00:00,6.548615045256714
2023-08-23 01:00:00,5.931651270002614
2023-08-23 02:00:00,6.708210886553656
2023-08-23 03:00:00,6.133743890520522
2023-08-23 04:00:00,7.014187306976393
2023-08-23 05:00:00,6.88693511707814
2023-08-23 06:00:00,7.100458848212249
2023-08-23 07:00:00,6.82782790639626
2023-08-23 08:00:00,38.073422191800994
2023-08-23 09:00:00,45.61458073268816
2023-08-23 10:00:00,52.5336026267123
2023-08-23 11:00:00,57.027717218790855
2023-08-23 12:00:00,63.34636734217555
2023-08-23 13:00:00,68.5772436194434
2023-08-23 14:00:00,71.37161383136237
2023-08-23 15:00:00,75.32200444702218
2023-08-23 16:00:00,76.03863565754045
2023-08-23 17:00:00,76.74730654863541
2023-08-23 18:00:00,74.95188007855144
2023-08-23 19:00:00,69.46829946597532
2023-08-23 20:00:00,5.615597288668529
2023-08-23 21:00:00,6.0238729201710495
2023-08-23 22:00:00,5.882460067442322
2023-08-23 23:00:00,6.134648728734727
2023-08-24 00:00:00,6.162500719118213
2023-08-24 01:00:00,5.439142339700492
2023-08-24 02:00:00,5.481961015628709
2023-08-24 03:00:00,6.2074867976143455
2023-08-24 04:00:00,6.430874285793687
2023-08-24 05:00:00,5.961204165563211
2023-08-24 06:00:00,5.77248821942446
2023-08-24 07:00:00,5.739706866569782
2023-08-24 08:00:00,34.14112714571547
2023-08-24 09:00:00,41.13482195612889
2023-08-24 10:00:00,48.97397968293606
2023-08-24 11:00:00,55.56109830701465
2023-08-24 12:00:00,61.997240213350786
2023-08-24 13:00:00,67.85381877532475
2023-08-24 14:00:00,71.79180554727674
2023-08-24 15:00:00,75.55194699081933
2023-08-24 16:00:00,76.47004355066805
2023-08-24 17:00:00,76.59763220330035
2023-08-24 18:00:00,74.79080729673016
2023-08-24 19:00:00,70.37563576015219
2023-08-24 20:00:00,5.98851061093371
2023-08-24 21:00:00,5.94690850927215
2023-08-24 22:00:00,5.754341453273237
2023-08-24 23:00:00,5.756675112759756
2023-08-25 00:00:00,5.883339600376658
2023-08-25 01:00:00,5.608909338723302
2023-08-25 02:00:00,5.790771197431346
2023-08-25 03:00:00,5.858129311627771
2023-08-25 04:00:00,5.718261950828416
2023-08-25 05:00:00,6.110036660627035
2023-08-25 06:00:00,6.137445326721766
2023-08-25 07:00:00,6.207892363255076
2023-08-25 08:00:00,35.95439736150872
2023-08-25 09:00:00,44.233388859204084
2023-08-25 10:00:00,51.51345315737739
2023-08-25 11:00:00,58.31614470949457
2023-08-25 12:00:00,64.15452379444396
2023-08-25 13:00:00,69.7560169108269
2023-08-25 14:00:00,78.6435890775847
2023-08-25 15:00:00,79.50236720697345
2023-08-25 16:00:00,80.50263734525198
2023-08-25 17:00:00,80.25276573184226
2023-08-25 18:00:00,77.43069795766522
2023-08-25 19:00:00,73.06136822297015
2023-08-25 20:00:00,6.118569662775348
2023-08-25 21:00:00,5.430121572386006
2023-08-25 22:00:00,5.779549277350608
2023-08-25 23:00:00,6.4782383916253234
2023-08-26 00:00:00,5.984506028389754
2023-08-26 01:00:00,5.468976138847358
2023-08-26 02:00:00,5.948942006392696
2023-08-26 03:00:00,5.714650597244773
2023-08-26 04:00:00,5.774704296060725
2023-08-26 05:00:00,6.056193679159531
2023-08-26 06:00:00,6.339055942921681
2023-08-26 07:00:00,7.204051230505379
2023-08-26 08:00:00,6.970264955520699
2023-08-26 09:00:00,6.723212992208221
2023-08-26 10:00:00,6.531292762659734
2023-08-26 11:00:00,6.312785044653367
2023-08-26 12:00:00,6.162414146854975
2023-08-26 13:00:00,6.636633569183458
2023-08-26 14:00:00,6.48872856982814
2023-08-26 15:00:00,6.783473482759791
2023-08-26 16:00:00,6.1928608886427465
2023-08-26 17:00:00,6.3414334679775335
2023-08-26 18:00:00,6.438939493633029
2023-08-26 19:00:00,6.719682255124458
2023-08-26 20:00:00,6.379963831890227
2023-08-26 21:00:00,6.297870171144097
2023-08-26 22:00:00,6.18952611080849
2023-08-26 23:00:00,5.412865246905422
2023-08-27 00:00:00,5.241688898668925
2023-08-27 01:00:00,5.955512534175595
2023-08-27 02:00:00,5.656754858060789
2023-08-27 03:00:00,5.56559378583379
2023-08-27 04:00:00,5.555859194338358
2023-08-27 05:00:00,5.38267968680508
2023-08-27 06:00:00,5.768518448346809
2023-08-27 07:00:00,6.168335858464356
2023-08-27 08:00:00,6.321054545835025
2023-08-27 09:00:00,6.311167421614062
2023-08-27 10:00:00,6.349536122783193
2023-08-27 11:00:00,7.16717873848276
2023-08-27 12:00:00,7.416662472111291
2023-08-27 13:00:00,7.1369870982428685
2023-08-27 14:00:00,6.8860577174429
2023-08-27 15:00:00,6.649436786043597
2023-08-27 16:00:00,6.704582418962698
2023-08-27 17:00:00,6.569499827655751
2023-08-27 18:00:00,5.478142266502425
2023-08-27 19:00:00,5.898269368247534
2023-08-27 20:00:00,5.971749680724037
2023-08-27 21:00:00,5.517572856612711
2023-08-27 22:00:00,5.883659180053926
2023-08-27 23:00:00,5.24875668993575
2023-08-28 00:00:00,5.639612390749451
2023-08-28 01:00:00,5.719469236216588
2023-08-28 02:00:00,5.184699750015549
2023-08-28 03:00:00,6.137633491362413
2023-08-28 04:00:00,5.8920246466808095
2023-08-28 05:00:00,6.189945869249053
2023-08-28 06:00:00,6.622163321032288
2023-08-28 07:00:00,6.557986946289444
2023-08-28 08:00:00,6.844426690818908
2023-08-28 09:00:00,7.40288413306741
2023-08-28 10:00:00,6.890542169254026
2023-08-28 11:00:00,6.448941882136339
2023-08-28 12:00:00,6.407303384666405
2023-08-28 13:00:00,6.380377208059118
2023-08-28 14:00:00,6.587574270787831
2023-08-28 15:00:00,6.57145558441276
2023-08-28 16:00:00,6.849071981601642
2023-08-28 17:00:00,7.050092762703175
2023-08-28 18:00:00,6.686991188922522
2023-08-28 19:00:00,6.897041580046895
2023-08-28 20:00:00,6.507794303160572
2023-08-28 21:00:00,6.10260515703471
2023-08-28 22:00:00,6.052677312181663
2023-08-28 23:00:00,5.2700405148946095
2023-08-29 00:00:00,6.238521239594515
2023-08-29 01:00:00,5.876550493507634
2023-08-29 02:00:00,5.842259466811011
2023-08-29 03:00:00,6.388578983089534
2023-08-29 04:00:00,6.275912846150665
2023-08-29 05:00:00,6.296313053243563
2023-08-29 06:00:00,6.474581565396371
2023-08-29 07:00:00,6.868826747371274
2023-08-29 08:00:00,6.959391636758979
2023-08-29 09:00:00,7.019074390053332
2023-08-29 10:00:00,7.419963588133395
2023-08-29 11:00:00,7.684572657662245
2023-08-29 12:00:00,7.620641903465873
2023-08-29 13:00:00,8.020306299784842
2023-08-29 14:00:00,8.419415837364912
2023-08-29 15:00:00,8.059439106874807
2023-08-29 16:00:00,8.139834203307267
2023-08-29 17:00:00,7.972759272197433
2023-08-29 18:00:00,8.28166776558032
2023-08-29 19:00:00,7.463915583597276
2023-08-29 20:00:00,7.400028841032966
2023-08-29 21:00:00,6.634653653903911
2023-08-29 22:00:00,6.3772224412489935
2023-08-29 23:00:00,6.045801895231507
2023-08-30 00:00:00,6.076296857256227
2023-08-30 01:00:00,6.200057801341921
2023-08-30 02:00:00,6.611163147257477
2023-08-30 03:00:00,6.259480226736522
2023-08-30 04:00:00,6.087871116387793
2023-08-30 05:00:00,6.763685814382348
2023-08-30 06:00:00,6.7428749311090055
2023-08-30 07:00:00,6.895072369995101
2023-08-30 08:00:00,34.33399746545347
2023-08-30 09:00:00,31.041793507757667
2023-08-30 10:00:00,32.06348740233838
2023-08-30 11:00:00,30.059356999500924
2023-08-30 12:00:00,31.281022188418255
2023-08-30 13:00:00,35.86873425237447
2023-08-30 14:00:00,43.37181280365886
2023-08-30 15:00:00,44.95551348939506
2023-08-30 16:00:00,47.80101118709584
2023-08-30 17:00:00,45.402486473798646
2023-08-30 18:00:00,42.84268778770698
2023-08-30 19:00:00,42.704493949702446
2023-08-30 20:00:00,6.748202937210519
2023-08-30 21:00:00,6.702104449505639
2023-08-30 22:00:00,6.259716486278432
2023-08-30 23:00:00,6.136024153649999
2023-08-31 00:00:00,5.717178789890555
2023-08-31 01:00:00,5.711424894068766
2023-08-31 02:00:00,6.29027684482051
2023-08-31 03:00:00,6.262871234828304
2023-08-31 04:00:00,6.431116584389058
2023-08-31 05:00:00,6.43103753871582
2023-08-31 06:00:00,7.004150111861644
2023-08-31 07:00:00,7.041705742722786
2023-08-31 08:00:00,27.048685171476357
2023-08-31 09:00:00,26.740598713109396
2023-08-31 10:00:00,26.8009270256441
2023-08-31 11:00:00,30.228281547927722
2023-08-31 12:00:00,36.63084663688457
2023-08-31 13:00:00,41.155922062468306
2023-08-31 14:00:00,45.88189959196319
2023-08-31 15:00:00,48.67834643578451
2023-08-31 16:00:00,50.399564567900555
2023-08-31 17:00:00,50.69331942722174
2023-08-31 18:00:00,50.7630217957369
2023-08-31 19:00:00,47.505252384224306
2023-08-31 20:00:00,6.801171053871469
2023-08-31 21:00:00,6.817228870361726
2023-08-31 22:00:00,6.442274172358825
2023-08-31 23:00:00,6.248943254464634
2023-09-01 00:00:00,6.127650161335894
2023-09-01 01:00:00,5.65717893085419
2023-09-01 02:00:00,5.852286160224482
2023-09-01 03:00:00,5.237818581224947
2023-09-01 04:00:00,5.938183315514944
2023-09-01 05:00:00,5.359585292428214
2023-09-01 06:00:00,5.784018034680539
2023-09-01 07:00:00,5.382373966199911
2023-09-01 08:00:00,26.402047175996024
2023-09-01 09:00:00,28.071990787921003
2023-09-01 10:00:00,30.743266502279464
2023-09-01 11:00:00,36.45644296056983
2023-09-01 12:00:00,43.67997068565627
2023-09-01 13:00:00,49.200157153831654
2023-09-01 14:00:00,55.71185000301629
2023-09-01 15:00:00,57.23082015553322
2023-09-01 16:00:00,58.24764515490392
2023-09-01 17:00:00,59.56921052090938
2023-09-01 18:00:00,56.737655450883416
2023-09-01 19:00:00,52.22095991842569
2023-09-01 20:00:00,7.298095031168779
2023-09-01 21:00:00,6.74685276393605
2023-09-01 22:00:00,6.612698162568456
2023-09-01 23:00:00,6.272786086073517
2023-09-02 00:00:00,5.729886668174211
2023-09-02 01:00:00,6.065745867999415
2023-09-02 02:00:00,5.933821173793535
2023-09-02 03:00:00,6.351409419950466
2023-09-02 04:00:00,6.541379186320097
2023-09-02 05:00:00,6.846535605762663
2023-09-02 06:00:00,6.454686362149103
2023-09-02 07:00:00,6.8229144951940786
2023-09-02 08:00:00,6.592111473230143
2023-09-02 09:00:00,6.346748224608539
2023-09-02 10:00:00,6.112862295812089
2023-09-02 11:00:00,6.927793994162826
2023-09-02 12:00:00,6.458396560794044
2023-09-02 13:00:00,7.00096778262403
2023-09-02 14:00:00,7.464401182941564
2023-09-02 15:00:00,7.780721879236501
2023-09-02 16:00:00,7.622919149094975
2023-09-02 17:00:00,7.4459250502212635
2023-09-02 18:00:00,6.944385506026242
2023-09-02 19:00:00,7.0089674351326
2023-09-02 20:00:00,6.4940102371449635
2023-09-02 21:00:00,6.4224454276675855
2023-09-02 22:00:00,6.572329341624285
2023-09-02 23:00:00,6.816882475639541
2023-09-03 00:00:00,6.988153306316935
2023-09-03 01:00:00,6.525587873583099
2023-09-03 02:00:00,6.169271793965874
2023-09-03 03:00:00,6.532608241690361
2023-09-03 04:00:00,6.274287012676984
2023-09-03 05:00:00,6.842320781696876
2023-09-03 06:00:00,6.8105485284450475
2023-09-03 07:00:00,7.2597541064379705
2023-09-03 08:00:00,7.614031597044021
2023-09-03 09:00:00,7.4209446303354625
2023-09-03 10:00:00,7.626837340386297
2023-09-03 11:00:00,7.791840843653776
2023-09-03 12:00:00,8.278087129776207
2023-09-03 13:00:00,8.31967231145106
2023-09-03 14:00:00,8.210416880338265
2023-09-03 15:00:00,7.960632539952931
2023-09-03 16:00:00,8.189942052235518
2023-09-03 17:00:00,8.062625697388988
2023-09-03 18:00:00,7.616424667750229
2023-09-03 19:00:00,7.978162291393173
2023-09-03 20:00:00,7.569072218161819
2023-09-03 21:00:00,7.136363031970304
2023-09-03 22:00:00,6.817472061984744
2023-09-03 23:00:00,6.573723865740749
2023-09-04 00:00:00,7.762566936070663
2023-09-04 01:00:00,7.237920852869997
2023-09-04 02:00:00,6.847353352533581
2023-09-04 03:00:00,6.843660681025754
2023-09-04 04:00:00,7.116456366303475
2023-09-04 05:00:00,7.276038977718798
2023-09-04 06:00:00,7.4927602816062455
2023-09-04 07:00:00,7.483851742421209
2023-09-04 08:00:00,7.613427184691248
2023-09-04 09:00:00,7.909811258519761
2023-09-04 10:00:00,7.7819865084676465
2023-09-04 11:00:00,7.58348784347548
2023-09-04 12:00:00,7.856304761085708
2023-09-04 13:00:00,7.789511331046679
2023-09-04 14:00:00,7.734933185241429
2023-09-04 15:00:00,7.462811963137451
2023-09-04 16:00:00,7.273754109959967
2023-09-04 17:00:00,7.891913653283368
2023-09-04 18:00:00,8.257231902222278
2023-09-04 19:00:00,7.733326907073128
2023-09-04 20:00:00,7.1550484857425705
2023-09-04 21:00:00,6.752838678618724
2023-09-04 22:00:00,6.470410388556789
2023-09-04 23:00:00,6.616830641376501
2023-09-05 00:00:00,6.853632826132961
2023-09-05 01:00:00,6.83160157400204
2023-09-05 02:00:00,6.494125129985832
2023-09-05 03:00:00,6.419064340695928
2023-09-05 04:00:00,6.511458095957071
2023-09-05 05:00:00,6.693223518523407
2023-09-05 06:00:00,6.33561869653075
2023-09-05 07:00:00,5.768273441934392
2023-09-05 08:00:00,5.947913661407096
2023-09-05 09:00:00,6.124841188586605
2023-09-05 10:00:00,6.469767545681054
2023-09-05 11:00:00,6.696144359481021
2023-09-05 12:00:00,6.002955668073334
2023-09-05 13:00:00,6.000000854146648
2023-09-05 14:00:00,6.340179335862767
2023-09-05 15:00:00,5.540071994313576
2023-09-05 16:00:00,5.897672493664644
2023-09-05 17:00:00,5.261652656450134
2023-09-05 18:00:00,5.847482428131214
2023-09-05 19:00:00,5.544139537607572
2023-09-05 20:00:00,5.623268039541412
2023-09-05 21:00:00,6.4750726749797884
2023-09-05 22:00:00,5.859609743135915
2023-09-05 23:00:00,5.879997036322717
2023-09-06 00:00:00,5.463922334653986
2023-09-06 01:00:00,5.326769837295382
2023-09-06 02:00:00,5.768787272042194
2023-09-06 03:00:00,5.658198258607737
2023-09-06 04:00:00,5.3387292201711976
2023-09-06 05:00:00,5.448374404534022
2023-09-06 06:00:00,5.722436881502527
2023-09-06 07:00:00,6.12185540690499
2023-09-06 08:00:00,6.101792643201518
2023-09-06 09:00:00,5.986072956442971
2023-09-06 10:00:00,6.546067289670726
2023-09-06 11:00:00,6.530912036983958
2023-09-06 12:00:00,7.022700274136787
2023-09-06 13:00:00,7.31261814374219
2023-09-06 14:00:00,7.199042025106137
2023-09-06 15:00:00,7.277988235881664
2023-09-06 16:00:00,7.016091049952995
2023-09-06 17:00:00,7.543494851081691
2023-09-06 18:00:00,7.3416147743072475
2023-09-06 19:00:00,7.22278213155307
2023-09-06 20:00:00,7.297732304735125
2023-09-06 21:00:00,7.015004151600973
2023-09-06 22:00:00,7.201506441566108
2023-09-06 23:00:00,6.67318512588681
2023-09-07 00:00:00,6.891770794389935
2023-09-07 01:00:00,6.318588581485198
2023-09-07 02:00:00,6.11299732258487
2023-09-07 03:00:00,5.471627308054803
2023-09-07 04:00:00,5.718636045611853
2023-09-07 05:00:00,5.983751587820866
2023-09-07 06:00:00,6.235775913749966
2023-09-07 07:00:00,6.275424584633488
2023-09-07 08:00:00,26.271386696603777
2023-09-07 09:00:00,26.297994648574942
2023-09-07 10:00:00,26.743372599422013
2023-09-07 11:00:00,26.36706812914684
2023-09-07 12:00:00,30.136519232873276
2023-09-07 13:00:00,33.4478556797484
2023-09-07 14:00:00,36.65801760623469
2023-09-07 15:00:00,38.83091854953896
2023-09-07 16:00:00,40.48637213904763
2023-09-07 17:00:00,40.87618553602131
2023-09-07 18:00:00,39.81572411054687
2023-09-07 19:00:00,38.002132794773004
2023-09-07 20:00:00,5.507846127872999
2023-09-07 21:00:00,5.974026015629809
2023-09-07 22:00:00,6.11948020934917
2023-09-07 23:00:00,5.586202895765073
2023-09-08 00:00:00,5.767118794311863
2023-09-08 01:00:00,5.363260531197459
2023-09-08 02:00:00,5.765287148918232
2023-09-08 03:00:00,6.119173005504857
2023-09-08 04:00:00,5.357616156662467
2023-09-08 05:00:00,5.451584505760403
2023-09-08 06:00:00,5.6064836183393725
2023-09-08 07:00:00,5.201085175366984
2023-09-08 08:00:00,26.96127612179991
2023-09-08 09:00:00,29.020102194809127
2023-09-08 10:00:00,28.441265532515025
2023-09-08 11:00:00,33.267251556310306
2023-09-08 12:00:00,38.92871737172753
2023-09-08 13:00:00,44.240623034151255
2023-09-08 14:00:00,49.430812994182155
2023-09-08 15:00:00,52.372159668038236
2023-09-08 16:00:00,53.783976111198484
2023-09-08 17:00:00,53.29634646352124
2023-09-08 18:00:00,52.46175733805328
2023-09-08 19:00:00,49.39399910358733
2023-09-08 20:00:00,5.713805573917756
2023-09-08 21:00:00,5.335481389521945
2023-09-08 22:00:00,5.322868916844895
2023-09-08 23:00:00,5.459465095643046
2023-09-09 00:00:00,4.875776020347461
2023-09-09 01:00:00,5.04140677987384
2023-09-09 02:00:00,5.2980049657870625
2023-09-09 03:00:00,4.757733308118447
2023-09-09 04:00:00,5.4296709889003525
2023-09-09 05:00:00,4.97810069018438
2023-09-09 06:00:00,4.961858613108539
2023-09-09 07:00:00,5.639392840151283
2023-09-09 08:00:00,6.240794205932477
2023-09-09 09:00:00,6.231356401481466
2023-09-09 10:00:00,6.217121768540908
2023-09-09 11:00:00,6.053613941780887
2023-09-09 12:00:00,5.785057593464409
2023-09-09 13:00:00,6.3362807737434546
2023-09-09 14:00:00,6.027114380196232
2023-09-09 15:00:00,6.164659292868519
2023-09-09 16:00:00,6.878661168842129
2023-09-09 17:00:00,6.461705101395641
2023-09-09 18:00:00,6.3317165854110335
2023-09-09 19:00:00,5.839605470298031
2023-09-09 20:00:00,5.821296565644456
2023-09-09 21:00:00,5.755232291951351
2023-09-09 22:00:00,5.712105363020003
2023-09-09 23:00:00,5.767874190169175
2023-09-10 00:00:00,5.823699862453961
2023-09-10 01:00:00,5.731137218339415
2023-09-10 02:00:00,5.552564593219932
2023-09-10 03:00:00,5.296570670342084
2023-09-10 04:00:00,4.917840490039598
2023-09-10 05:00:00,5.890993386920041
2023-09-10 06:00:00,5.896426817494228
2023-09-10 07:00:00,5.961104233546031
2023-09-10 08:00:00,6.047591351521718
2023-09-10 09:00:00,6.006844017840735
2023-09-10 10:00:00,6.0454933383259375
2023-09-10 11:00:00,6.170676416431632
2023-09-10 12:00:00,5.958178833328698
2023-09-10 13:00:00,5.8127296121608145
2023-09-10 14:00:00,6.043654556475249
2023-09-10 15:00:00,6.441845663264802
2023-09-10 16:00:00,6.490370378386357
2023-09-10 17:00:00,6.499735479940747
2023-09-10 18:00:00,6.5341692557908395
2023-09-10 19:00:00,6.577622136285517
2023-09-10 20:00:00,6.198530851822876
2023-09-10 21:00:00,5.633825228751126
2023-09-10 22:00:00,5.618104256725037
2023-09-10 23:00:00,5.042302923849419
2023-09-11 00:00:00,6.126506911635561
2023-09-11 01:00:00,5.641048740864292
2023-09-11 02:00:00,6.081463190592778
2023-09-11 03:00:00,5.4328372886689165
2023-09-11 04:00:00,5.795161680351946
2023-09-11 05:00:00,5.657322193333523
2023-09-11 06:00:00,6.214240114616685
2023-09-11 07:00:00,5.934880106342782
2023-09-11 08:00:00,28.539810357904916
2023-09-11 09:00:00,27.30079307528721
2023-09-11 10:00:00,26.541379056910333
2023-09-11 11:00:00,26.37275859670475
2023-09-11 12:00:00,25.991075117622504
2023-09-11 13:00:00,27.25963571700841
2023-09-11 14:00:00,33.783246754398974
2023-09-11 15:00:00,38.418567814238024
2023-09-11 16:00:00,39.33860972176628
2023-09-11 17:00:00,38.201631814555505
2023-09-11 18:00:00,37.947184745314104
2023-09-11 19:00:00,34.51598849060598
2023-09-11 20:00:00,5.843000820537976
2023-09-11 21:00:00,5.740429553674466
2023-09-11 22:00:00,5.719124112893034
2023-09-11 23:00:00,5.974636784943277
2023-09-12 00:00:00,6.105673111528419
2023-09-12 01:00:00,6.032844574480834
2023-09-12 02:00:00,6.179883670944371
2023-09-12 03:00:00,6.097238432895773
2023-09-12 04:00:00,6.040842086758775
2023-09-12 05:00:00,5.937538406243325
2023-09-12 06:00:00,5.917672957875661
2023-09-12 07:00:00,6.465392410716907
2023-09-12 08:00:00,30.369974781837744
2023-09-12 09:00:00,31.491898766818622
2023-09-12 10:00:00,32.5095785133569
2023-09-12 11:00:00,33.21864745327427
2023-09-12 12:00:00,34.648662005700395
2023-09-12 13:00:00,34.06813723226805
2023-09-12 14:00:00,38.901098670716046
2023-09-12 15:00:00,40.00167515207333
2023-09-12 16:00:00,41.50521685541519
2023-09-12 17:00:00,40.36257103686719
2023-09-12 18:00:00,39.701908582373214
2023-09-12 19:00:00,36.12238725607887
2023-09-12 20:00:00,6.550325042170967
2023-09-12 21:00:00,6.179383556115487
2023-09-12 22:00:00,6.148724479741574
2023-09-12 23:00:00,5.723377360894178
2023-09-13 00:00:00,6.316621347087639
2023-09-13 01:00:00,6.451297796218498
2023-09-13 02:00:00,6.804084116202441
2023-09-13 03:00:00,6.687716959671229
2023-09-13 04:00:00,6.198928341541092
2023-09-13 05:00:00,6.289565042301934
2023-09-13 06:00:00,6.3178988788088475
2023-09-13 07:00:00,6.643240901250592
2023-09-13 08:00:00,33.446884813781914
2023-09-13 09:00:00,33.5956977539957
2023-09-13 10:00:00,34.64766378138506
2023-09-13 11:00:00,31.704593302354958
2023-09-13 12:00:00,33.779736056856116
2023-09-13 13:00:00,36.38776672205101
2023-09-13 14:00:00,44.12703254216594
2023-09-13 15:00:00,47.11407273729484
2023-09-13 16:00:00,48.36049819561545
2023-09-13 17:00:00,47.43175147756475
2023-09-13 18:00:00,45.75792073213177
2023-09-13 19:00:00,42.12607948806108
2023-09-13 20:00:00,6.875464128373061
2023-09-13 21:00:00,6.514766285751029
2023-09-13 22:00:00,7.209360968332962
2023-09-13 23:00:00,6.850791594340257
2023-09-14 00:00:00,6.825020624293424
2023-09-14 01:00:00,6.650538947474258
2023-09-14 02:00:00,6.769989929526668
2023-09-14 03:00:00,6.092956552943903
2023-09-14 04:00:00,5.687476653860423
2023-09-14 05:00:00,6.351121573096854
2023-09-14 06:00:00,6.154029519822155
2023-09-14 07:00:00,5.906831431255183
2023-09-14 08:00:00,26.03871715232773
2023-09-14 09:00:00,26.033882109730772
2023-09-14 10:00:00,26.60212128457573
2023-09-14 11:00:00,26.82670838569763
2023-09-14 12:00:00,27.23851860388287
2023-09-14 13:00:00,29.2849990593243
2023-09-14 14:00:00,31.517387917300304
2023-09-14 15:00:00,34.67356869486506
2023-09-14 16:00:00,34.97483778292975
2023-09-14 17:00:00,34.99270252601273
2023-09-14 18:00:00,34.81182466783464
2023-09-14 19:00:00,32.46137738206641
2023-09-14 20:00:00,6.910817893174283
2023-09-14 21:00:00,6.862494851686822
2023-09-14 22:00:00,6.406352970689094
2023-09-14 23:00:00,5.82311010269165
2023-09-15 00:00:00,5.889953188075362
2023-09-15 01:00:00,6.24543391539383
2023-09-15 02:00:00,6.874290435665499
2023-09-15 03:00:00,6.342451430443191
2023-09-15 04:00:00,5.928817795661098
2023-09-15 05:00:00,5.790273148587157
2023-09-15 06:00:00,6.243070547305143
2023-09-15 07:00:00,6.468225986872274
2023-09-15 08:00:00,28.301499246601978
2023-09-15 09:00:00,30.008038009260346
2023-09-15 10:00:00,28.80084770251196
2023-09-15 11:00:00,28.145497487932257
2023-09-15 12:00:00,27.736113058742248
2023-09-15 13:00:00,28.560019858232522
2023-09-15 14:00:00,32.90028398575545
2023-09-15 15:00:00,35.984034132064636
2023-09-15 16:00:00,33.60802038927353
2023-09-15 17:00:00,31.925339787672662
2023-09-15 18:00:00,32.87868288183931
2023-09-15 19:00:00,33.819347382366146
2023-09-15 20:00:00,6.165811461692674
2023-09-15 21:00:00,6.013432195300141
2023-09-15 22:00:00,6.0863560034051725
2023-09-15 23:00:00,5.9871655508293005
2023-09-16 00:00:00,5.184957081182349
2023-09-16 01:00:00,5.093161529110174
2023-09-16 02:00:00,5.202558229147492
2023-09-16 03:00:00,5.078862759373114
2023-09-16 04:00:00,5.55283344239907
2023-09-16 05:00:00,5.440317318257873
2023-09-16 06:00:00,5.5018384330225
2023-09-16 07:00:00,5.572582612095255
2023-09-16 08:00:00,5.9649479832639685
2023-09-16 09:00:00,6.009528945346052
2023-09-16 10:00:00,6.410746043942058
2023-09-16 11:00:00,6.052342414987139
2023-09-16 12:00:00,6.209233080935213
2023-09-16 13:00:00,5.665618232041786
2023-09-16 14:00:00,6.052280927810987
2023-09-16 15:00:00,5.948743090129075
2023-09-16 16:00:00,6.237845250421177
2023-09-16 17:00:00,6.019700390909669
2023-09-16 18:00:00,5.817645705881426
2023-09-16 19:00:00,5.835953046880849
2023-09-16 20:00:00,6.126287011594247
2023-09-16 21:00:00,6.212063676698802
2023-09-16 22:00:00,5.992845647873732
2023-09-16 23:00:00,5.938671406161642
2023-09-17 00:00:00,5.932731871123932
2023-09-17 01:00:00,5.532577454847165
2023-09-17 02:00:00,5.8999039380489
2023-09-17 03:00:00,5.425915145547076
2023-09-17 04:00:00,6.184555336833931
2023-09-17 05:00:00,6.040997111576567
2023-09-17 06:00:00,6.045549694208923
2023-09-17 07:00:00,6.458356986382704
2023-09-17 08:00:00,6.3004094568419555
2023-09-17 09:00:00,6.241202756755097
2023-09-17 10:00:00,6.595693980687506
2023-09-17 11:00:00,6.943243275464862
2023-09-17 12:00:00,6.412538573451456
2023-09-17 13:00:00,6.480879254200949
2023-09-17 14:00:00,6.649741431649932
2023-09-17 15:00:00,6.6644814242705674
2023-09-17 16:00:00,6.661486653980515
2023-09-17 17:00:00,7.045277420261744
2023-09-17 18:00:00,6.647356420585226
2023-09-17 19:00:00,6.575529804176565
2023-09-17 20:00:00,6.314512953382042
2023-09-17 21:00:00,5.658679407588104
2023-09-17 22:00:00,5.332633974520427
2023-09-17 23:00:00,5.189601710767372
2023-09-18 00:00:00,6.180101544030448
2023-09-18 01:00:00,6.138062234122319
2023-09-18 02:00:00,5.973531846606169
2023-09-18 03:00:00,6.261220379347997
2023-09-18 04:00:00,6.66672476171916
2023-09-18 05:00:00,6.968726849629068
2023-09-18 06:00:00,6.776809004207872
2023-09-18 07:00:00,6.708067115765372
2023-09-18 08:00:00,6.9540320043506485
2023-09-18 09:00:00,7.134001265438158
2023-09-18 10:00:00,7.053364637463581
2023-09-18 11:00:00,7.575934046977728
2023-09-18 12:00:00,7.901167568910353
2023-09-18 13:00:00,7.134628902394867
2023-09-18 14:00:00,7.701336365382691
2023-09-18 15:00:00,7.631971310091369
2023-09-18 16:00:00,7.358579844089029
2023-09-18 17:00:00,7.177134688750192
2023-09-18 18:00:00,6.914951557556363
2023-09-18 19:00:00,6.379096928377669
2023-09-18 20:00:00,5.905403962607719
2023-09-18 21:00:00,6.1388309521495685
2023-09-18 22:00:00,6.069231572237389
2023-09-18 23:00:00,5.735353439842357
2023-09-19 00:00:00,5.8506695234327815
2023-09-19 01:00:00,5.445612313082989
2023-09-19 02:00:00,5.515527933296462
2023-09-19 03:00:00,5.777948500524542
2023-09-19 04:00:00,5.909510550542431
2023-09-19 05:00:00,6.020404504147965
2023-09-19 06:00:00,5.884756639916282
2023-09-19 07:00:00,5.653142435143058
2023-09-19 08:00:00,5.766013920745495
2023-09-19 09:00:00,6.885903795596008
2023-09-19 10:00:00,7.1768718199509385
2023-09-19 11:00:00,6.83319114561328
2023-09-19 12:00:00,7.333725174776084
2023-09-19 13:00:00,8.059184212906764
2023-09-19 14:00:00,8.028213782761995
2023-09-19 15:00:00,7.177660374694475
2023-09-19 16:00:00,7.351161772707084
2023-09-19 17:00:00,7.549760626960972
2023-09-19 18:00:00,7.485731365044968
2023-09-19 19:00:00,7.229751062835875
2023-09-19 20:00:00,7.170975846214579
2023-09-19 21:00:00,6.780527047285996
2023-09-19 22:00:00,6.710791221527674
2023-09-19 23:00:00,6.4436909516367304
2023-09-20 00:00:00,6.3637893879535685
2023-09-20 01:00:00,6.037175087535899
2023-09-20 02:00:00,5.8914458346920995
2023-09-20 03:00:00,6.169047015054542
2023-09-20 04:00:00,6.376670959836886
2023-09-20 05:00:00,6.259626675206838
2023-09-20 06:00:00,5.949581943971889
2023-09-20 07:00:00,5.7624384882414335
2023-09-20 08:00:00,5.675844549625189
2023-09-20 09:00:00,5.843126703022731
2023-09-20 10:00:00,6.003385320698421
2023-09-20 11:00:00,6.161978341235144
2023-09-20 12:00:00,6.520601214622116
2023-09-20 13:00:00,6.5417936456876165
2023-09-20 14:00:00,6.376712657631356
2023-09-20 15:00:00,6.450609497000441
2023-09-20 16:00:00,6.637998514802152
2023-09-20 17:00:00,7.17784853142898
2023-09-20 18:00:00,6.6081557541329765
2023-09-20 19:00:00,6.242754840689571
2023-09-20 20:00:00,6.4451889616795475
2023-09-20 21:00:00,6.294121956795409
2023-09-20 22:00:00,6.079654929695164
2023-09-20 23:00:00,6.133318830705397
2023-09-21 00:00:00,6.421680827721041
2023-09-21 01:00:00,6.368035668725414
2023-09-21 02:00:00,6.965672899230084
2023-09-21 03:00:00,7.202984912276699
2023-09-21 04:00:00,7.072716624111277
2023-09-21 05:00:00,7.132895254371129
2023-09-21 06:00:00,6.447372881452619
2023-09-21 07:00:00,6.883237623763069
2023-09-21 08:00:00,6.536064293519051
2023-09-21 09:00:00,6.353874007124815
2023-09-21 10:00:00,6.918796427223926
2023-09-21 11:00:00,6.643017288916782
2023-09-21 12:00:00,6.992079038701186
2023-09-21 13:00:00,7.585238937620389
2023-09-21 14:00:00,7.532626792485131
2023-09-21 15:00:00,7.187608881774563
2023-09-21 16:00:00,7.3091995220580115
2023-09-21 17:00:00,7.366886678721751
2023-09-21 18:00:00,7.702231021766826
2023-09-21 19:00:00,7.406062437016918
2023-09-21 20:00:00,7.042686657431021
2023-09-21 21:00:00,6.343867841468878
2023-09-21 22:00:00,6.030214134743315
2023-09-21 23:00:00,5.394753198879592
2023-09-22 00:00:00,5.562298979382965
2023-09-22 01:00:00,5.204773688284891
2023-09-22 02:00:00,5.551494447801199
2023-09-22 03:00:00,5.721605029415781
2023-09-22 04:00:00,5.773233064568157
2023-09-22 05:00:00,5.873806212536198
2023-09-22 06:00:00,5.984931219252108
2023-09-22 07:00:00,6.038512732338998
2023-09-22 08:00:00,5.588554644135266
2023-09-22 09:00:00,5.9411836124442665
2023-09-22 10:00:00,6.397008690846812
2023-09-22 11:00:00,6.5725703483192675
2023-09-22 12:00:00,6.797363859721174
2023-09-22 13:00:00,6.922012031077424
2023-09-22 14:00:00,6.479312502006669
2023-09-22 15:00:00,6.8249197644234
2023-09-22 16:00:00,7.180871817413505
2023-09-22 17:00:00,6.653063754528565
2023-09-22 18:00:00,7.2801741481872435
2023-09-22 19:00:00,6.997213131299964
2023-09-22 20:00:00,7.071395487761059
2023-09-22 21:00:00,7.182684612939747
2023-09-22 22:00:00,7.213965516642224
2023-09-22 23:00:00,6.540559386203746
2023-09-23 00:00:00,6.38093802544244
2023-09-23 01:00:00,6.496514771265886
2023-09-23 02:00:00,6.635664726941601
2023-09-23 03:00:00,6.666476622879501
2023-09-23 04:00:00,6.085346658925108
2023-09-23 05:00:00,6.076005813738803
2023-09-23 06:00:00,6.4991115828287525
2023-09-23 07:00:00,6.315648242533061
2023-09-23 08:00:00,6.254869254495475
2023-09-23 09:00:00,6.603497686518508
2023-09-23 10:00:00,6.95380402549035
2023-09-23 11:00:00,7.553074289873593
2023-09-23 12:00:00,7.388446541955525
2023-09-23 13:00:00,7.029308692637694
2023-09-23 14:00:00,7.162319079512719
2023-09-23 15:00:00,7.131093229466617
2023-09-23 16:00:00,6.598118827475874
2023-09-23 17:00:00,6.437335137329587
2023-09-23 18:00:00,6.318440332907904
2023-09-23 19:00:00,6.139597807216517
2023-09-23 20:00:00,5.89247766697163
2023-09-23 21:00:00,5.716507631078764
2023-09-23 22:00:00,5.935559525789792
2023-09-23 23:00:00,5.617912129832236
2023-09-24 00:00:00,5.433024217587061
2023-09-24 01:00:00,5.983480430024364
2023-09-24 02:00:00,6.283840839692689
2023-09-24 03:00:00,5.761577721769553
2023-09-24 04:00:00,5.838683833652949
2023-09-24 05:00:00,5.934205618790068
2023-09-24 06:00:00,5.940061980608435
2023-09-24 07:00:00,5.697276422174221
2023-09-24 08:00:00,5.950999076964251
2023-09-24 09:00:00,6.054652197925058
2023-09-24 10:00:00,6.417085983045709
2023-09-24 11:00:00,6.652558347949288
2023-09-24 12:00:00,6.878455643344412
2023-09-24 13:00:00,6.438772308246791
2023-09-24 14:00:00,6.273967095523181
2023-09-24 15:00:00,6.463406819602388
2023-09-24 16:00:00,6.792438787560441
2023-09-24 17:00:00,6.131956155058084
2023-09-24 18:00:00,6.400200112839726
2023-09-24 19:00:00,5.752914991917651
2023-09-24 20:00:00,5.550093234198491
2023-09-24 21:00:00,5.678603963016156
2023-09-24 22:00:00,5.407435977896737
2023-09-24 23:00:00,5.165638405959231
2023-09-25 00:00:00,5.701407486863717
2023-09-25 01:00:00,5.740259925832688
2023-09-25 02:00:00,5.683432993384731
2023-09-25 03:00:00,5.822764471163194
2023-09-25 04:00:00,5.872279465356914
2023-09-25 05:00:00,5.7669756973941695
2023-09-25 06:00:00,5.616803532602184
2023-09-25 07:00:00,5.390150962086433
2023-09-25 08:00:00,5.856033802611447
2023-09-25 09:00:00,6.023345830094651
2023-09-25 10:00:00,6.314194206476058
2023-09-25 11:00:00,6.552339958836342
2023-09-25 12:00:00,6.9170753019868005
2023-09-25 13:00:00,7.151459757684182
2023-09-25 14:00:00,6.515952018196552
2023-09-25 15:00:00,6.45925996233566
2023-09-25 16:00:00,6.042836515223143
2023-09-25 17:00:00,6.631454472842411
2023-09-25 18:00:00,7.080344665794477
2023-09-25 19:00:00,6.718044515337805
2023-09-25 20:00:00,6.879884701452819
2023-09-25 21:00:00,6.443394666849832
2023-09-25 22:00:00,5.942024452585483
2023-09-25 23:00:00,6.10454811106391
2023-09-26 00:00:00,5.99925555813388
2023-09-26 01:00:00,6.582180921227026
2023-09-26 02:00:00,6.4196690779971775
2023-09-26 03:00:00,6.414496921218951
2023-09-26 04:00:00,6.648304448833819
2023-09-26 05:00:00,6.97567532082643
2023-09-26 06:00:00,7.208552574436542
2023-09-26 07:00:00,7.365785540434607
2023-09-26 08:00:00,27.125333391344288
2023-09-26 09:00:00,27.717977870636325
2023-09-26 10:00:00,27.687674129066433
2023-09-26 11:00:00,28.24552780299139
2023-09-26 12:00:00,27.419699866068903
2023-09-26 13:00:00,31.82913005180212
2023-09-26 14:00:00,36.934098048627675
2023-09-26 15:00:00,40.156799916060216
2023-09-26 16:00:00,41.69189598956966
2023-09-26 17:00:00,42.48657955455592
2023-09-26 18:00:00,40.11715276584452
2023-09-26 19:00:00,36.29904192433315
2023-09-26 20:00:00,7.529794747970171
2023-09-26 21:00:00,7.475250409136897
2023-09-26 22:00:00,7.172856677631967
2023-09-26 23:00:00,7.270383070441844
2023-09-27 00:00:00,6.759089142190698
2023-09-27 01:00:00,6.691273826650698
2023-09-27 02:00:00,6.485242741662047
2023-09-27 03:00:00,7.015968065199175
2023-09-27 04:00:00,6.792154097239803
2023-09-27 05:00:00,7.299528435618269
2023-09-27 06:00:00,7.110655064242218
2023-09-27 07:00:00,7.123811446331095
2023-09-27 08:00:00,31.819730214252274
2023-09-27 09:00:00,32.37321147318966
2023-09-27 10:00:00,29.187209873154995
2023-09-27 11:00:00,31.886713535627845
2023-09-27 12:00:00,33.190526418905
2023-09-27 13:00:00,34.56682126852371
2023-09-27 14:00:00,44.55874293811066
2023-09-27 15:00:00,48.32163683285478
2023-09-27 16:00:00,46.9929506745804
2023-09-27 17:00:00,47.014168043009974
2023-09-27 18:00:00,46.72342735110862
2023-09-27 19:00:00,43.56115622999359
2023-09-27 20:00:00,6.773661643148951
2023-09-27 21:00:00,5.872203817536572
2023-09-27 22:00:00,5.509750831707114
2023-09-27 23:00:00,5.762646947646209
2023-09-28 00:00:00,5.714363753157202
2023-09-28 01:00:00,5.4072534393766745
2023-09-28 02:00:00,5.3005439623355715
2023-09-28 03:00:00,5.9417378963529215
2023-09-28 04:00:00,6.0387178266445165
2023-09-28 05:00:00,5.68383671817342
2023-09-28 06:00:00,6.154966388323574
2023-09-28 07:00:00,6.306632490882047
2023-09-28 08:00:00,31.382681539064095
2023-09-28 09:00:00,28.504849178716594
2023-09-28 10:00:00,29.500748306748754
2023-09-28 11:00:00,30.725408626864365
2023-09-28 12:00:00,32.55730430597876
2023-09-28 13:00:00,37.94578136004071
2023-09-28 14:00:00,46.38156864064121
2023-09-28 15:00:00,50.20169662005755
2023-09-28 16:00:00,51.80226604294104
2023-09-28 17:00:00,51.95137706370341
2023-09-28 18:00:00,48.869514214992606
2023-09-28 19:00:00,44.92707680052931
2023-09-28 20:00:00,6.896894904175716
2023-09-28 21:00:00,7.078112544509674
2023-09-28 22:00:00,7.4374586862003
2023-09-28 23:00:00,7.642206779993558
2023-09-29 00:00:00,7.535529957582402
2023-09-29 01:00:00,7.502837637355321
2023-09-29 02:00:00,7.220072844781889
2023-09-29 03:00:00,7.202591664861792
2023-09-29 04:00:00,7.116902692563136
2023-09-29 05:00:00,6.920169157309775
2023-09-29 06:00:00,6.6406598051365275
2023-09-29 07:00:00,6.66593569500247
2023-09-29 08:00:00,30.839097069169313
2023-09-29 09:00:00,32.239746875361874
2023-09-29 10:00:00,32.22072953937747
2023-09-29 11:00:00,31.778379643431357
2023-09-29 12:00:00,39.791032041835585
2023-09-29 13:00:00,46.397275815807276
2023-09-29 14:00:00,52.44406389048454
2023-09-29 15:00:00,55.79835994631416
2023-09-29 16:00:00,57.544940670942125
2023-09-29 17:00:00,57.649365264839616
2023-09-29 18:00:00,54.650991341778614
2023-09-29 19:00:00,51.05366100360739
2023-09-29 20:00:00,6.709770146894977
2023-09-29 21:00:00,6.8646870626061816
2023-09-29 22:00:00,7.16636934320662
2023-09-29 23:00:00,6.737992325243272
2023-09-30 00:00:00,6.3316984618101655
2023-09-30 01:00:00,6.044621023076883
2023-09-30 02:00:00,5.713557771320427
2023-09-30 03:00:00,5.597071600898422
2023-09-30 04:00:00,5.952587087054505
2023-09-30 05:00:00,6.4155093772953045
2023-09-30 06:00:00,5.949111999567428
2023-09-30 07:00:00,6.520101559915071
2023-09-30 08:00:00,6.0457648753501845
2023-09-30 09:00:00,5.934043715252791
2023-09-30 10:00:00,5.68743515762569
2023-09-30 11:00:00,6.206802300997602
2023-09-30 12:00:00,5.6937043035646875
2023-09-30 13:00:00,6.075692004530713
2023-09-30 14:00:00,6.261262248050649
2023-09-30 15:00:00,6.533151250981883
2023-09-30 16:00:00,6.28475796785266
2023-09-30 17:00:00,6.266743864704916
2023-09-30 18:00:00,5.971300885870026
2023-09-30 19:00:00,6.2637938879593005
2023-09-30 20:00:00,5.568621662333385
2023-09-30 21:00:00,5.170678634775607
2023-09-30 22:00:00,5.443760275573744
2023-09-30 23:00:00,4.978982977820269
2023-10-01 00:00:00,4.756536163959304
2023-10-01 01:00:00,4.8207564002081025
2023-10-01 02:00:00,4.7686014769497085
2023-10-01 03:00:00,4.843331898274047
2023-10-01 04:00:00,5.1573014678566285
2023-10-01 05:00:00,5.175043609924214
2023-10-01 06:00:00,4.970932130893843
2023-10-01 07:00:00,4.963973046517856
2023-10-01 08:00:00,5.38322227132081
2023-10-01 09:00:00,5.2378588977213045
2023-10-01 10:00:00,5.39626476082977
2023-10-01 11:00:00,5.671135126536581
2023-10-01 12:00:00,5.927287942667764
2023-10-01 13:00:00,6.356832816507984
2023-10-01 14:00:00,6.645496885663663
2023-10-01 15:00:00,6.346752644659686
2023-10-01 16:00:00,5.885457112016969
2023-10-01 17:00:00,5.712415516877066
2023-10-01 18:00:00,5.681419754675835
2023-10-01 19:00:00,5.815609041280002
2023-10-01 20:00:00,6.149133373303228
2023-10-01 21:00:00,5.450637411288578
2023-10-01 22:00:00,5.749362385099126
2023-10-01 23:00:00,5.264791715091705
2023-10-02 00:00:00,5.690534006832163
2023-10-02 01:00:00,5.46350538857411
2023-10-02 02:00:00,4.784417523676879
2023-10-02 03:00:00,5.209653524998333
2023-10-02 04:00:00,5.373020335731783
2023-10-02 05:00:00,4.990540169417082
2023-10-02 06:00:00,5.063704975608207
2023-10-02 07:00:00,5.574269303151847
2023-10-02 08:00:00,25.501190862603174
2023-10-02 09:00:00,25.626096455663006
2023-10-02 10:00:00,25.960649662403327
2023-10-02 11:00:00,26.71243820755159
2023-10-02 12:00:00,30.89897865174719
2023-10-02 13:00:00,36.56460430018779
2023-10-02 14:00:00,40.8848826998871
2023-10-02 15:00:00,45.634718891372756
2023-10-02 16:00:00,48.511455129632196
2023-10-02 17:00:00,47.916547923176196
2023-10-02 18:00:00,44.25863170589737
2023-10-02 19:00:00,40.70274210837732
2023-10-02 20:00:00,6.819088889446784
2023-10-02 21:00:00,6.328292732331007
2023-10-02 22:00:00,5.731822124180694
2023-10-02 23:00:00,6.1248570001914135
2023-10-03 00:00:00,6.577921824644008
2023-10-03 01:00:00,6.246017559512417
2023-10-03 02:00:00,6.383528270898077
2023-10-03 03:00:00,6.608103087774877
2023-10-03 04:00:00,6.494072970863099
2023-10-03 05:00:00,6.377295473641056
2023-10-03 06:00:00,6.212150234248939
2023-10-03 07:00:00,6.4694436815407625
2023-10-03 08:00:00,26.59825070946546
2023-10-03 09:00:00,26.53713522517518
2023-10-03 10:00:00,26.106631542204774
2023-10-03 11:00:00,26.074118907236848
2023-10-03 12:00:00,30.851718359546297
2023-10-03 13:00:00,36.6917921287691
2023-10-03 14:00:00,42.10742927955718
2023-10-03 15:00:00,46.0588948087684
2023-10-03 16:00:00,47.5850361115758
2023-10-03 17:00:00,47.239861949634985
2023-10-03 18:00:00,44.364477388813036
2023-10-03 19:00:00,40.345554804616675
2023-10-03 20:00:00,6.44354184591091
2023-10-03 21:00:00,6.102671443920647
2023-10-03 22:00:00,6.415453550433914
2023-10-03 23:00:00,6.355084266975697
2023-10-04 00:00:00,6.2790493609201254
2023-10-04 01:00:00,6.214332531503301
2023-10-04 02:00:00,6.217817790210257
2023-10-04 03:00:00,6.281388904975136
2023-10-04 04:00:00,5.976642946503586
2023-10-04 05:00:00,5.986739250296956
2023-10-04 06:00:00,6.224838003459864
2023-10-04 07:00:00,6.2465671542249765
2023-10-04 08:00:00,29.895206867051677
2023-10-04 09:00:00,28.934770978700968
2023-10-04 10:00:00,29.677040070493085
2023-10-04 11:00:00,28.763980183113176
2023-10-04 12:00:00,30.116730625128465
2023-10-04 13:00:00,36.68489035154621
2023-10-04 14:00:00,44.86683078743554
2023-10-04 15:00:00,49.22250893629114
2023-10-04 16:00:00,51.52425313721805
2023-10-04 17:00:00,51.30750967349177
2023-10-04 18:00:00,48.53079847333439
2023-10-04 19:00:00,45.13554567648874
2023-10-04 20:00:00,6.034839015751239
2023-10-04 21:00:00,5.771133990881055
2023-10-04 22:00:00,5.466258093852304
2023-10-04 23:00:00,5.663310236198794
2023-10-05 00:00:00,5.272416768036905
2023-10-05 01:00:00,4.903801237780429
2023-10-05 02:00:00,5.309285861934252
2023-10-05 03:00:00,5.370190116376953
2023-10-05 04:00:00,5.034477177962171
2023-10-05 05:00:00,4.888299302493329
2023-10-05 06:00:00,5.337120341144947
2023-10-05 07:00:00,5.9413252088930415
2023-10-05 08:00:00,29.256334682541507
2023-10-05 09:00:00,30.961276868423788
2023-10-05 10:00:00,31.366238198777154
2023-10-05 11:00:00,29.36636757446366
2023-10-05 12:00:00,38.516222015994025
2023-10-05 13:00:00,43.427878419906015
2023-10-05 14:00:00,51.437077823420694
2023-10-05 15:00:00,53.7315999105744
2023-10-05 16:00:00,56.22641893845797
2023-10-05 17:00:00,54.98166542134584
2023-10-05 18:00:00,50.54441510814522
2023-10-05 19:00:00,46.48945510085667
2023-10-05 20:00:00,5.998996238930898
2023-10-05 21:00:00,6.109372419452155
2023-10-05 22:00:00,5.700073256082399
2023-10-05 23:00:00,5.9253819099375615
2023-10-06 00:00:00,5.777007365511288
2023-10-06 01:00:00,5.187180713061001
2023-10-06 02:00:00,5.665839297237132
2023-10-06 03:00:00,5.700166001981785
2023-10-06 04:00:00,5.614205651590359
2023-10-06 05:00:00,5.72384276261678
2023-10-06 06:00:00,5.881954312150849
2023-10-06 07:00:00,6.610233612996878
2023-10-06 08:00:00,32.78976822684795
2023-10-06 09:00:00,30.74001710988049
2023-10-06 10:00:00,30.611580314811633
2023-10-06 11:00:00,33.55426707611167
2023-10-06 12:00:00,41.073085770696466
2023-10-06 13:00:00,45.74769898351932
2023-10-06 14:00:00,53.72403341269312
2023-10-06 15:00:00,56.75059788945983
2023-10-06 16:00:00,58.077907642312624
2023-10-06 17:00:00,55.93195355195438
2023-10-06 18:00:00,51.64492552527964
2023-10-06 19:00:00,45.13870440165299
2023-10-06 20:00:00,6.223027241416872
2023-10-06 21:00:00,6.3029771405805635
2023-10-06 22:00:00,6.280146902436997
2023-10-06 23:00:00,5.874962812808462
2023-10-07 00:00:00,5.208532351210315
2023-10-07 01:00:00,4.941858796652079
2023-10-07 02:00:00,5.051126047977015
2023-10-07 03:00:00,5.0813911567161805
2023-10-07 04:00:00,5.058402799299642
2023-10-07 05:00:00,5.904160299012213
2023-10-07 06:00:00,5.62908924696402
2023-10-07 07:00:00,6.026363964981514
2023-10-07 08:00:00,5.504311276626822
2023-10-07 09:00:00,5.726383982059371
2023-10-07 10:00:00,5.789210741232635
2023-10-07 11:00:00,5.883174134861619
2023-10-07 12:00:00,6.012665447405796
2023-10-07 13:00:00,6.582815233906618
2023-10-07 14:00:00,7.162778227697706
2023-10-07 15:00:00,6.783197176735929
2023-10-07 16:00:00,6.71832927968142
2023-10-07 17:00:00,6.229875542645896
2023-10-07 18:00:00,5.785964232571096
2023-10-07 19:00:00,5.4713536832975596
2023-10-07 20:00:00,5.2255482772270225
2023-10-07 21:00:00,5.489840063538811
2023-10-07 22:00:00,4.993530233742461
2023-10-07 23:00:00,4.773127995730509
2023-10-08 00:00:00,5.325471801625204
2023-10-08 01:00:00,5.789181165125093
2023-10-08 02:00:00,5.69704076310571
2023-10-08 03:00:00,5.193020540354321
2023-10-08 04:00:00,5.249767725940489
2023-10-08 05:00:00,4.898679428298157
2023-10-08 06:00:00,5.4340358802945685
2023-10-08 07:00:00,5.020129241288184
2023-10-08 08:00:00,6.152402407811811
2023-10-08 09:00:00,5.517181070486047
2023-10-08 10:00:00,5.885099441041932
2023-10-08 11:00:00,5.983285803237482
2023-10-08 12:00:00,6.079974207447795
2023-10-08 13:00:00,5.584217608763666
2023-10-08 14:00:00,5.9242967461468545
2023-10-08 15:00:00,6.234513223899973
2023-10-08 16:00:00,6.607893980565043
2023-10-08 17:00:00,6.78780577383814
2023-10-08 18:00:00,6.3959876566922516
2023-10-08 19:00:00,6.166743132200521
2023-10-08 20:00:00,5.769582679080934
2023-10-08 21:00:00,6.0542525998957215
2023-10-08 22:00:00,5.667080852858095
2023-10-08 23:00:00,6.040694032215222
2023-10-09 00:00:00,6.569949504362111
2023-10-09 01:00:00,6.844712096318293
2023-10-09 02:00:00,6.4926385991154
2023-10-09 03:00:00,6.444421961986928
2023-10-09 04:00:00,6.312663776373056
2023-10-09 05:00:00,6.341926174334288
2023-10-09 06:00:00,6.561779400842549
2023-10-09 07:00:00,6.707585156076882
2023-10-09 08:00:00,28.386256932296273
2023-10-09 09:00:00,30.15590512814251
2023-10-09 10:00:00,30.525630630608966
2023-10-09 11:00:00,30.872703889932964
2023-10-09 12:00:00,32.78988898513577
2023-10-09 13:00:00,39.5082002859462
2023-10-09 14:00:00,47.232986618571935
2023-10-09 15:00:00,51.58455333091108
2023-10-09 16:00:00,52.72458521534144
2023-10-09 17:00:00,50.751156173913074
2023-10-09 18:00:00,47.655123827201336
2023-10-09 19:00:00,43.08235805572275
2023-10-09 20:00:00,7.018185904635422
2023-10-09 21:00:00,6.847493794614235
2023-10-09 22:00:00,7.247667148072868
2023-10-09 23:00:00,6.871752796919116
2023-10-10 00:00:00,7.188714975949278
2023-10-10 01:00:00,6.627717941900223
2023-10-10 02:00:00,6.779143206214192
2023-10-10 03:00:00,7.226193545260945
2023-10-10 04:00:00,7.298532551634258
2023-10-10 05:00:00,6.709309474701412
2023-10-10 06:00:00,6.660799452437974
2023-10-10 07:00:00,7.0643133285322754
2023-10-10 08:00:00,29.39338805045392
2023-10-10 09:00:00,30.239824084427184
2023-10-10 10:00:00,29.653533153182455
2023-10-10 11:00:00,30.929049014087894
2023-10-10 12:00:00,30.73781828450589
2023-10-10 13:00:00,35.22456891048072
2023-10-10 14:00:00,41.3986475559658
2023-10-10 15:00:00,45.27818376731763
2023-10-10 16:00:00,48.37886563815268
2023-10-10 17:00:00,47.910708336861504
2023-10-10 18:00:00,43.545338076354255
2023-10-10 19:00:00,39.74774714014424
2023-10-10 20:00:00,5.388030917071779
2023-10-10 21:00:00,5.213382759295836
2023-10-10 22:00:00,5.528293702850572
2023-10-10 23:00:00,5.499523344671283
2023-10-11 00:00:00,5.515795748480478
2023-10-11 01:00:00,5.512203216085506
2023-10-11 02:00:00,5.641553312551783
2023-10-11 03:00:00,6.066075589993076
2023-10-11 04:00:00,6.060100714428741
2023-10-11 05:00:00,6.184281001675037
2023-10-11 06:00:00,5.833722309981683
2023-10-11 07:00:00,6.151531594300952
2023-10-11 08:00:00,26.113814175807615
2023-10-11 09:00:00,26.88976786764945
2023-10-11 10:00:00,27.02613983357811
2023-10-11 11:00:00,27.23298099294536
2023-10-11 12:00:00,26.81379512430518
2023-10-11 13:00:00,29.801633035901432
2023-10-11 14:00:00,34.964117418967845
2023-10-11 15:00:00,38.565038646864224
2023-10-11 16:00:00,39.78769230095864
2023-10-11 17:00:00,39.022176594246524
2023-10-11 18:00:00,35.152186095469766
2023-10-11 19:00:00,30.456650345322203
2023-10-11 20:00:00,6.718937272817032
2023-10-11 21:00:00,6.1382641515621135
2023-10-11 22:00:00,6.118520937066802
2023-10-11 23:00:00,6.390648104101715
2023-10-12 00:00:00,5.668327457624939
2023-10-12 01:00:00,6.064921885301443
2023-10-12 02:00:00,6.154437751062556
2023-10-12 03:00:00,5.890046261481433
2023-10-12 04:00:00,5.757219194950205
2023-10-12 05:00:00,5.857684547245283
2023-10-12 06:00:00,6.312011809819799
2023-10-12 07:00:00,6.599632621577399
2023-10-12 08:00:00,26.66305133394222
2023-10-12 09:00:00,27.253586103850203
2023-10-12 10:00:00,26.44953503275945
2023-10-12 11:00:00,26.308387731402615
2023-10-12 12:00:00,26.414005430236404
2023-10-12 13:00:00,29.98991156412044
2023-10-12 14:00:00,34.2193473051509
2023-10-12 15:00:00,38.26228171279136
2023-10-12 16:00:00,39.825060441070775
2023-10-12 17:00:00,38.752176190568534
2023-10-12 18:00:00,35.241625769722475
2023-10-12 19:00:00,31.16972300993243
2023-10-12 20:00:00,6.166689787996988
2023-10-12 21:00:00,5.973462413542922
2023-10-12 22:00:00,6.166855984266294
2023-10-12 23:00:00,6.0286432907822025
2023-10-13 00:00:00,6.58145532886276
2023-10-13 01:00:00,6.099830886857857
2023-10-13 02:00:00,6.464481970705488
2023-10-13 03:00:00,6.48948975296885
2023-10-13 04:00:00,6.106867455253099
2023-10-13 05:00:00,6.332606369089203
2023-10-13 06:00:00,6.331006619558335
2023-10-13 07:00:00,5.60251150477512
2023-10-13 08:00:00,31.260143948803375
2023-10-13 09:00:00,31.946507261587602
2023-10-13 10:00:00,31.96821309012555
2023-10-13 11:00:00,33.34753777383328
2023-10-13 12:00:00,33.35060414602874
2023-10-13 13:00:00,31.503242562583136
2023-10-13 14:00:00,37.89406495704854
2023-10-13 15:00:00,40.6858102195026
2023-10-13 16:00:00,40.3822679044399
2023-10-13 17:00:00,38.85968826835552
2023-10-13 18:00:00,34.9329026194527
2023-10-13 19:00:00,32.604688069648375
2023-10-13 20:00:00,7.090621241819155
2023-10-13 21:00:00,6.258060959640162
2023-10-13 22:00:00,6.8278670175594085
2023-10-13 23:00:00,6.467195967356721
2023-10-14 00:00:00,5.726880621534113
2023-10-14 01:00:00,6.0062378164835755
2023-10-14 02:00:00,5.798966771318468
2023-10-14 03:00:00,5.796567749885781
2023-10-14 04:00:00,5.5480494788798405
2023-10-14 05:00:00,5.918107323133061
2023-10-14 06:00:00,6.047280219761503
2023-10-14 07:00:00,6.021759884365823
2023-10-14 08:00:00,6.4384734492945634
2023-10-14 09:00:00,6.533678325528678
2023-10-14 10:00:00,5.965009726089204
2023-10-14 11:00:00,6.050458008969487
2023-10-14 12:00:00,5.926025480107895
2023-10-14 13:00:00,5.993913170074801
2023-10-14 14:00:00,6.4015215270960555
2023-10-14 15:00:00,6.138698636163392
2023-10-14 16:00:00,5.592097984002122
2023-10-14 17:00:00,5.5167698033500265
2023-10-14 18:00:00,5.593462892576162
2023-10-14 19:00:00,5.762813631056419
2023-10-14 20:00:00,5.495296397445824
2023-10-14 21:00:00,5.800244359372356
2023-10-14 22:00:00,5.482659097181317
2023-10-14 23:00:00,5.203603778282686
2023-10-15 00:00:00,5.023948021971938
2023-10-15 01:00:00,5.154499928547228
2023-10-15 02:00:00,4.930241194943841
2023-10-15 03:00:00,4.819772663323452
2023-10-15 04:00:00,4.905118247355367
2023-10-15 05:00:00,5.08823777786787
2023-10-15 06:00:00,5.3957215208157745
2023-10-15 07:00:00,5.20187142979293
2023-10-15 08:00:00,5.325654345409251
2023-10-15 09:00:00,5.0498065279691975
2023-10-15 10:00:00,5.186418428735425
2023-10-15 11:00:00,4.922070544456575
2023-10-15 12:00:00,5.009863447321816
2023-10-15 13:00:00,5.283706252087494
2023-10-15 14:00:00,5.403319353861792
2023-10-15 15:00:00,5.75886674266539
2023-10-15 16:00:00,5.381950428468498
2023-10-15 17:00:00,5.675711058606893
2023-10-15 18:00:00,5.366830202092701
2023-10-15 19:00:00,5.560990321308534
2023-10-15 20:00:00,5.314420973252219
2023-10-15 21:00:00,5.906235762824297
2023-10-15 22:00:00,5.856457515512128
2023-10-15 23:00:00,5.498482031401218
2023-10-16 00:00:00,6.041360448352103
2023-10-16 01:00:00,6.890309163397425
2023-10-16 02:00:00,6.059313867338341
2023-10-16 03:00:00,6.104399829545455
2023-10-16 04:00:00,6.037769379849677
2023-10-16 05:00:00,6.080152374599551
2023-10-16 06:00:00,5.882398578835878
2023-10-16 07:00:00,5.635449672389226
2023-10-16 08:00:00,6.3245728889449095
2023-10-16 09:00:00,5.985559619347678
2023-10-16 10:00:00,5.93908747416245
2023-10-16 11:00:00,6.8069467439538975
2023-10-16 12:00:00,6.470645402448335
2023-10-16 13:00:00,6.2516287012382294
2023-10-16 14:00:00,6.084883670447923
2023-10-16 15:00:00,6.306882948989716
2023-10-16 16:00:00,5.632467963372978
2023-10-16 17:00:00,6.200594280081651
2023-10-16 18:00:00,5.521958310729152
2023-10-16 19:00:00,5.90027674063199
2023-10-16 20:00:00,5.739849639449816
2023-10-16 21:00:00,6.13984462398496
2023-10-16 22:00:00,6.169088450089457
2023-10-16 23:00:00,5.856850573765023
2023-10-17 00:00:00,5.688288283439008
2023-10-17 01:00:00,5.602010252538502
2023-10-17 02:00:00,5.595961368420504
2023-10-17 03:00:00,5.6690817078452955
2023-10-17 04:00:00,5.476378612432887
2023-10-17 05:00:00,4.885511130364917
2023-10-17 06:00:00,5.086162983942751
2023-10-17 07:00:00,5.520910375877043
2023-10-17 08:00:00,5.558677469529253
2023-10-17 09:00:00,6.238077328889714
2023-10-17 10:00:00,6.764398622939173
2023-10-17 11:00:00,6.984191944520214
2023-10-17 12:00:00,7.572271136001282
2023-10-17 13:00:00,7.299909638469676
2023-10-17 14:00:00,7.82850980139267
2023-10-17 15:00:00,8.451775188059392
2023-10-17 16:00:00,8.59219532466429
2023-10-17 17:00:00,8.617486631591255
2023-10-17 18:00:00,7.9898158283406975
2023-10-17 19:00:00,7.806914153653319
2023-10-17 20:00:00,7.540386577050767
2023-10-17 21:00:00,7.559041738175374
2023-10-17 22:00:00,7.0310540397147525
2023-10-17 23:00:00,6.913984298159497
2023-10-18 00:00:00,6.125877642163814
2023-10-18 01:00:00,6.525725294713576
2023-10-18 02:00:00,6.197511799367061
2023-10-18 03:00:00,6.379883187323949
2023-10-18 04:00:00,6.713693150623811
2023-10-18 05:00:00,6.678563151513231
2023-10-18 06:00:00,6.979111305713887
2023-10-18 07:00:00,6.846660684543299
2023-10-18 08:00:00,7.517120983069804
2023-10-18 09:00:00,7.832593727899094
2023-10-18 10:00:00,7.9181407928562
2023-10-18 11:00:00,8.179132987229014
2023-10-18 12:00:00,7.737479507779016
2023-10-18 13:00:00,7.504093084062066
2023-10-18 14:00:00,8.06761549454745
2023-10-18 15:00:00,7.327781569628518
2023-10-18 16:00:00,7.323472250538111
2023-10-18 17:00:00,7.366836112521751
2023-10-18 18:00:00,7.624160190270545
2023-10-18 19:00:00,7.04985233273516
2023-10-18 20:00:00,7.2723722401496165
2023-10-18 21:00:00,6.974570971900525
2023-10-18 22:00:00,6.835690160922193
2023-10-18 23:00:00,6.356317226726056
2023-10-19 00:00:00,6.173921256239235
2023-10-19 01:00:00,6.195758346159459
2023-10-19 02:00:00,6.015712668862305
2023-10-19 03:00:00,6.032598987437632
2023-10-19 04:00:00,5.910900101502188
2023-10-19 05:00:00,5.539046501111589
2023-10-19 06:00:00,5.737451370242951
2023-10-19 07:00:00,5.754425862448369
2023-10-19 08:00:00,5.715827273856265
2023-10-19 09:00:00,6.324284698723523
2023-10-19 10:00:00,6.219802340924936
2023-10-19 11:00:00,6.846237465926048
2023-10-19 12:00:00,6.625146914952295
2023-10-19 13:00:00,6.704522783467533
2023-10-19 14:00:00,6.788203196176052
2023-10-19 15:00:00,6.803294026634525
2023-10-19 16:00:00,6.512975863947096
2023-10-19 17:00:00,6.083941096008092
2023-10-19 18:00:00,6.216327518076097
2023-10-19 19:00:00,5.917578040241821
2023-10-19 20:00:00,5.437571863608939
2023-10-19 21:00:00,5.739062707342081
2023-10-19 22:00:00,5.264775782867457
2023-10-19 23:00:00,4.863549982580872
2023-10-20 00:00:00,4.627107424862503
2023-10-20 01:00:00,4.967625773620972
2023-10-20 02:00:00,4.434845865167462
2023-10-20 03:00:00,4.261569297551816
2023-10-20 04:00:00,4.665802486094178
2023-10-20 05:00:00,4.702881977159811
2023-10-20 06:00:00,4.937937682805931
2023-10-20 07:00:00,4.64606467952941
2023-10-20 08:00:00,54.32611605755271
2023-10-20 09:00:00,52.66860610108181
2023-10-20 10:00:00,51.07931960231293
2023-10-20 11:00:00,48.66860131287535
2023-10-20 12:00:00,47.563440575719454
2023-10-20 13:00:00,45.47048367997049
2023-10-20 14:00:00,45.49069137992432
2023-10-20 15:00:00,43.3262558755675
2023-10-20 16:00:00,42.79622135749861
2023-10-20 17:00:00,43.75793751645063
2023-10-20 18:00:00,46.886774984736434
2023-10-20 19:00:00,49.07085424004728
2023-10-20 20:00:00,6.772617959373245
2023-10-20 21:00:00,6.944775589451332
2023-10-20 22:00:00,6.444511177198944
2023-10-20 23:00:00,6.794113333730406
2023-10-21 00:00:00,6.229334966191434
2023-10-21 01:00:00,6.177978865184222
2023-10-21 02:00:00,5.955027964072087
2023-10-21 03:00:00,5.745198382372379
2023-10-21 04:00:00,5.623490885214711
2023-10-21 05:00:00,5.453196940570078
2023-10-21 06:00:00,6.037248397220727
2023-10-21 07:00:00,5.586234024559993
2023-10-21 08:00:00,5.759890285314501
2023-10-21 09:00:00,5.967943117152407
2023-10-21 10:00:00,5.8242023365553734
2023-10-21 11:00:00,6.631120561904092
2023-10-21 12:00:00,6.181071375560536
2023-10-21 13:00:00,6.555048814156813
2023-10-21 14:00:00,6.537833166925445
2023-10-21 15:00:00,6.425159057449555
2023-10-21 16:00:00,6.543912948160367
2023-10-21 17:00:00,6.677259391972374
2023-10-21 18:00:00,6.756386611935848
2023-10-21 19:00:00,7.140154248052339
2023-10-21 20:00:00,7.274249849369756
2023-10-21 21:00:00,7.060179674097178
2023-10-21 22:00:00,7.183094345759779
2023-10-21 23:00:00,6.431552487914708
2023-10-22 00:00:00,6.8700816843531305
2023-10-22 01:00:00,6.740380683937773
2023-10-22 02:00:00,6.96529847779423
2023-10-22 03:00:00,6.5668265094063845
2023-10-22 04:00:00,7.014325454864688
2023-10-22 05:00:00,6.57643989434024
2023-10-22 06:00:00,6.88429309881902
2023-10-22 07:00:00,6.9878662664452005
2023-10-22 08:00:00,7.26508344151363
2023-10-22 09:00:00,7.305883146673338
2023-10-22 10:00:00,7.402825964739023
2023-10-22 11:00:00,6.895780387747646
2023-10-22 12:00:00,6.942121899785421
2023-10-22 13:00:00,7.008734435142533
2023-10-22 14:00:00,6.928486149922976
2023-10-22 15:00:00,7.138298150581434
2023-10-22 16:00:00,6.694839061550573
2023-10-22 17:00:00,6.666210828255414
2023-10-22 18:00:00,7.035607422783355
2023-10-22 19:00:00,6.306686423797113
2023-10-22 20:00:00,6.220545890780466
2023-10-22 21:00:00,6.210701527554481
2023-10-22 22:00:00,5.721269238227445
2023-10-22 23:00:00,5.616883909097332
2023-10-23 00:00:00,6.208715924058573
2023-10-23 01:00:00,6.793505713535345
2023-10-23 02:00:00,6.589428811738501
2023-10-23 03:00:00,6.928804697712971
2023-10-23 04:00:00,7.1765194147333915
2023-10-23 05:00:00,6.620385636014097
2023-10-23 06:00:00,6.4607222554393875
2023-10-23 07:00:00,6.116218972645668
2023-10-23 08:00:00,58.40159471321342
2023-10-23 09:00:00,55.280415205460955
2023-10-23 10:00:00,51.98590510774064
2023-10-23 11:00:00,48.85422599914439
2023-10-23 12:00:00,47.08014067605007
2023-10-23 13:00:00,45.56092816342741
2023-10-23 14:00:00,47.916833235299094
2023-10-23 15:00:00,47.63815196066973
2023-10-23 16:00:00,48.92358897318127
2023-10-23 17:00:00,49.59772669200107
2023-10-23 18:00:00,50.54835186277158
2023-10-23 19:00:00,51.30335567479028
2023-10-23 20:00:00,6.475565728343182
2023-10-23 21:00:00,6.400737603495301
2023-10-23 22:00:00,6.432579165332799
2023-10-23 23:00:00,6.488728535064722
2023-10-24 00:00:00,6.320678261528408
2023-10-24 01:00:00,6.430542347157498
2023-10-24 02:00:00,6.010924260412659
2023-10-24 03:00:00,6.51634668888389
2023-10-24 04:00:00,6.412626992253366
2023-10-24 05:00:00,6.8091753787852065
2023-10-24 06:00:00,6.447530627539885
2023-10-24 07:00:00,6.564126928292068
2023-10-24 08:00:00,61.78258278882611
2023-10-24 09:00:00,59.38598030655516
2023-10-24 10:00:00,56.60224391372286
2023-10-24 11:00:00,53.727702542959626
2023-10-24 12:00:00,51.81735042384371
2023-10-24 13:00:00,49.86866355038623
2023-10-24 14:00:00,50.63159102829037
2023-10-24 15:00:00,50.92672151478859
2023-10-24 16:00:00,51.59021416423683
2023-10-24 17:00:00,52.46409222620428
2023-10-24 18:00:00,52.37590836798621
2023-10-24 19:00:00,53.05258000591274
2023-10-24 20:00:00,5.960212468065715
2023-10-24 21:00:00,6.059118667582074
2023-10-24 22:00:00,5.705144893133662
2023-10-24 23:00:00,5.492193584386791
2023-10-25 00:00:00,5.584863474345496
2023-10-25 01:00:00,5.064464742796414
2023-10-25 02:00:00,5.426180529746624
2023-10-25 03:00:00,5.419063947259827
2023-10-25 04:00:00,5.376714429375612
2023-10-25 05:00:00,5.827624775051313
2023-10-25 06:00:00,5.442183737566883
2023-10-25 07:00:00,6.200711487956043
2023-10-25 08:00:00,50.13891538914912
2023-10-25 09:00:00,48.76123385282784
2023-10-25 10:00:00,46.57692865258713
2023-10-25 11:00:00,44.11350719011298
2023-10-25 12:00:00,40.31255781628532
2023-10-25 13:00:00,38.46861664193396
2023-10-25 14:00:00,38.24909379489967
2023-10-25 15:00:00,38.4396838308903
2023-10-25 16:00:00,39.06212789416888
2023-10-25 17:00:00,41.02180275635513
2023-10-25 18:00:00,42.48648653196725
2023-10-25 19:00:00,43.380346184933344
2023-10-25 20:00:00,7.359585563772779
2023-10-25 21:00:00,7.305436885098848
2023-10-25 22:00:00,7.024484656831698
2023-10-25 23:00:00,6.941869922172643
2023-10-26 00:00:00,7.004733729213513
2023-10-26 01:00:00,6.893822950498895
2023-10-26 02:00:00,7.214612214465092
2023-10-26 03:00:00,7.027324328796707
2023-10-26 04:00:00,7.41926260562418
2023-10-26 05:00:00,7.348765326885796
2023-10-26 06:00:00,7.433582306135588
2023-10-26 07:00:00,6.964890752423314
2023-10-26 08:00:00,7.0995774682074835
2023-10-26 09:00:00,6.892566504470093
2023-10-26 10:00:00,6.857187329566603
2023-10-26 11:00:00,6.78564968105284
2023-10-26 12:00:00,7.158899492410595
2023-10-26 13:00:00,7.253792004367936
2023-10-26 14:00:00,7.360741274808058
2023-10-26 15:00:00,7.505980209581892
2023-10-26 16:00:00,6.944251679692955
2023-10-26 17:00:00,7.152060583702303
2023-10-26 18:00:00,7.563005636293439
2023-10-26 19:00:00,7.001915969886576
2023-10-26 20:00:00,6.5964412803117005
2023-10-26 21:00:00,6.3969183132294996
2023-10-26 22:00:00,6.740872192018169
2023-10-26 23:00:00,6.947540746915915
2023-10-27 00:00:00,7.1310161486937265
2023-10-27 01:00:00,6.768731639557419
2023-10-27 02:00:00,7.123375539379766
2023-10-27 03:00:00,6.727800355564476
2023-10-27 04:00:00,6.771130229858161
2023-10-27 05:00:00,6.943198283850795
2023-10-27 06:00:00,6.874452979429006
2023-10-27 07:00:00,7.0019814009242
2023-10-27 08:00:00,6.873108837989187
2023-10-27 09:00:00,7.116457773523337
2023-10-27 10:00:00,6.626180565717758
2023-10-27 11:00:00,7.189759850535747
2023-10-27 12:00:00,7.166707194431738
2023-10-27 13:00:00,7.009202155194319
2023-10-27 14:00:00,6.739771384492329
2023-10-27 15:00:00,6.731698311241159
2023-10-27 16:00:00,6.665136297565905
2023-10-27 17:00:00,6.312852855657649
2023-10-27 18:00:00,6.11973466047179
2023-10-27 19:00:00,6.280972820617423
2023-10-27 20:00:00,6.292947039963767
2023-10-27 21:00:00,6.112337989103172
2023-10-27 22:00:00,5.833823668589424
2023-10-27 23:00:00,5.85133349311149
2023-10-28 00:00:00,5.573261643171313
2023-10-28 01:00:00,5.397147813431277
2023-10-28 02:00:00,5.88006914695756
2023-10-28 03:00:00,5.838124948333002
2023-10-28 04:00:00,5.536118677058424
2023-10-28 05:00:00,5.530563520062482
2023-10-28 06:00:00,5.919993362494974
2023-10-28 07:00:00,6.4851239221667125
2023-10-28 08:00:00,5.94910917294166
2023-10-28 09:00:00,6.250649883271546
2023-10-28 10:00:00,6.039023478412471
2023-10-28 11:00:00,5.909483877620443
2023-10-28 12:00:00,6.161635812303664
2023-10-28 13:00:00,6.03712524278881
2023-10-28 14:00:00,5.86518062980643
2023-10-28 15:00:00,5.575966840629599
2023-10-28 16:00:00,5.097125225273833
2023-10-28 17:00:00,5.254899810269132
2023-10-28 18:00:00,5.078395901723108
2023-10-28 19:00:00,4.891865173155418
2023-10-28 20:00:00,5.12955533501505
2023-10-28 21:00:00,5.071958556132162
2023-10-28 22:00:00,5.2581480459296905
2023-10-28 23:00:00,5.134336721724597
2023-10-29 00:00:00,4.949836325496732
2023-10-29 01:00:00,4.886655884143628
2023-10-29 02:00:00,4.503664589888216
2023-10-29 03:00:00,4.681925693371545
2023-10-29 04:00:00,4.512893688081688
2023-10-29 05:00:00,5.400043761385761
2023-10-29 06:00:00,4.850099771386293
2023-10-29 07:00:00,5.774978490601407
2023-10-29 08:00:00,5.315716676574565
2023-10-29 09:00:00,5.597013664119041
2023-10-29 10:00:00,5.338820642758881
2023-10-29 11:00:00,6.052484382800394
2023-10-29 12:00:00,6.795581229093737
2023-10-29 13:00:00,6.701653972370737
2023-10-29 14:00:00,6.986318575193465
2023-10-29 15:00:00,6.585725152697373
2023-10-29 16:00:00,6.854450064451795
2023-10-29 17:00:00,6.8814413908532925
2023-10-29 18:00:00,6.5940178990330445
2023-10-29 19:00:00,5.898959413613875
2023-10-29 20:00:00,5.577717382768508
2023-10-29 21:00:00,5.389384149872852
2023-10-29 22:00:00,5.24248765831519
2023-10-29 23:00:00,5.194207086327572
2023-10-30 00:00:00,6.0002526953379345
2023-10-30 01:00:00,5.713938678338089
2023-10-30 02:00:00,5.330109334313121
2023-10-30 03:00:00,5.440446204738951
2023-10-30 04:00:00,5.4500835747801215
2023-10-30 05:00:00,5.521302295737884
2023-10-30 06:00:00,5.640694681688083
2023-10-30 07:00:00,5.847139175565427
2023-10-30 08:00:00,6.2674030222544665
2023-10-30 09:00:00,6.2407660219440375
2023-10-30 10:00:00,6.632310523980442
2023-10-30 11:00:00,6.660373600250658
2023-10-30 12:00:00,6.659468208294147
2023-10-30 13:00:00,6.8814988542865345
2023-10-30 14:00:00,7.02578984235138
2023-10-30 15:00:00,7.252279921222813
2023-10-30 16:00:00,7.044716693379109
2023-10-30 17:00:00,7.168871796852834
2023-10-30 18:00:00,7.246602646177806
2023-10-30 19:00:00,7.043082957923532
2023-10-30 20:00:00,7.475691499097416
2023-10-30 21:00:00,7.084295981039507
2023-10-30 22:00:00,7.283923643156219
2023-10-30 23:00:00,7.12014584628821
2023-10-31 00:00:00,6.642337613600768
2023-10-31 01:00:00,6.912272808041209
2023-10-31 02:00:00,6.239978426108724
2023-10-31 03:00:00,6.122643872119466
2023-10-31 04:00:00,6.554106517182408
2023-10-31 05:00:00,6.7595111572770294
2023-10-31 06:00:00,6.3890376669123405
2023-10-31 07:00:00,6.9838431205469735
2023-10-31 08:00:00,67.97471062781165
2023-10-31 09:00:00,65.42397913615767
2023-10-31 10:00:00,63.36696257454082
2023-10-31 11:00:00,61.29382399767406
2023-10-31 12:00:00,56.88313153343803
2023-10-31 13:00:00,53.391378620983915
2023-10-31 14:00:00,54.35385382596606
2023-10-31 15:00:00,53.02628052540725
2023-10-31 16:00:00,51.7891227607868
2023-10-31 17:00:00,52.7570253750639
2023-10-31 18:00:00,54.59591699664333
2023-10-31 19:00:00,57.627236855857475
2023-10-31 20:00:00,7.072362861277004
2023-10-31 21:00:00,6.779538724575086
2023-10-31 22:00:00,6.3853019933555695
2023-10-31 23:00:00,6.425286977172444
2023-11-01 00:00:00,5.9267161481502555
2023-11-01 01:00:00,5.9382972692961
2023-11-01 02:00:00,6.0499476327690624
2023-11-01 03:00:00,6.0201278226098625
2023-11-01 04:00:00,5.956534210530572
2023-11-01 05:00:00,6.224879927724095
2023-11-01 06:00:00,6.08132083661738
2023-11-01 07:00:00,6.1459868663105635
2023-11-01 08:00:00,59.849486209489726
2023-11-01 09:00:00,57.706885138067335
2023-11-01 10:00:00,54.762976190509754
2023-11-01 11:00:00,52.87007045931989
2023-11-01 12:00:00,52.46496639112553
2023-11-01 13:00:00,48.976730860611916
2023-11-01 14:00:00,49.98650128024632
2023-11-01 15:00:00,48.87237785963953
2023-11-01 16:00:00,48.92617608417098
2023-11-01 17:00:00,48.24787440811694
2023-11-01 18:00:00,48.15319117808277
2023-11-01 19:00:00,48.57876397346339
2023-11-01 20:00:00,5.74873409695961
2023-11-01 21:00:00,5.4573426004027805
2023-11-01 22:00:00,5.252806577120248
2023-11-01 23:00:00,5.351685523963841
2023-11-02 00:00:00,4.731130263551258
2023-11-02 01:00:00,4.767867644885335
2023-11-02 02:00:00,5.251365539506916
2023-11-02 03:00:00,5.266987288628785
2023-11-02 04:00:00,5.926796016059046
2023-11-02 05:00:00,6.167938863535547
2023-11-02 06:00:00,6.580747022618317
2023-11-02 07:00:00,6.554676983881191
2023-11-02 08:00:00,43.31077373946921
2023-11-02 09:00:00,46.1209736332495
2023-11-02 10:00:00,47.04011240686301
2023-11-02 11:00:00,46.97854915614368
2023-11-02 12:00:00,46.13746537318957
2023-11-02 13:00:00,46.194774082214195
2023-11-02 14:00:00,48.984220429380386
2023-11-02 15:00:00,53.38326708004524
2023-11-02 16:00:00,55.98787614256377
2023-11-02 17:00:00,58.42637166333859
2023-11-02 18:00:00,59.526556863090555
2023-11-02 19:00:00,62.77644231578331
2023-11-02 20:00:00,6.530763339460673
2023-11-02 21:00:00,6.7356615288033845
2023-11-02 22:00:00,6.431377950532357
2023-11-02 23:00:00,6.172864663834765
2023-11-03 00:00:00,6.377048419583574
2023-11-03 01:00:00,6.072957377818835
2023-11-03 02:00:00,6.233568918196045
2023-11-03 03:00:00,6.051919123396897
2023-11-03 04:00:00,6.575232497921602
2023-11-03 05:00:00,6.611170830625544
2023-11-03 06:00:00,6.953327296445112
2023-11-03 07:00:00,6.885594893021699
2023-11-03 08:00:00,66.54752958693346
2023-11-03 09:00:00,64.02332275885566
2023-11-03 10:00:00,61.67357397214695
2023-11-03 11:00:00,59.36742355197586
2023-11-03 12:00:00,58.33480905813624
2023-11-03 13:00:00,56.51261526925228
2023-11-03 14:00:00,57.678298306924425
2023-11-03 15:00:00,54.797390575432814
2023-11-03 16:00:00,54.81301799931914
2023-11-03 17:00:00,55.156169818182974
2023-11-03 18:00:00,56.347608463286946
2023-11-03 19:00:00,57.617844903979574
2023-11-03 20:00:00,6.1240345548898745
2023-11-03 21:00:00,6.277773109595048
2023-11-03 22:00:00,5.9121349762092255
2023-11-03 23:00:00,6.198348155199449
2023-11-04 00:00:00,5.95337823263427
2023-11-04 01:00:00,5.690181254290288
2023-11-04 02:00:00,5.99227056508866
2023-11-04 03:00:00,6.060366069158539
2023-11-04 04:00:00,5.552698265561545
2023-11-04 05:00:00,5.366731184977626
2023-11-04 06:00:00,5.498793461226442
2023-11-04 07:00:00,5.44659458375522
2023-11-04 08:00:00,5.447985122298317
2023-11-04 09:00:00,5.247066293946159
2023-11-04 10:00:00,5.018630429519009
2023-11-04 11:00:00,5.188692476713531
2023-11-04 12:00:00,5.1930254319656095
2023-11-04 13:00:00,5.266504065280065
2023-11-04 14:00:00,5.298190390677522
2023-11-04 15:00:00,5.230093036925071
2023-11-04 16:00:00,5.912567908199207
2023-11-04 17:00:00,5.236298221902263
2023-11-04 18:00:00,5.455811288373116
2023-11-04 19:00:00,5.784862261407021
2023-11-04 20:00:00,5.2612716001304936
2023-11-04 21:00:00,5.0191772426689845
2023-11-04 22:00:00,4.727329594404791
2023-11-04 23:00:00,4.718435321813305
2023-11-05 00:00:00,4.817102628183661
2023-11-05 01:00:00,5.007678070730261
2023-11-05 02:00:00,4.791313953345642
2023-11-05 03:00:00,4.419795054177775
2023-11-05 04:00:00,4.721690565472617
2023-11-05 05:00:00,5.064564539854361
2023-11-05 06:00:00,5.398762712548098
2023-11-05 07:00:00,5.418384538688052
2023-11-05 08:00:00,5.56146226540787
2023-11-05 09:00:00,6.109242636647488
2023-11-05 10:00:00,5.78529438631808
2023-11-05 11:00:00,5.511325784195883
2023-11-05 12:00:00,6.571490644114547
2023-11-05 13:00:00,6.413469341398312
2023-11-05 14:00:00,5.786721128559952
2023-11-05 15:00:00,5.9269680315059565
2023-11-05 16:00:00,5.089333106474755
2023-11-05 17:00:00,5.293307394976544
2023-11-05 18:00:00,5.452407259402998
2023-11-05 19:00:00,5.343357560070474
2023-11-05 20:00:00,5.100854279147634
2023-11-05 21:00:00,5.145877744284663
2023-11-05 22:00:00,4.844510967018035
2023-11-05 23:00:00,4.526557228284982
2023-11-06 00:00:00,5.043837958042923
2023-11-06 01:00:00,5.003120454433237
2023-11-06 02:00:00,4.784834539920197
2023-11-06 03:00:00,4.787391201636917
2023-11-06 04:00:00,4.654659688158399
2023-11-06 05:00:00,5.035664485750604
2023-11-06 06:00:00,5.3389530693037335
2023-11-06 07:00:00,5.825885886928499
2023-11-06 08:00:00,70.12159282076385
2023-11-06 09:00:00,66.40347691039644
2023-11-06 10:00:00,61.11749514517187
2023-11-06 11:00:00,58.96453934804999
2023-11-06 12:00:00,55.638592733582165
2023-11-06 13:00:00,55.12764675568399
2023-11-06 14:00:00,53.205051195898115
2023-11-06 15:00:00,51.71896406130108
2023-11-06 16:00:00,53.374078304935544
2023-11-06 17:00:00,54.824785400539255
2023-11-06 18:00:00,57.984100458289774
2023-11-06 19:00:00,60.97945435108409
2023-11-06 20:00:00,6.314697756250001
2023-11-06 21:00:00,5.890912474957998
2023-11-06 22:00:00,5.874203480539122
2023-11-06 23:00:00,6.346998100174646
2023-11-07 00:00:00,5.995479364452719
2023-11-07 01:00:00,5.958586335883018
2023-11-07 02:00:00,5.769401987728132
2023-11-07 03:00:00,5.852892571379976
2023-11-07 04:00:00,5.701969828284451
2023-11-07 05:00:00,6.317811765982005
2023-11-07 06:00:00,6.218912344002053
2023-11-07 07:00:00,6.317782653258304
2023-11-07 08:00:00,77.36276950328207
2023-11-07 09:00:00,73.59813805305811
2023-11-07 10:00:00,70.21034331463156
2023-11-07 11:00:00,66.13018144445392
2023-11-07 12:00:00,63.97678489106669
2023-11-07 13:00:00,60.872636151607004
2023-11-07 14:00:00,59.79675122544583
2023-11-07 15:00:00,58.96000316535671
2023-11-07 16:00:00,57.80531098346722
2023-11-07 17:00:00,58.95419257554979
2023-11-07 18:00:00,59.56445008514921
2023-11-07 19:00:00,62.48887436246193
2023-11-07 20:00:00,6.046305295737973
2023-11-07 21:00:00,6.0439614400079265
2023-11-07 22:00:00,6.361140765894139
2023-11-07 23:00:00,5.809647083318975
2023-11-08 00:00:00,5.901397033076892
2023-11-08 01:00:00,5.997669195279806
2023-11-08 02:00:00,5.952303760496531
2023-11-08 03:00:00,6.393594976280593
2023-11-08 04:00:00,6.1880647278047975
2023-11-08 05:00:00,6.372314689790983
2023-11-08 06:00:00,6.983340873280646
2023-11-08 07:00:00,6.659842472431535
2023-11-08 08:00:00,73.06648477871046
2023-11-08 09:00:00,71.85308350484596
2023-11-08 10:00:00,69.5591805764289
2023-11-08 11:00:00,65.84743642175503
2023-11-08 12:00:00,62.5740762735538
2023-11-08 13:00:00,59.1027660218315
2023-11-08 14:00:00,57.618875298726586
2023-11-08 15:00:00,54.25185302738338
2023-11-08 16:00:00,55.42798660048353
2023-11-08 17:00:00,55.647303343163216
2023-11-08 18:00:00,58.003589062231164
2023-11-08 19:00:00,57.41899423015334
2023-11-08 20:00:00,5.851141647788981
2023-11-08 21:00:00,5.472921639044567
2023-11-08 22:00:00,5.591681054612483
2023-11-08 23:00:00,5.6758542827209535
2023-11-09 00:00:00,5.590136706606681
2023-11-09 01:00:00,5.86080336704405
2023-11-09 02:00:00,5.738461362797468
2023-11-09 03:00:00,5.335552402105838
2023-11-09 04:00:00,5.256601426424349
2023-11-09 05:00:00,4.924037444777947
2023-11-09 06:00:00,4.975211492941037
2023-11-09 07:00:00,5.769108106308265
2023-11-09 08:00:00,60.63130423946949
2023-11-09 09:00:00,58.29656135707566
2023-11-09 10:00:00,53.41761847975359
2023-11-09 11:00:00,51.8795503640982
2023-11-09 12:00:00,47.93333002516852
2023-11-09 13:00:00,45.419754563880375
2023-11-09 14:00:00,44.996699046804196
2023-11-09 15:00:00,43.455026412745966
2023-11-09 16:00:00,45.23302832436903
2023-11-09 17:00:00,45.55733702428733
2023-11-09 18:00:00,48.79725095155497
2023-11-09 19:00:00,51.919235116465806
2023-11-09 20:00:00,4.630691269430151
2023-11-09 21:00:00,4.6739445837560245
2023-11-09 22:00:00,5.345177914554872
2023-11-09 23:00:00,4.816900237020321
2023-11-10 00:00:00,4.748814357248247
2023-11-10 01:00:00,5.048942511145693
2023-11-10 02:00:00,5.509277556070896
2023-11-10 03:00:00,5.018822756458441
2023-11-10 04:00:00,5.726271177680299
2023-11-10 05:00:00,5.699854689766853
2023-11-10 06:00:00,5.737002039567969
2023-11-10 07:00:00,5.737997781096888
2023-11-10 08:00:00,59.92145652441667
2023-11-10 09:00:00,58.492404494480986
2023-11-10 10:00:00,54.84077236078652
2023-11-10 11:00:00,52.14343459929955
2023-11-10 12:00:00,48.950464570777434
2023-11-10 13:00:00,47.002970503483915
2023-11-10 14:00:00,47.489004269677686
2023-11-10 15:00:00,48.22832164477236
2023-11-10 16:00:00,48.066611143979316
2023-11-10 17:00:00,49.45941298191584
2023-11-10 18:00:00,51.45165252171362
2023-11-10 19:00:00,51.549980987615115
2023-11-10 20:00:00,6.205360540852941
2023-11-10 21:00:00,6.369662981990809
2023-11-10 22:00:00,6.0439357914899166
2023-11-10 23:00:00,6.341276922263797
2023-11-11 00:00:00,6.553173822511996
2023-11-11 01:00:00,6.423614309626164
2023-11-11 02:00:00,6.053888758971522
2023-11-11 03:00:00,6.1414149087636405
2023-11-11 04:00:00,5.759072216375571
2023-11-11 05:00:00,5.85661375731497
2023-11-11 06:00:00,5.454998642808001
2023-11-11 07:00:00,5.587085685588319
2023-11-11 08:00:00,5.113561678124713
2023-11-11 09:00:00,5.891639892259871
2023-11-11 10:00:00,5.974752406139898
2023-11-11 11:00:00,6.347103550804912
2023-11-11 12:00:00,6.472142041753669
2023-11-11 13:00:00,6.704209144993957
2023-11-11 14:00:00,6.543573460520013
2023-11-11 15:00:00,6.581840205019694
2023-11-11 16:00:00,6.525744228437081
2023-11-11 17:00:00,6.783575633331809
2023-11-11 18:00:00,7.064627625215863
2023-11-11 19:00:00,6.7298577065804475
2023-11-11 20:00:00,6.386711687495563
2023-11-11 21:00:00,6.639390366253312
2023-11-11 22:00:00,6.359939816600849
2023-11-11 23:00:00,6.617153451386198
2023-11-12 00:00:00,6.468508027896907
2023-11-12 01:00:00,6.057123271122924
2023-11-12 02:00:00,5.768553974757439
2023-11-12 03:00:00,5.696954434450262
2023-11-12 04:00:00,5.629256556354152
2023-11-12 05:00:00,5.192017784897244
2023-11-12 06:00:00,5.083670558550068
2023-11-12 07:00:00,5.57711532779177
2023-11-12 08:00:00,5.88301222169754
2023-11-12 09:00:00,6.26617797310723
2023-11-12 10:00:00,5.805347235948485
2023-11-12 11:00:00,5.933841932547702
2023-11-12 12:00:00,5.866270795937691
2023-11-12 13:00:00,6.489147322504692
2023-11-12 14:00:00,6.07798569485967
2023-11-12 15:00:00,5.846855810872896
2023-11-12 16:00:00,5.930328196078242
2023-11-12 17:00:00,6.163480979620242
2023-11-12 18:00:00,6.015073144825967
2023-11-12 19:00:00,5.984022053277966
2023-11-12 20:00:00,6.421375092464492
2023-11-12 21:00:00,6.310575716455744
2023-11-12 22:00:00,6.349586306635776
2023-11-12 23:00:00,5.93101936272658
2023-11-13 00:00:00,6.362795363141976
2023-11-13 01:00:00,6.053919809125628
2023-11-13 02:00:00,6.205121381271922
2023-11-13 03:00:00,6.229872376896884
2023-11-13 04:00:00,5.912269218545991
2023-11-13 05:00:00,6.345198104127913
2023-11-13 06:00:00,6.08566870440439
2023-11-13 07:00:00,6.595951775722513
2023-11-13 08:00:00,6.908141499578968
2023-11-13 09:00:00,6.580222426353834
2023-11-13 10:00:00,6.671750926873057
2023-11-13 11:00:00,6.333529030389181
2023-11-13 12:00:00,6.5346977309610095
2023-11-13 13:00:00,6.425956653180428
2023-11-13 14:00:00,6.653901451629549
2023-11-13 15:00:00,6.6343259186967884
2023-11-13 16:00:00,6.6366656399999915
2023-11-13 17:00:00,6.351217053496849
2023-11-13 18:00:00,6.503344829615019
2023-11-13 19:00:00,6.235124802565155
2023-11-13 20:00:00,6.437184369923411
2023-11-13 21:00:00,6.202171778110141
2023-11-13 22:00:00,6.112075797904837
2023-11-13 23:00:00,5.797401790508193
2023-11-14 00:00:00,6.205211114891471
2023-11-14 01:00:00,6.327883838229788
2023-11-14 02:00:00,5.968067454582755
2023-11-14 03:00:00,6.080759102786656
2023-11-14 04:00:00,6.327926426535308
2023-11-14 05:00:00,6.358032328873503
2023-11-14 06:00:00,5.865627123675381
2023-11-14 07:00:00,5.80232811011559
2023-11-14 08:00:00,6.449080901649209
2023-11-14 09:00:00,6.711102537650561
2023-11-14 10:00:00,6.552190279427696
2023-11-14 11:00:00,7.296209323145713
2023-11-14 12:00:00,7.414144415923575
2023-11-14 13:00:00,7.211164424361744
2023-11-14 14:00:00,7.086120119643535
2023-11-14 15:00:00,7.245038705795906
2023-11-14 16:00:00,7.002155074376156
2023-11-14 17:00:00,6.586862634088859
2023-11-14 18:00:00,6.863298543970624
2023-11-14 19:00:00,6.366921028783884
2023-11-14 20:00:00,5.779761814205622
2023-11-14 21:00:00,6.0095029782100715
2023-11-14 22:00:00,6.276450307844775
2023-11-14 23:00:00,5.718197830129198
2023-11-15 00:00:00,5.641098502695142
2023-11-15 01:00:00,5.364483288733104
2023-11-15 02:00:00,5.544021523025403
2023-11-15 03:00:00,5.46278811678239
2023-11-15 04:00:00,6.4136550733410695
2023-11-15 05:00:00,6.564779030963801
2023-11-15 06:00:00,6.580663318509233
2023-11-15 07:00:00,6.432466833268577
2023-11-15 08:00:00,56.85223795758101
2023-11-15 09:00:00,54.40592616533941
2023-11-15 10:00:00,52.929710496986196
2023-11-15 11:00:00,51.12954889928673
2023-11-15 12:00:00,49.08139562846575
2023-11-15 13:00:00,45.60020172119356
2023-11-15 14:00:00,41.57700399015593
2023-11-15 15:00:00,39.84877797390159
2023-11-15 16:00:00,40.16501277462244
2023-11-15 17:00:00,39.56138487599563
2023-11-15 18:00:00,42.849477971467365
2023-11-15 19:00:00,44.22822917136428
2023-11-15 20:00:00,5.25835932607161
2023-11-15 21:00:00,5.066481628095303
2023-11-15 22:00:00,5.283324182109482
2023-11-15 23:00:00,5.259889505051282
2023-11-16 00:00:00,4.834768175976451
2023-11-16 01:00:00,4.838005225358779
2023-11-16 02:00:00,4.888461489259085
2023-11-16 03:00:00,5.09489938628842
2023-11-16 04:00:00,5.097199715134475
2023-11-16 05:00:00,5.351899219980104
2023-11-16 06:00:00,5.509746260179784
2023-11-16 07:00:00,5.461894775189772
2023-11-16 08:00:00,59.48141939038975
2023-11-16 09:00:00,59.25908519524321
2023-11-16 10:00:00,58.32310480274176
2023-11-16 11:00:00,55.31563166795428
2023-11-16 12:00:00,54.51252286366923
2023-11-16 13:00:00,50.662167365454636
2023-11-16 14:00:00,48.87325831343319
2023-11-16 15:00:00,47.49246829334318
2023-11-16 16:00:00,46.611959647757786
2023-11-16 17:00:00,45.41423770321407
2023-11-16 18:00:00,45.493755187101684
2023-11-16 19:00:00,49.285483811621475
2023-11-16 20:00:00,6.416385079718558
2023-11-16 21:00:00,6.112513188330229
2023-11-16 22:00:00,5.9005939550717565
2023-11-16 23:00:00,5.697638813248701
2023-11-17 00:00:00,5.7032475315127975
2023-11-17 01:00:00,5.800824479770461
2023-11-17 02:00:00,5.749293948445812
2023-11-17 03:00:00,5.220568774924171
2023-11-17 04:00:00,5.133970762491901
2023-11-17 05:00:00,4.944357557583839
2023-11-17 06:00:00,5.336754684520424
2023-11-17 07:00:00,5.682582699264785
2023-11-17 08:00:00,57.22693201131991
2023-11-17 09:00:00,56.549960426159814
2023-11-17 10:00:00,56.174238563690444
2023-11-17 11:00:00,51.6318818239921
2023-11-17 12:00:00,48.53843467897768
2023-11-17 13:00:00,46.76987592120477
2023-11-17 14:00:00,43.56195805680449
2023-11-17 15:00:00,42.60716878276874
2023-11-17 16:00:00,39.811679528371364
2023-11-17 17:00:00,41.165758609576564
2023-11-17 18:00:00,42.578370405480165
2023-11-17 19:00:00,45.62958045288584
2023-11-17 20:00:00,6.632716405926901
2023-11-17 21:00:00,6.000548885375098
2023-11-17 22:00:00,5.517262418779974
2023-11-17 23:00:00,5.276998347505475
2023-11-18 00:00:00,4.8649255288688
2023-11-18 01:00:00,4.863129769751539
2023-11-18 02:00:00,5.232155214865864
2023-11-18 03:00:00,5.20136521039218
2023-11-18 04:00:00,5.256848475918664
2023-11-18 05:00:00,5.067718295464247
2023-11-18 06:00:00,5.104626081680372
2023-11-18 07:00:00,5.173205998459864
2023-11-18 08:00:00,5.858371866828546
2023-11-18 09:00:00,5.893791893505562
2023-11-18 10:00:00,5.888062755261765
2023-11-18 11:00:00,5.8482092055477395
2023-11-18 12:00:00,6.195464636651426
2023-11-18 13:00:00,6.510923408549763
2023-11-18 14:00:00,6.749615693118455
2023-11-18 15:00:00,6.000910614113797
2023-11-18 16:00:00,5.606470283634845
2023-11-18 17:00:00,5.715180759691409
2023-11-18 18:00:00,5.655237491759555
2023-11-18 19:00:00,5.22038234925221
2023-11-18 20:00:00,4.846683390310335
2023-11-18 21:00:00,5.406758596302429
2023-11-18 22:00:00,5.349065278878337
2023-11-18 23:00:00,5.83174092892035
2023-11-19 00:00:00,5.947439465373412
2023-11-19 01:00:00,5.3024846502691805
2023-11-19 02:00:00,5.678294978204298
2023-11-19 03:00:00,5.383913098412906
2023-11-19 04:00:00,5.214693357813811
2023-11-19 05:00:00,4.7946233560550695
2023-11-19 06:00:00,5.461791621661776
2023-11-19 07:00:00,5.578926005927432
2023-11-19 08:00:00,5.8575578355238465
2023-11-19 09:00:00,5.849460666892878
2023-11-19 10:00:00,5.974450749038074
2023-11-19 11:00:00,5.963160602377932
2023-11-19 12:00:00,6.079397892376981
2023-11-19 13:00:00,6.5023270746699895
2023-11-19 14:00:00,5.955635190196475
2023-11-19 15:00:00,5.920883403499933
2023-11-19 16:00:00,5.551791621896581
2023-11-19 17:00:00,5.10101429809046
2023-11-19 18:00:00,5.364138822069173
2023-11-19 19:00:00,5.90754892574705
2023-11-19 20:00:00,5.324123504024994
2023-11-19 21:00:00,4.86440796427111
2023-11-19 22:00:00,4.719676020278773
2023-11-19 23:00:00,4.667893010811491
2023-11-20 00:00:00,4.841652782476084
2023-11-20 01:00:00,4.911848690815822
2023-11-20 02:00:00,5.062589728875675
2023-11-20 03:00:00,4.922553262141608
2023-11-20 04:00:00,5.399231819604833
2023-11-20 05:00:00,5.468997320256072
2023-11-20 06:00:00,5.404829918911495
2023-11-20 07:00:00,5.419890272811109
2023-11-20 08:00:00,67.02615877444137
2023-11-20 09:00:00,64.51601448961378
2023-11-20 10:00:00,58.68472717323637
2023-11-20 11:00:00,53.31337473055649
2023-11-20 12:00:00,47.86086455245248
2023-11-20 13:00:00,43.24898671596131
2023-11-20 14:00:00,40.66120054388071
2023-11-20 15:00:00,37.964830456783844
2023-11-20 16:00:00,37.116626036393185
2023-11-20 17:00:00,37.89100111611116
2023-11-20 18:00:00,41.27080970316586
2023-11-20 19:00:00,43.98848469140398
2023-11-20 20:00:00,6.128117898944676
2023-11-20 21:00:00,6.437948720537886
2023-11-20 22:00:00,6.451918761485179
2023-11-20 23:00:00,5.667616755765186
2023-11-21 00:00:00,6.256382173153793
2023-11-21 01:00:00,5.969280107521931
2023-11-21 02:00:00,5.840994071628576
2023-11-21 03:00:00,5.944806944463376
2023-11-21 04:00:00,6.1106156750514495
2023-11-21 05:00:00,6.437377908358167
2023-11-21 06:00:00,6.228675314394408
2023-11-21 07:00:00,6.310383834704743
2023-11-21 08:00:00,67.33326262970544
2023-11-21 09:00:00,66.29640329086637
2023-11-21 10:00:00,62.937818103735864
2023-11-21 11:00:00,60.436698618675024
2023-11-21 12:00:00,56.487660676861346
2023-11-21 13:00:00,52.91190887407493
2023-11-21 14:00:00,53.67366456091307
2023-11-21 15:00:00,53.4591693724265
2023-11-21 16:00:00,53.77866113915912
2023-11-21 17:00:00,55.298881468009924
2023-11-21 18:00:00,58.653304553935016
2023-11-21 19:00:00,60.137585647448454
2023-11-21 20:00:00,5.823080420875844
2023-11-21 21:00:00,5.735398690223335
2023-11-21 22:00:00,5.798863816474719
2023-11-21 23:00:00,5.684307551015002
2023-11-22 00:00:00,6.222377031582297
2023-11-22 01:00:00,5.643206743644977
2023-11-22 02:00:00,6.003126327493259
2023-11-22 03:00:00,5.6815092076197375
2023-11-22 04:00:00,5.342760507425399
2023-11-22 05:00:00,5.692466037345316
2023-11-22 06:00:00,5.543950936356302
2023-11-22 07:00:00,5.753894066748162
2023-11-22 08:00:00,73.12096803680657
2023-11-22 09:00:00,68.12015965115148
2023-11-22 10:00:00,61.045636235332395
2023-11-22 11:00:00,56.19645913515321
2023-11-22 12:00:00,52.17358025722996
2023-11-22 13:00:00,51.41311442254373
2023-11-22 14:00:00,50.76155746442691
2023-11-22 15:00:00,50.048606985266844
2023-11-22 16:00:00,51.026213806276225
2023-11-22 17:00:00,52.18079074351842
2023-11-22 18:00:00,56.57932709082093
2023-11-22 19:00:00,59.65976966225406
2023-11-22 20:00:00,5.96613816370685
2023-11-22 21:00:00,6.354142463283856
2023-11-22 22:00:00,6.062130000820545
2023-11-22 23:00:00,6.6687197352139
2023-11-23 00:00:00,6.045377923785768
2023-11-23 01:00:00,5.9523706612809875
2023-11-23 02:00:00,6.136336287190684
2023-11-23 03:00:00,6.101825233558405
2023-11-23 04:00:00,6.5564849491038935
2023-11-23 05:00:00,6.417529655209485
2023-11-23 06:00:00,6.81403770650739
2023-11-23 07:00:00,7.523309712602114
2023-11-23 08:00:00,83.73547200499905
2023-11-23 09:00:00,80.71027472809726
2023-11-23 10:00:00,74.11333685182758
2023-11-23 11:00:00,68.94941618560372
2023-11-23 12:00:00,62.61176544342025
2023-11-23 13:00:00,57.947031509975545
2023-11-23 14:00:00,54.954647555424856
2023-11-23 15:00:00,51.648770563919676
2023-11-23 16:00:00,51.85450752507201
2023-11-23 17:00:00,52.05467753063907
2023-11-23 18:00:00,55.27432068199079
2023-11-23 19:00:00,59.337878419167104
2023-11-23 20:00:00,6.26026789712971
2023-11-23 21:00:00,6.476703722108253
2023-11-23 22:00:00,6.675123789010934
2023-11-23 23:00:00,6.687998349044734
2023-11-24 00:00:00,6.1826756997134105
2023-11-24 01:00:00,6.20288303644008
2023-11-24 02:00:00,6.243612230400498
2023-11-24 03:00:00,6.225296826764344
2023-11-24 04:00:00,7.147098256516333
2023-11-24 05:00:00,6.286640702553312
2023-11-24 06:00:00,6.274620558492082
2023-11-24 07:00:00,6.41346865926827
2023-11-24 08:00:00,85.47945236691422
2023-11-24 09:00:00,81.9362010188642
2023-11-24 10:00:00,74.82726328787204
2023-11-24 11:00:00,67.57151424872305
2023-11-24 12:00:00,60.99237083893085
2023-11-24 13:00:00,54.10915086645887
2023-11-24 14:00:00,48.73591391906219
2023-11-24 15:00:00,45.23263326933662
2023-11-24 16:00:00,43.2045628392193
2023-11-24 17:00:00,45.37702121563693
2023-11-24 18:00:00,49.77051217218404
2023-11-24 19:00:00,53.78134136272992
2023-11-24 20:00:00,5.736051307054374
2023-11-24 21:00:00,5.776437805451778
2023-11-24 22:00:00,6.081145861451263
2023-11-24 23:00:00,5.628688762817372
2023-11-25 00:00:00,5.186158920583523
2023-11-25 01:00:00,5.136824105226582
2023-11-25 02:00:00,5.219658739128411
2023-11-25 03:00:00,5.372387936049866
2023-11-25 04:00:00,5.349736288584283
2023-11-25 05:00:00,5.493883924565626
2023-11-25 06:00:00,5.263792528280441
2023-11-25 07:00:00,5.709104660827352
2023-11-25 08:00:00,5.716608670361876
2023-11-25 09:00:00,6.033614624998613
2023-11-25 10:00:00,6.200994493676571
2023-11-25 11:00:00,6.701717926665058
2023-11-25 12:00:00,6.470589089741967
2023-11-25 13:00:00,5.932021506635274
2023-11-25 14:00:00,5.676191589219859
2023-11-25 15:00:00,5.782262047193385
2023-11-25 16:00:00,5.333180360884989
2023-11-25 17:00:00,5.321089030740092
2023-11-25 18:00:00,5.493912163968106
2023-11-25 19:00:00,5.4608373487999815
2023-11-25 20:00:00,5.430035298151429
2023-11-25 21:00:00,5.028347444730035
2023-11-25 22:00:00,5.546398056769886
2023-11-25 23:00:00,4.970543264818079
2023-11-26 00:00:00,4.799014610551813
2023-11-26 01:00:00,4.9881195927920885
2023-11-26 02:00:00,5.069714210545223
2023-11-26 03:00:00,5.83149804151491
2023-11-26 04:00:00,5.528092191473174
2023-11-26 05:00:00,5.6313167710351015
2023-11-26 06:00:00,5.920365330627021
2023-11-26 07:00:00,6.281898439170225
2023-11-26 08:00:00,6.006041962898854
2023-11-26 09:00:00,6.282157108756955
2023-11-26 10:00:00,6.382438830997477
2023-11-26 11:00:00,6.170968140350146
2023-11-26 12:00:00,5.769408810676389
2023-11-26 13:00:00,5.414280954207645
2023-11-26 14:00:00,5.435463976311419
2023-11-26 15:00:00,5.547545312595298
2023-11-26 16:00:00,5.493000007921496
2023-11-26 17:00:00,4.680097978485137
2023-11-26 18:00:00,4.860733488917111
2023-11-26 19:00:00,4.680681830837088
2023-11-26 20:00:00,4.631145876198394
2023-11-26 21:00:00,4.712623743814488
2023-11-26 22:00:00,5.135360470710087
2023-11-26 23:00:00,5.483420390756871
2023-11-27 00:00:00,5.9372035542181
2023-11-27 01:00:00,6.216969549247407
2023-11-27 02:00:00,6.039376106623359
2023-11-27 03:00:00,5.580779355627182
2023-11-27 04:00:00,5.5568783717304795
2023-11-27 05:00:00,5.339342317463865
2023-11-27 06:00:00,5.043621321606222
2023-11-27 07:00:00,5.701571424581449
2023-11-27 08:00:00,72.01787518533159
2023-11-27 09:00:00,70.65535961928981
2023-11-27 10:00:00,68.09357643327024
2023-11-27 11:00:00,65.71748743478732
2023-11-27 12:00:00,63.15964579258054
2023-11-27 13:00:00,59.93569416765401
2023-11-27 14:00:00,55.901015309394744
2023-11-27 15:00:00,53.6937849695387
2023-11-27 16:00:00,52.30849614963154
2023-11-27 17:00:00,52.387397614244236
2023-11-27 18:00:00,56.48277796402155
2023-11-27 19:00:00,59.04770508877913
2023-11-27 20:00:00,6.188913384844316
2023-11-27 21:00:00,6.466639620487085
2023-11-27 22:00:00,6.322230993490054
2023-11-27 23:00:00,6.505527226999993
2023-11-28 00:00:00,6.060125986874746
2023-11-28 01:00:00,5.754150502144018
2023-11-28 02:00:00,5.915040290311643
2023-11-28 03:00:00,6.057405727114345
2023-11-28 04:00:00,5.977936076716137
2023-11-28 05:00:00,6.427113718503769
2023-11-28 06:00:00,6.064526574231028
2023-11-28 07:00:00,6.648730470155991
2023-11-28 08:00:00,67.61374734069457
2023-11-28 09:00:00,67.78261922819881
2023-11-28 10:00:00,64.70852600349686
2023-11-28 11:00:00,61.00389805552482
2023-11-28 12:00:00,59.01769687034694
2023-11-28 13:00:00,57.34653727850852
2023-11-28 14:00:00,56.30355819771286
2023-11-28 15:00:00,56.258700854483195
2023-11-28 16:00:00,55.01783946393972
2023-11-28 17:00:00,54.6968152123266
2023-11-28 18:00:00,56.00794873818245
2023-11-28 19:00:00,57.3371481280521
2023-11-28 20:00:00,6.062894774985957
2023-11-28 21:00:00,6.162930305603357
2023-11-28 22:00:00,5.900972767254118
2023-11-28 23:00:00,5.806146735847008
2023-11-29 00:00:00,5.7330104568736795
2023-11-29 01:00:00,6.260430976512548
2023-11-29 02:00:00,6.233460173811382
2023-11-29 03:00:00,6.065783781578233
2023-11-29 04:00:00,5.68878217776145
2023-11-29 05:00:00,6.4358866175055525
2023-11-29 06:00:00,6.695147015707873
2023-11-29 07:00:00,6.92235973788551
2023-11-29 08:00:00,58.96439667514385
2023-11-29 09:00:00,57.176939006227165
2023-11-29 10:00:00,55.47214515817467
2023-11-29 11:00:00,54.433565148440415
2023-11-29 12:00:00,52.08393659393475
2023-11-29 13:00:00,49.81885770178555
2023-11-29 14:00:00,48.6725431997624
2023-11-29 15:00:00,48.07773645072523
2023-11-29 16:00:00,47.64218153844661
2023-11-29 17:00:00,49.7143508842564
2023-11-29 18:00:00,51.272536179156646
2023-11-29 19:00:00,53.50861553532834
2023-11-29 20:00:00,6.459299504112751
2023-11-29 21:00:00,6.476792498919002
2023-11-29 22:00:00,5.900372600518099
2023-11-29 23:00:00,5.955017615130976
2023-11-30 00:00:00,6.612514701475045
2023-11-30 01:00:00,6.24700554631172
2023-11-30 02:00:00,6.162205787604964
2023-11-30 03:00:00,5.7243345825989085
2023-11-30 04:00:00,6.5500521366285644
2023-11-30 05:00:00,6.3288440343503956
2023-11-30 06:00:00,6.6832853422062195
2023-11-30 07:00:00,6.58282384011003
2023-11-30 08:00:00,52.382307671537745
2023-11-30 09:00:00,51.61023083662814
2023-11-30 10:00:00,51.526331416520456
2023-11-30 11:00:00,49.45101773290731
2023-11-30 12:00:00,47.67171164220825
2023-11-30 13:00:00,45.95099487891546
2023-11-30 14:00:00,45.744174364820076
2023-11-30 15:00:00,45.299040503810566
2023-11-30 16:00:00,44.401148732360255
2023-11-30 17:00:00,42.395612767872194
2023-11-30 18:00:00,43.053851688178646
2023-11-30 19:00:00,43.6143614753372
2023-11-30 20:00:00,5.925336063682937
2023-11-30 21:00:00,5.411140603992435
2023-11-30 22:00:00,5.093122875221564
2023-11-30 23:00:00,5.620735947308836
2023-12-01 00:00:00,5.673144176256665
2023-12-01 01:00:00,6.109546095230978
2023-12-01 02:00:00,6.309462681157525
2023-12-01 03:00:00,6.108895102894469
2023-12-01 04:00:00,6.452543464811072
2023-12-01 05:00:00,6.1877930169888105
2023-12-01 06:00:00,6.669289307848134
2023-12-01 07:00:00,6.290860336091613
2023-12-01 08:00:00,63.228623498787634
2023-12-01 09:00:00,65.85948565042882
2023-12-01 10:00:00,65.26468716783296
2023-12-01 11:00:00,65.5356949641885
2023-12-01 12:00:00,63.619269221812964
2023-12-01 13:00:00,61.31278195003228
2023-12-01 14:00:00,57.825777645014455
2023-12-01 15:00:00,57.070203768273835
2023-12-01 16:00:00,57.56282435065176
2023-12-01 17:00:00,58.78813544546442
2023-12-01 18:00:00,61.528294143818144
2023-12-01 19:00:00,63.57892081432885
2023-12-01 20:00:00,6.720664140337835
2023-12-01 21:00:00,6.213461246255447
2023-12-01 22:00:00,6.006091543800999
2023-12-01 23:00:00,6.492573978370607
2023-12-02 00:00:00,5.887527739103549
2023-12-02 01:00:00,5.550324866485045
2023-12-02 02:00:00,5.889930531988515
2023-12-02 03:00:00,5.540056587672204
2023-12-02 04:00:00,5.074755088702074
2023-12-02 05:00:00,5.622779712159961
2023-12-02 06:00:00,5.067693569313477
2023-12-02 07:00:00,4.731273336233222
2023-12-02 08:00:00,5.195081805237758
2023-12-02 09:00:00,5.821120794287804
2023-12-02 10:00:00,5.862026112642572
2023-12-02 11:00:00,5.86137421936345
2023-12-02 12:00:00,6.31371749170949
2023-12-02 13:00:00,6.569693520064626
2023-12-02 14:00:00,6.52358548571505
2023-12-02 15:00:00,6.2845447434432735
2023-12-02 16:00:00,6.16508930586532
2023-12-02 17:00:00,6.608484019188234
2023-12-02 18:00:00,6.7225847545452435
2023-12-02 19:00:00,6.687621212102659
2023-12-02 20:00:00,6.8056823748638005
2023-12-02 21:00:00,6.173945224839803
2023-12-02 22:00:00,6.551556778378406
2023-12-02 23:00:00,6.162902149414331
2023-12-03 00:00:00,6.297144941370811
2023-12-03 01:00:00,6.117214855320325
2023-12-03 02:00:00,6.067756527989975
2023-12-03 03:00:00,5.58760465571435
2023-12-03 04:00:00,5.58036825639977
2023-12-03 05:00:00,6.5366877543985025
2023-12-03 06:00:00,6.766903743965043
2023-12-03 07:00:00,7.075351765716976
2023-12-03 08:00:00,6.68726828075417
2023-12-03 09:00:00,6.725558298960542
2023-12-03 10:00:00,7.155973124043805
2023-12-03 11:00:00,7.0329112082941965
2023-12-03 12:00:00,7.1454384215181665
2023-12-03 13:00:00,7.267936003950839
2023-12-03 14:00:00,7.6117412679530085
2023-12-03 15:00:00,7.605333628830692
2023-12-03 16:00:00,7.211645447173845
2023-12-03 17:00:00,7.169259467831816
2023-12-03 18:00:00,7.037604844342021
2023-12-03 19:00:00,6.965433155375578
2023-12-03 20:00:00,6.641273707823786
2023-12-03 21:00:00,6.504801723682763
2023-12-03 22:00:00,6.5148370683182275
2023-12-03 23:00:00,6.246441196218134
2023-12-04 00:00:00,6.609724134029129
2023-12-04 01:00:00,6.861848132394175
2023-12-04 02:00:00,6.640347610146981
2023-12-04 03:00:00,8.036573090269227
2023-12-04 04:00:00,7.933542088114511
2023-12-04 05:00:00,7.73219647337357
2023-12-04 06:00:00,7.40567078543134
2023-12-04 07:00:00,7.2323229294500075
2023-12-04 08:00:00,72.20089943771295
2023-12-04 09:00:00,70.87138598934598
2023-12-04 10:00:00,69.48897279559962
2023-12-04 11:00:00,67.24751744065355
2023-12-04 12:00:00,64.22709284529614
2023-12-04 13:00:00,61.57863443644631
2023-12-04 14:00:00,59.313927760411275
2023-12-04 15:00:00,58.7282712843174
2023-12-04 16:00:00,59.09170588869205
2023-12-04 17:00:00,59.538069951558995
2023-12-04 18:00:00,63.13350015876581
2023-12-04 19:00:00,64.27501587240242
2023-12-04 20:00:00,6.250048835945013
2023-12-04 21:00:00,6.173530691188959
2023-12-04 22:00:00,5.768851160320785
2023-12-04 23:00:00,6.189697458000019
2023-12-05 00:00:00,5.575246313248344
2023-12-05 01:00:00,5.685557427152076
2023-12-05 02:00:00,5.854533787444316
2023-12-05 03:00:00,5.678756185737031
2023-12-05 04:00:00,6.019020024461021
2023-12-05 05:00:00,5.743630664588865
2023-12-05 06:00:00,5.69468909610852
2023-12-05 07:00:00,5.9721485964835255
2023-12-05 08:00:00,78.74036884828642
2023-12-05 09:00:00,79.34116420180463
2023-12-05 10:00:00,76.90611497724402
2023-12-05 11:00:00,74.08465071090569
2023-12-05 12:00:00,71.78583113911174
2023-12-05 13:00:00,69.48562189277204
2023-12-05 14:00:00,69.49074781327684
2023-12-05 15:00:00,70.15261227435255
2023-12-05 16:00:00,68.25044693257895
2023-12-05 17:00:00,69.25690994584609
2023-12-05 18:00:00,69.12889739065233
2023-12-05 19:00:00,70.65425742148177
2023-12-05 20:00:00,5.911458607022533
2023-12-05 21:00:00,6.004047763567814
2023-12-05 22:00:00,5.980409533459894
2023-12-05 23:00:00,6.13424859850069
2023-12-06 00:00:00,5.742844817115972
2023-12-06 01:00:00,5.827660029998119
2023-12-06 02:00:00,5.916837907135885
2023-12-06 03:00:00,6.470868418457042
2023-12-06 04:00:00,6.672086804327601
2023-12-06 05:00:00,6.775332187325167
2023-12-06 06:00:00,7.2317130432274705
2023-12-06 07:00:00,7.160605329096782
2023-12-06 08:00:00,84.5303760173007
2023-12-06 09:00:00,81.3542586500947
2023-12-06 10:00:00,77.23822992342696
2023-12-06 11:00:00,73.54115892128651
2023-12-06 12:00:00,68.28170416886208
2023-12-06 13:00:00,64.51136515240137
2023-12-06 14:00:00,64.04989756624865
2023-12-06 15:00:00,64.57419330219813
2023-12-06 16:00:00,63.00386531586328
2023-12-06 17:00:00,65.04145055444368
2023-12-06 18:00:00,68.05485643289816
2023-12-06 19:00:00,69.7025961497599
2023-12-06 20:00:00,6.292128539451054
2023-12-06 21:00:00,6.015510071683212
2023-12-06 22:00:00,5.8880521158298995
2023-12-06 23:00:00,5.928595208084464
2023-12-07 00:00:00,5.631605948564078
2023-12-07 01:00:00,6.034102741003748
2023-12-07 02:00:00,5.688224390877307
2023-12-07 03:00:00,6.154614668826144
2023-12-07 04:00:00,6.539424646328011
2023-12-07 05:00:00,7.118848477771042
2023-12-07 06:00:00,6.868571524372965
2023-12-07 07:00:00,6.58118021413871
2023-12-07 08:00:00,79.06559957807622
2023-12-07 09:00:00,77.01012477671703
2023-12-07 10:00:00,75.30933970509214
2023-12-07 11:00:00,68.97865510036702
2023-12-07 12:00:00,67.21634532671548
2023-12-07 13:00:00,65.0387101994923
2023-12-07 14:00:00,63.81445855694175
2023-12-07 15:00:00,61.99264248721943
2023-12-07 16:00:00,62.18481687462001
2023-12-07 17:00:00,62.738960630076
2023-12-07 18:00:00,62.797883891783165
2023-12-07 19:00:00,63.81752561924169
2023-12-07 20:00:00,6.346042441049674
2023-12-07 21:00:00,5.981620179625725
2023-12-07 22:00:00,5.7828176825591004
2023-12-07 23:00:00,6.1862441639418435
2023-12-08 00:00:00,5.789736880216659
2023-12-08 01:00:00,5.636272872597432
2023-12-08 02:00:00,5.998684943971427
2023-12-08 03:00:00,5.848473982442033
2023-12-08 04:00:00,5.9739022836106
2023-12-08 05:00:00,6.008760678292771
2023-12-08 06:00:00,6.318455986157789
2023-12-08 07:00:00,7.097699228286783
2023-12-08 08:00:00,64.8194107234862
2023-12-08 09:00:00,64.94371190686648
2023-12-08 10:00:00,62.37686927927488
2023-12-08 11:00:00,59.67266985792968
2023-12-08 12:00:00,57.13704599760092
2023-12-08 13:00:00,55.15111013572727
2023-12-08 14:00:00,53.16660875624807
2023-12-08 15:00:00,54.30338358766488
2023-12-08 16:00:00,54.26803214775909
2023-12-08 17:00:00,55.88526699676117
2023-12-08 18:00:00,57.87285030747381
2023-12-08 19:00:00,59.1930209500718
2023-12-08 20:00:00,6.18378344754705
2023-12-08 21:00:00,6.0714849800988695
2023-12-08 22:00:00,5.804086044045982
2023-12-08 23:00:00,5.524375465726456
2023-12-09 00:00:00,5.064152044210986
2023-12-09 01:00:00,5.104674659967208
2023-12-09 02:00:00,5.5162048773246175
2023-12-09 03:00:00,5.392760266032719
2023-12-09 04:00:00,5.810370089140663
2023-12-09 05:00:00,5.439066334667389
2023-12-09 06:00:00,5.081429853245275
2023-12-09 07:00:00,5.263188235358833
2023-12-09 08:00:00,5.28878166302372
2023-12-09 09:00:00,5.141640695212799
2023-12-09 10:00:00,5.715495461935937
2023-12-09 11:00:00,5.668633063551288
2023-12-09 12:00:00,5.8986629321466015
2023-12-09 13:00:00,5.737008584544853
2023-12-09 14:00:00,5.3770181079696275
2023-12-09 15:00:00,6.196915276928795
2023-12-09 16:00:00,6.032228184738608
2023-12-09 17:00:00,6.021428483195667
2023-12-09 18:00:00,5.8795505866108115
2023-12-09 19:00:00,5.915385579915148
2023-12-09 20:00:00,5.156115756326514
2023-12-09 21:00:00,5.159523344464935
2023-12-09 22:00:00,5.3390562164780375
2023-12-09 23:00:00,5.5519779216319405
2023-12-10 00:00:00,5.5216448236912345
2023-12-10 01:00:00,5.39386680577088
2023-12-10 02:00:00,5.487681169016443
2023-12-10 03:00:00,5.273639226337191
2023-12-10 04:00:00,5.309977391210519
2023-12-10 05:00:00,5.646621488281631
2023-12-10 06:00:00,5.569245826786281
2023-12-10 07:00:00,5.6467210726631665
2023-12-10 08:00:00,5.6445906200867215
2023-12-10 09:00:00,5.57146817802285
2023-12-10 10:00:00,5.727497084531105
2023-12-10 11:00:00,6.351105166261626
2023-12-10 12:00:00,6.27030488752643
2023-12-10 13:00:00,6.251260365636814
2023-12-10 14:00:00,6.363453666560533
2023-12-10 15:00:00,6.051809821351279
2023-12-10 16:00:00,6.56573849665825
2023-12-10 17:00:00,6.354528517777709
2023-12-10 18:00:00,5.991677507481896
2023-12-10 19:00:00,5.984562551689531
2023-12-10 20:00:00,5.831222478606999
2023-12-10 21:00:00,6.0424305597008505
2023-12-10 22:00:00,5.874101688675318
2023-12-10 23:00:00,5.490943700227958
2023-12-11 00:00:00,5.911789100929712
2023-12-11 01:00:00,6.2285962388089136
2023-12-11 02:00:00,6.135565183143012
2023-12-11 03:00:00,6.141764858931517
2023-12-11 04:00:00,5.887451709143584
2023-12-11 05:00:00,6.226171324910974
2023-12-11 06:00:00,6.238514950973312
2023-12-11 07:00:00,6.317133789395
2023-12-11 08:00:00,58.305935037726414
2023-12-11 09:00:00,57.037759212698774
2023-12-11 10:00:00,56.35932874021889
2023-12-11 11:00:00,54.379346985832704
2023-12-11 12:00:00,53.73915262136577
2023-12-11 13:00:00,51.67648612955774
2023-12-11 14:00:00,51.327569154016565
2023-12-11 15:00:00,51.238247459475645
2023-12-11 16:00:00,50.06317162360405
2023-12-11 17:00:00,51.653251840540584
2023-12-11 18:00:00,54.83396429262198
2023-12-11 19:00:00,56.32887568696199
2023-12-11 20:00:00,7.3070209572368885
2023-12-11 21:00:00,6.601802354427783
2023-12-11 22:00:00,6.7990491861882365
2023-12-11 23:00:00,6.494177949167502
2023-12-12 00:00:00,6.79959399162173
2023-12-12 01:00:00,6.5910548478682385
2023-12-12 02:00:00,6.373035253613517
2023-12-12 03:00:00,6.212646294500049
2023-12-12 04:00:00,6.540118679793836
2023-12-12 05:00:00,6.683213620438372
2023-12-12 06:00:00,6.510862323950806
2023-12-12 07:00:00,7.07892577872478
2023-12-12 08:00:00,66.89278259178576
2023-12-12 09:00:00,66.43894298834238
2023-12-12 10:00:00,65.92521766986683
2023-12-12 11:00:00,63.665610471743946
2023-12-12 12:00:00,61.61528868424114
2023-12-12 13:00:00,57.33983185243411
2023-12-12 14:00:00,57.46374665991093
2023-12-12 15:00:00,54.21623135283974
2023-12-12 16:00:00,53.70676637509568
2023-12-12 17:00:00,52.42947420032802
2023-12-12 18:00:00,55.04236622389009
2023-12-12 19:00:00,55.17634438533587
2023-12-12 20:00:00,6.681753233136244
2023-12-12 21:00:00,6.566173548461703
2023-12-12 22:00:00,6.310649918138329
2023-12-12 23:00:00,5.988808800509981
2023-12-13 00:00:00,5.740697019716352
2023-12-13 01:00:00,6.071047921822154
2023-12-13 02:00:00,5.680341861064084
2023-12-13 03:00:00,5.849318860770183
2023-12-13 04:00:00,5.7007820605333555
2023-12-13 05:00:00,6.014263070381301
2023-12-13 06:00:00,5.581761598345162
2023-12-13 07:00:00,5.8845077328853765
2023-12-13 08:00:00,60.85964832679073
2023-12-13 09:00:00,61.674350225513116
2023-12-13 10:00:00,59.75527413095422
2023-12-13 11:00:00,57.77831929356459
2023-12-13 12:00:00,56.57475963681486
2023-12-13 13:00:00,55.094973600730135
2023-12-13 14:00:00,56.299288601045504
2023-12-13 15:00:00,55.625555173969076
2023-12-13 16:00:00,55.69350872034857
2023-12-13 17:00:00,58.77609343785939
2023-12-13 18:00:00,61.5688005231538
2023-12-13 19:00:00,62.92268646246507
2023-12-13 20:00:00,6.050515393840129
2023-12-13 21:00:00,5.948350346649455
2023-12-13 22:00:00,6.15973249563424
2023-12-13 23:00:00,6.201247585629079
2023-12-14 00:00:00,5.673529906633165
2023-12-14 01:00:00,5.864960504221719
2023-12-14 02:00:00,5.858213226250364
2023-12-14 03:00:00,6.183590900134288
2023-12-14 04:00:00,7.119552838486978
2023-12-14 05:00:00,7.228167992152219
2023-12-14 06:00:00,7.475517111889656
2023-12-14 07:00:00,7.482252723710279
2023-12-14 08:00:00,81.10321891926927
2023-12-14 09:00:00,80.73605518768727
2023-12-14 10:00:00,76.14150482735847
2023-12-14 11:00:00,72.35467296941918
2023-12-14 12:00:00,67.40968276884058
2023-12-14 13:00:00,63.9756098089733
2023-12-14 14:00:00,61.426925371322454
2023-12-14 15:00:00,58.29482339596599
2023-12-14 16:00:00,59.22559526850936
2023-12-14 17:00:00,61.372500938614564
2023-12-14 18:00:00,63.28745671165147
2023-12-14 19:00:00,65.27055938409342
2023-12-14 20:00:00,6.286699835215548
2023-12-14 21:00:00,5.650315634827246
2023-12-14 22:00:00,5.640070223573081
2023-12-14 23:00:00,5.779791157497549
2023-12-15 00:00:00,5.673812158648747
2023-12-15 01:00:00,5.375932495055075
2023-12-15 02:00:00,5.2451851710683
2023-12-15 03:00:00,4.571052853607571
2023-12-15 04:00:00,4.434281176600664
2023-12-15 05:00:00,4.952351608288733
2023-12-15 06:00:00,5.6898827303968575
2023-12-15 07:00:00,5.831930502573903
2023-12-15 08:00:00,75.76938306335163
2023-12-15 09:00:00,75.29241107572714
2023-12-15 10:00:00,70.26952250321263
2023-12-15 11:00:00,64.47233231801013
2023-12-15 12:00:00,58.607717319393686
2023-12-15 13:00:00,54.73356693525253
2023-12-15 14:00:00,50.582487736240516
2023-12-15 15:00:00,50.48710369368776
2023-12-15 16:00:00,49.193583918560805
2023-12-15 17:00:00,50.012897299811286
2023-12-15 18:00:00,53.42505384459839
2023-12-15 19:00:00,56.82974083821811
2023-12-15 20:00:00,6.04199102752896
2023-12-15 21:00:00,6.2049320464539255
2023-12-15 22:00:00,6.080613756863727
2023-12-15 23:00:00,6.30891761853647
2023-12-16 00:00:00,4.980095871654383
2023-12-16 01:00:00,5.37051225631025
2023-12-16 02:00:00,5.500275359493859
2023-12-16 03:00:00,5.728546869389285
2023-12-16 04:00:00,5.333850389083488
2023-12-16 05:00:00,5.467659629168412
2023-12-16 06:00:00,5.5849810738142365
2023-12-16 07:00:00,5.814772353710816
2023-12-16 08:00:00,5.673976780191694
2023-12-16 09:00:00,6.284219473198565
2023-12-16 10:00:00,6.061263101547417
2023-12-16 11:00:00,6.70106449815647
2023-12-16 12:00:00,6.675561681463557
2023-12-16 13:00:00,7.35813958139717
2023-12-16 14:00:00,6.801184181805464
2023-12-16 15:00:00,6.796235338727331
2023-12-16 16:00:00,6.585572566727995
2023-12-16 17:00:00,6.174358083944127
2023-12-16 18:00:00,6.193011023707135
2023-12-16 19:00:00,5.859800134393046
2023-12-16 20:00:00,5.30483628304643
2023-12-16 21:00:00,5.895766057283871
2023-12-16 22:00:00,5.285066562104859
2023-12-16 23:00:00,5.677776048332484
2023-12-17 00:00:00,5.383421021880054
2023-12-17 01:00:00,5.782811164046768
2023-12-17 02:00:00,5.602328163127469
2023-12-17 03:00:00,5.2857426656519175
2023-12-17 04:00:00,5.818350320282133
2023-12-17 05:00:00,5.906854958534668
2023-12-17 06:00:00,6.209362495593447
2023-12-17 07:00:00,5.7704538888966
2023-12-17 08:00:00,6.139414084905753
2023-12-17 09:00:00,6.074842324360115
2023-12-17 10:00:00,6.261424103630343
2023-12-17 11:00:00,6.558954817048115
2023-12-17 12:00:00,6.180042835608466
2023-12-17 13:00:00,6.152374781031705
2023-12-17 14:00:00,6.203315320059604
2023-12-17 15:00:00,6.105542219090793
2023-12-17 16:00:00,6.529339016689286
2023-12-17 17:00:00,6.457311142966878
2023-12-17 18:00:00,6.526008402945788
2023-12-17 19:00:00,6.422234846967387
2023-12-17 20:00:00,6.2740557472671235
2023-12-17 21:00:00,6.119940907861883
2023-12-17 22:00:00,5.968716174613055
2023-12-17 23:00:00,6.258790522662856
2023-12-18 00:00:00,6.397758269518663
2023-12-18 01:00:00,6.766779294566044
2023-12-18 02:00:00,6.509692140266803
2023-12-18 03:00:00,6.636491342933421
2023-12-18 04:00:00,7.127306651631506
2023-12-18 05:00:00,7.313340589995461
2023-12-18 06:00:00,7.372022375401029
2023-12-18 07:00:00,6.9870280357800745
2023-12-18 08:00:00,92.92312205898506
2023-12-18 09:00:00,91.41956322626882
2023-12-18 10:00:00,87.32028100566679
2023-12-18 11:00:00,80.21545812097105
2023-12-18 12:00:00,73.77377010645016
2023-12-18 13:00:00,70.19686552998844
2023-12-18 14:00:00,64.04346444842369
2023-12-18 15:00:00,61.67807382060671
2023-12-18 16:00:00,59.795103621222715
2023-12-18 17:00:00,60.189038655192576
2023-12-18 18:00:00,64.35686349737233
2023-12-18 19:00:00,67.24014887910599
2023-12-18 20:00:00,7.4399997896283505
2023-12-18 21:00:00,7.624617607216474
2023-12-18 22:00:00,7.655215899620135
2023-12-18 23:00:00,7.434516056089799
2023-12-19 00:00:00,7.102921695841159
2023-12-19 01:00:00,7.375584013946332
2023-12-19 02:00:00,7.439269612721999
2023-12-19 03:00:00,7.171617948145344
2023-12-19 04:00:00,6.822303568455907
2023-12-19 05:00:00,7.059854839138121
2023-12-19 06:00:00,6.911919372631504
2023-12-19 07:00:00,6.89157977508322
2023-12-19 08:00:00,94.5448391666937
2023-12-19 09:00:00,93.6431662182721
2023-12-19 10:00:00,90.73208660750109
2023-12-19 11:00:00,85.74079497665498
2023-12-19 12:00:00,77.74246982999861
2023-12-19 13:00:00,71.50344425015031
2023-12-19 14:00:00,67.46225167923285
2023-12-19 15:00:00,64.15826679113144
2023-12-19 16:00:00,60.264935472010166
2023-12-19 17:00:00,62.50326840943172
2023-12-19 18:00:00,65.30877646512178
2023-12-19 19:00:00,68.23692282588624
2023-12-19 20:00:00,6.32855676818364
2023-12-19 21:00:00,6.299768729141028
2023-12-19 22:00:00,6.205028258873408
2023-12-19 23:00:00,5.754757539117345
2023-12-20 00:00:00,5.6836628945938354
2023-12-20 01:00:00,6.461549424891838
2023-12-20 02:00:00,6.537167046787339
2023-12-20 03:00:00,5.785422201837111
2023-12-20 04:00:00,5.968513263631177
2023-12-20 05:00:00,6.504408024940901
2023-12-20 06:00:00,6.214323844303754
2023-12-20 07:00:00,6.556865694794436
2023-12-20 08:00:00,85.65233154003742
2023-12-20 09:00:00,82.20979927156795
2023-12-20 10:00:00,77.64834202736586
2023-12-20 11:00:00,68.04847001741379
2023-12-20 12:00:00,61.21834777261166
2023-12-20 13:00:00,59.09529055440394
2023-12-20 14:00:00,58.953257820061864
2023-12-20 15:00:00,57.22516548274902
2023-12-20 16:00:00,59.74097161193447
2023-12-20 17:00:00,62.39176230374112
2023-12-20 18:00:00,64.41732871686078
2023-12-20 19:00:00,66.31958961645839
2023-12-20 20:00:00,6.668255228736602
2023-12-20 21:00:00,6.950229009326765
2023-12-20 22:00:00,6.641961465712291
2023-12-20 23:00:00,6.481134419489724
2023-12-21 00:00:00,6.558150408329955
2023-12-21 01:00:00,6.950364203774638
2023-12-21 02:00:00,7.417426640130234
2023-12-21 03:00:00,7.485186727895976
2023-12-21 04:00:00,7.461057750360756
2023-12-21 05:00:00,7.301199210368778
2023-12-21 06:00:00,7.229860277448364
2023-12-21 07:00:00,6.616282702600312
2023-12-21 08:00:00,83.17538194991421
2023-12-21 09:00:00,81.74550895496355
2023-12-21 10:00:00,77.86969734023666
2023-12-21 11:00:00,73.85447035299306
2023-12-21 12:00:00,69.04323027531059
2023-12-21 13:00:00,62.91053106718836
2023-12-21 14:00:00,59.909372934195794
2023-12-21 15:00:00,57.094431610216326
2023-12-21 16:00:00,55.38898062183486
2023-12-21 17:00:00,55.38726737450307
2023-12-21 18:00:00,59.73753560973078
2023-12-21 19:00:00,62.86263347564943
2023-12-21 20:00:00,5.015360202519832
2023-12-21 21:00:00,5.10155435846249
2023-12-21 22:00:00,5.338292102995979
2023-12-21 23:00:00,5.147232654254635
2023-12-22 00:00:00,5.519824658532417
2023-12-22 01:00:00,4.853177492674281
2023-12-22 02:00:00,4.869752380004859
2023-12-22 03:00:00,5.329479445148038
2023-12-22 04:00:00,5.795889676304323
2023-12-22 05:00:00,5.598448503438939
2023-12-22 06:00:00,5.80168274135871
2023-12-22 07:00:00,6.566346889404808
2023-12-22 08:00:00,86.11164170668985
2023-12-22 09:00:00,82.13655110396047
2023-12-22 10:00:00,76.6606703815428
2023-12-22 11:00:00,71.20940792909543
2023-12-22 12:00:00,66.63668666510412
2023-12-22 13:00:00,60.69515075706234
2023-12-22 14:00:00,57.55707379081326
2023-12-22 15:00:00,53.6961867401154
2023-12-22 16:00:00,53.59723405450468
2023-12-22 17:00:00,55.12958103692112
2023-12-22 18:00:00,60.1132198459454
2023-12-22 19:00:00,61.64363331366512
2023-12-22 20:00:00,8.017068102471773
2023-12-22 21:00:00,7.278113812391073
2023-12-22 22:00:00,6.835785613092103
2023-12-22 23:00:00,6.845266755835014
2023-12-23 00:00:00,6.825770492513097
2023-12-23 01:00:00,6.406898638639149
2023-12-23 02:00:00,6.129988845059023
2023-12-23 03:00:00,6.68227386266859
2023-12-23 04:00:00,6.550651808619062
2023-12-23 05:00:00,7.045850040247947
2023-12-23 06:00:00,7.092240828540448
2023-12-23 07:00:00,7.064472744460335
2023-12-23 08:00:00,6.9621181110834485
2023-12-23 09:00:00,7.3647272671018875
2023-12-23 10:00:00,7.236921885834512
2023-12-23 11:00:00,7.0432489715281905
2023-12-23 12:00:00,7.044361367109422
2023-12-23 13:00:00,7.12023021659844
2023-12-23 14:00:00,7.0572139809873065
2023-12-23 15:00:00,7.091142206367339
2023-12-23 16:00:00,7.026899601463851
2023-12-23 17:00:00,6.906875936935012
2023-12-23 18:00:00,6.8226616086875636
2023-12-23 19:00:00,6.772882807437011
2023-12-23 20:00:00,6.28840912284072
2023-12-23 21:00:00,6.000217894216323
2023-12-23 22:00:00,5.910505500696499
2023-12-23 23:00:00,5.729597562676304
2023-12-24 00:00:00,5.252852622753589
2023-12-24 01:00:00,5.158862173761107
2023-12-24 02:00:00,4.880585476837972
2023-12-24 03:00:00,5.111230827607854
2023-12-24 04:00:00,4.841685375275711
2023-12-24 05:00:00,4.6908566234206175
2023-12-24 06:00:00,4.469641001217779
2023-12-24 07:00:00,4.625051182123942
2023-12-24 08:00:00,4.6731428803638675
2023-12-24 09:00:00,4.804585583173442
2023-12-24 10:00:00,5.356835175631782
2023-12-24 11:00:00,6.00770317146898
2023-12-24 12:00:00,5.454491831228315
2023-12-24 13:00:00,5.423160757247578
2023-12-24 14:00:00,5.469545923757831
2023-12-24 15:00:00,5.434700206380856
2023-12-24 16:00:00,5.362665277920615
2023-12-24 17:00:00,5.6631907702143645
2023-12-24 18:00:00,5.673524613715714
2023-12-24 19:00:00,5.261999073931944
2023-12-24 20:00:00,5.886646139275294
2023-12-24 21:00:00,4.9999884542545985
2023-12-24 22:00:00,4.758563108317725
2023-12-24 23:00:00,4.5211318863283605
2023-12-25 00:00:00,5.365597768045035
2023-12-25 01:00:00,5.306571902549615
2023-12-25 02:00:00,5.064211957050888
2023-12-25 03:00:00,5.432999320728645
2023-12-25 04:00:00,5.357650471734275
2023-12-25 05:00:00,5.553847777544469
2023-12-25 06:00:00,5.768735534901419
2023-12-25 07:00:00,5.759389493859564
2023-12-25 08:00:00,91.01394350827064
2023-12-25 09:00:00,91.83313706683904
2023-12-25 10:00:00,91.1256538895075
2023-12-25 11:00:00,85.63552950863027
2023-12-25 12:00:00,78.49727398505253
2023-12-25 13:00:00,69.777312183057
2023-12-25 14:00:00,65.23402997374384
2023-12-25 15:00:00,61.21889886047325
2023-12-25 16:00:00,61.386026145515594
2023-12-25 17:00:00,60.33778620007924
2023-12-25 18:00:00,65.08145353515091
2023-12-25 19:00:00,67.86164195970731
2023-12-25 20:00:00,6.3448021473952
2023-12-25 21:00:00,6.393385750948316
2023-12-25 22:00:00,6.209964048182256
2023-12-25 23:00:00,5.661832328477404
2023-12-26 00:00:00,5.987681412739372
2023-12-26 01:00:00,5.230815192483023
2023-12-26 02:00:00,5.48330717061501
2023-12-26 03:00:00,5.2467219776580105
2023-12-26 04:00:00,5.354216902054522
2023-12-26 05:00:00,6.0643852682348856
2023-12-26 06:00:00,6.286301680008527
2023-12-26 07:00:00,6.334673401646512
2023-12-26 08:00:00,96.47819874618541
2023-12-26 09:00:00,95.30361297865089
2023-12-26 10:00:00,92.89916910809032
2023-12-26 11:00:00,88.91588779364281
2023-12-26 12:00:00,83.65157249531332
2023-12-26 13:00:00,79.10578896108542
2023-12-26 14:00:00,74.59888924118285
2023-12-26 15:00:00,71.53977316658133
2023-12-26 16:00:00,70.72274294402324
2023-12-26 17:00:00,71.5971618410037
2023-12-26 18:00:00,75.29368221386788
2023-12-26 19:00:00,78.2514405093448
2023-12-26 20:00:00,6.777832383045203
2023-12-26 21:00:00,6.6516042666541555
2023-12-26 22:00:00,6.832507498260255
2023-12-26 23:00:00,6.169738227376935
2023-12-27 00:00:00,6.743741399258383
2023-12-27 01:00:00,6.974355672671768
2023-12-27 02:00:00,6.515042665111068
2023-12-27 03:00:00,6.023021943707564
2023-12-27 04:00:00,6.256941141188499
2023-12-27 05:00:00,6.279269696057604
2023-12-27 06:00:00,6.396487119442479
2023-12-27 07:00:00,6.263502524031196
2023-12-27 08:00:00,92.97366146996013
2023-12-27 09:00:00,91.573456037627
2023-12-27 10:00:00,91.91205591635557
2023-12-27 11:00:00,86.87954395399896
2023-12-27 12:00:00,80.58697981577616
2023-12-27 13:00:00,74.95014008252927
2023-12-27 14:00:00,71.6873137450665
2023-12-27 15:00:00,69.74467625347522
2023-12-27 16:00:00,66.89543055456936
2023-12-27 17:00:00,67.04887671143665
2023-12-27 18:00:00,70.99070102563266
2023-12-27 19:00:00,74.83695880836808
2023-12-27 20:00:00,5.78399602700862
2023-12-27 21:00:00,5.995184299745453
2023-12-27 22:00:00,5.986817754369468
2023-12-27 23:00:00,5.97597514606048
2023-12-28 00:00:00,6.416043795183876
2023-12-28 01:00:00,5.531969334687507
2023-12-28 02:00:00,5.608406518215219
2023-12-28 03:00:00,5.765194078026133
2023-12-28 04:00:00,5.580594086754906
2023-12-28 05:00:00,5.691604613944481
2023-12-28 06:00:00,5.9862849626032055
2023-12-28 07:00:00,6.266704199461839
2023-12-28 08:00:00,90.06846001644541
2023-12-28 09:00:00,90.28489646968626
2023-12-28 10:00:00,88.82266102674446
2023-12-28 11:00:00,84.9879565597771
2023-12-28 12:00:00,80.54292468524771
2023-12-28 13:00:00,75.46276650514874
2023-12-28 14:00:00,71.27415363927551
2023-12-28 15:00:00,68.51439387306212
2023-12-28 16:00:00,69.71597460055574
2023-12-28 17:00:00,70.26965194409927
2023-12-28 18:00:00,72.91990369712661
2023-12-28 19:00:00,74.38654148898513
2023-12-28 20:00:00,6.869936983072424
2023-12-28 21:00:00,6.864972221022083
2023-12-28 22:00:00,6.5328386698321514
2023-12-28 23:00:00,6.347934465734245
2023-12-29 00:00:00,6.033059491070105
2023-12-29 01:00:00,6.148793280445852
2023-12-29 02:00:00,5.8227212173050305
2023-12-29 03:00:00,5.752952873751182
2023-12-29 04:00:00,5.7086143274093
2023-12-29 05:00:00,5.585294066540531
2023-12-29 06:00:00,6.028957621739843
2023-12-29 07:00:00,6.533302819746649
2023-12-29 08:00:00,82.61241786925468
2023-12-29 09:00:00,80.63864054996428
2023-12-29 10:00:00,79.06746472723175
2023-12-29 11:00:00,75.45832299040985
2023-12-29 12:00:00,72.60600258016883
2023-12-29 13:00:00,69.99499025690893
2023-12-29 14:00:00,67.71375100522681
2023-12-29 15:00:00,66.59262766264426
2023-12-29 16:00:00,64.77128754105196
2023-12-29 17:00:00,64.89022305228745
2023-12-29 18:00:00,66.76023100606426
2023-12-29 19:00:00,67.0988846314763
2023-12-29 20:00:00,6.3807597628232315
2023-12-29 21:00:00,5.9169831067533325
2023-12-29 22:00:00,5.260586012324919
2023-12-29 23:00:00,5.454469003696124
2023-12-30 00:00:00,5.224178443713289
2023-12-30 01:00:00,5.191839602362569
2023-12-30 02:00:00,4.982096035397365
2023-12-30 03:00:00,5.074401362164123
2023-12-30 04:00:00,5.0054279510151725
2023-12-30 05:00:00,5.988752315152539
2023-12-30 06:00:00,6.075096784107399
2023-12-30 07:00:00,6.371948309800567
2023-12-30 08:00:00,5.672477204508879
2023-12-30 09:00:00,6.43051300351766
2023-12-30 10:00:00,6.824227872902096
2023-12-30 11:00:00,6.64668435872253
2023-12-30 12:00:00,6.997387337448384
2023-12-30 13:00:00,7.063195532504074
2023-12-30 14:00:00,7.297566871060744
2023-12-30 15:00:00,6.944622708214982
2023-12-30 16:00:00,6.831161173050903
2023-12-30 17:00:00,6.7842466173072244
2023-12-30 18:00:00,6.8535788050902475
2023-12-30 19:00:00,6.308620027676274
2023-12-30 20:00:00,6.219448516132864
2023-12-30 21:00:00,6.144273322926076
2023-12-30 22:00:00,6.048288268179742
2023-12-30 23:00:00,5.640327477183443
2023-12-31 00:00:00,5.871524030710847
2023-12-31 01:00:00,6.097373900721745
2023-12-31 02:00:00,5.875656655096264
2023-12-31 03:00:00,6.367542799924911
2023-12-31 04:00:00,6.025611444844541
2023-12-31 05:00:00,6.360895658974129
2023-12-31 06:00:00,5.9833522305835105
2023-12-31 07:00:00,5.606377563557283
2023-12-31 08:00:00,5.176696776794214
2023-12-31 09:00:00,5.082489957737948
2023-12-31 10:00:00,5.541676813395316
2023-12-31 11:00:00,5.844775047789803
2023-12-31 12:00:00,5.772501738995014
2023-12-31 13:00:00,5.5692330047616565
2023-12-31 14:00:00,5.244261624011229
2023-12-31 15:00:00,5.378151111729041
2023-12-31 16:00:00,5.7063552677401255
2023-12-31 17:00:00,5.414812620514959
2023-12-31 18:00:00,5.8204970220863474
2023-12-31 19:00:00,5.847933493098737
2023-12-31 20:00:00,5.547113514076122
2023-12-31 21:00:00,5.841022469094723
2023-12-31 22:00:00,5.557308547373089
2023-12-31 23:00:00,5.272402887457833
