time,consumption
2023-01-01 00:00:00,5.766300421604939
2023-01-01 01:00:00,5.260467316091288
2023-01-01 02:00:00,5.617297138635427
2023-01-01 03:00:00,5.604238252117225
2023-01-01 04:00:00,5.450888497643413
2023-01-01 05:00:00,5.050324277021731
2023-01-01 06:00:00,5.2500888532085614
2023-01-01 07:00:00,5.2735397689362
2023-01-01 08:00:00,5.3315691545610004
2023-01-01 09:00:00,5.346665576247797
2023-01-01 10:00:00,5.662512299820232
2023-01-01 11:00:00,6.187233357695347
2023-01-01 12:00:00,6.10687212308539
2023-01-01 13:00:00,6.245533031057272
2023-01-01 14:00:00,6.330238681554276
2023-01-01 15:00:00,6.0664765095691555
2023-01-01 16:00:00,6.466495982878924
2023-01-01 17:00:00,5.8850476025202045
2023-01-01 18:00:00,6.252062924779045
2023-01-01 19:00:00,6.107877370481092
2023-01-01 20:00:00,5.9195553372119525
2023-01-01 21:00:00,5.71833624016894
2023-01-01 22:00:00,5.899873635164419
2023-01-01 23:00:00,5.330580749731793
2023-01-02 00:00:00,6.005858728079374
2023-01-02 01:00:00,5.990093160120211
2023-01-02 02:00:00,6.3005479364752786
2023-01-02 03:00:00,6.407014291438593
2023-01-02 04:00:00,6.078674795867594
2023-01-02 05:00:00,6.3790055243576775
2023-01-02 06:00:00,6.783371006717707
2023-01-02 07:00:00,7.159310795025867
2023-01-02 08:00:00,63.474055358693796
2023-01-02 09:00:00,62.56896588859724
2023-01-02 10:00:00,60.33024551063976
2023-01-02 11:00:00,60.279176529609316
2023-01-02 12:00:00,58.00224908877226
2023-01-02 13:00:00,55.53588000782064
2023-01-02 14:00:00,56.20381494734782
2023-01-02 15:00:00,54.41628117556894
2023-01-02 16:00:00,54.15220756337069
2023-01-02 17:00:00,55.03938037398859
2023-01-02 18:00:00,56.08009370736122
2023-01-02 19:00:00,57.950558862541364
2023-01-02 20:00:00,6.835721267072786
2023-01-02 21:00:00,6.839913796431835
2023-01-02 22:00:00,6.569889425691494
2023-01-02 23:00:00,6.5676185869476935
2023-01-03 00:00:00,6.716929211387961
2023-01-03 01:00:00,6.653143756809065
2023-01-03 02:00:00,6.503796709682463
2023-01-03 03:00:00,6.977916317707406
2023-01-03 04:00:00,6.366197871658368
2023-01-03 05:00:00,6.341311363712969
2023-01-03 06:00:00,6.4762413570788695
2023-01-03 07:00:00,6.080561546478363
2023-01-03 08:00:00,74.31007290934406
2023-01-03 09:00:00,74.08829693042148
2023-01-03 10:00:00,69.9819665945164
2023-01-03 11:00:00,65.59860419343501
2023-01-03 12:00:00,63.100004704944276
2023-01-03 13:00:00,59.81227753560641
2023-01-03 14:00:00,58.828759562239256
2023-01-03 15:00:00,57.4774145169635
2023-01-03 16:00:00,57.26941861716615
2023-01-03 17:00:00,57.03478827312767
2023-01-03 18:00:00,59.50203403641812
2023-01-03 19:00:00,62.2340722809602
2023-01-03 20:00:00,6.399171456464289
2023-01-03 21:00:00,6.591248312861729
2023-01-03 22:00:00,5.802800756718975
2023-01-03 23:00:00,5.68471542503417
2023-01-04 00:00:00,5.275895680449405
2023-01-04 01:00:00,5.809739899211034
2023-01-04 02:00:00,5.4853191944446325
2023-01-04 03:00:00,5.631721141517243
2023-01-04 04:00:00,5.845837458386448
2023-01-04 05:00:00,5.889757082086135
2023-01-04 06:00:00,5.981896531599734
2023-01-04 07:00:00,6.3048366112115515
2023-01-04 08:00:00,83.36084245741453
2023-01-04 09:00:00,82.94720648448428
2023-01-04 10:00:00,79.18757821735883
2023-01-04 11:00:00,74.08021216135673
2023-01-04 12:00:00,69.04832556141766
2023-01-04 13:00:00,64.08339074559001
2023-01-04 14:00:00,61.699784059836766
2023-01-04 15:00:00,59.39466806467698
2023-01-04 16:00:00,57.71582153133709
2023-01-04 17:00:00,59.308207221585434
2023-01-04 18:00:00,61.68251688886401
2023-01-04 19:00:00,63.7141326792801
2023-01-04 20:00:00,6.151361582304407
2023-01-04 21:00:00,6.134555075947787
2023-01-04 22:00:00,5.993429421402095
2023-01-04 23:00:00,5.095891274651209
2023-01-05 00:00:00,4.822857826767969
2023-01-05 01:00:00,4.9530004505126675
2023-01-05 02:00:00,4.9534589134781815
2023-01-05 03:00:00,4.726316157492773
2023-01-05 04:00:00,5.189199657490015
2023-01-05 05:00:00,5.5268954866694715
2023-01-05 06:00:00,5.460185654758154
2023-01-05 07:00:00,5.694695295164094
2023-01-05 08:00:00,85.16682410858037
2023-01-05 09:00:00,85.10955750176005
2023-01-05 10:00:00,80.28900471996553
2023-01-05 11:00:00,75.25008605040996
2023-01-05 12:00:00,69.29643945265693
2023-01-05 13:00:00,62.48660764654853
2023-01-05 14:00:00,61.49043616782192
2023-01-05 15:00:00,58.70584676150966
2023-01-05 16:00:00,57.53147065386427
2023-01-05 17:00:00,59.1121793364637
2023-01-05 18:00:00,60.412659651620395
2023-01-05 19:00:00,63.19757001330125
2023-01-05 20:00:00,5.701637736537466
2023-01-05 21:00:00,5.4356341397887915
2023-01-05 22:00:00,5.9379175684632965
2023-01-05 23:00:00,5.76464460523582
2023-01-06 00:00:00,5.513279315570699
2023-01-06 01:00:00,5.62891915421124
2023-01-06 02:00:00,5.566074304605668
2023-01-06 03:00:00,6.335971791127818
2023-01-06 04:00:00,6.414088875555194
2023-01-06 05:00:00,6.7334154034239315
2023-01-06 06:00:00,6.854180022920306
2023-01-06 07:00:00,6.5273359404875215
2023-01-06 08:00:00,90.56907626758037
2023-01-06 09:00:00,89.73341425516375
2023-01-06 10:00:00,86.29796468009044
2023-01-06 11:00:00,81.21186773934832
2023-01-06 12:00:00,74.55842011118956
2023-01-06 13:00:00,69.21457324990509
2023-01-06 14:00:00,66.11940343264334
2023-01-06 15:00:00,64.05142022005921
2023-01-06 16:00:00,62.022698979381076
2023-01-06 17:00:00,63.592698272029665
2023-01-06 18:00:00,67.13702621126812
2023-01-06 19:00:00,71.329919117714
2023-01-06 20:00:00,7.575101181830556
2023-01-06 21:00:00,6.592826542368977
2023-01-06 22:00:00,5.925834120450554
2023-01-06 23:00:00,6.214684333241127
2023-01-07 00:00:00,5.605584527560724
2023-01-07 01:00:00,5.265645084989685
2023-01-07 02:00:00,5.248095864946746
2023-01-07 03:00:00,4.817441817751757
2023-01-07 04:00:00,5.388017453505325
2023-01-07 05:00:00,5.2937506817268725
2023-01-07 06:00:00,5.73931994322031
2023-01-07 07:00:00,5.2355067143015965
2023-01-07 08:00:00,4.993663565116875
2023-01-07 09:00:00,5.315857174336481
2023-01-07 10:00:00,5.557531213094214
2023-01-07 11:00:00,5.969411778897607
2023-01-07 12:00:00,6.193877521889908
2023-01-07 13:00:00,6.4884707695862245
2023-01-07 14:00:00,6.2521510640845115
2023-01-07 15:00:00,5.811947150179227
2023-01-07 16:00:00,5.810669059875264
2023-01-07 17:00:00,5.625073218552855
2023-01-07 18:00:00,6.181460630788106
2023-01-07 19:00:00,5.797612185138857
2023-01-07 20:00:00,5.706894457049601
2023-01-07 21:00:00,5.658244111306962
2023-01-07 22:00:00,5.715084725812643
2023-01-07 23:00:00,5.65474711146555
2023-01-08 00:00:00,5.5692353850224485
2023-01-08 01:00:00,5.453757291095711
2023-01-08 02:00:00,5.508929221503721
2023-01-08 03:00:00,5.300472899025891
2023-01-08 04:00:00,5.290425473800736
2023-01-08 05:00:00,5.158712586864742
2023-01-08 06:00:00,5.2543623424920485
2023-01-08 07:00:00,5.378831187484028
2023-01-08 08:00:00,5.530441744460523
2023-01-08 09:00:00,6.135138663200087
2023-01-08 10:00:00,6.2087715346816665
2023-01-08 11:00:00,5.99392065039256
2023-01-08 12:00:00,6.18315312449022
2023-01-08 13:00:00,6.613848245713824
2023-01-08 14:00:00,6.670111896381794
2023-01-08 15:00:00,6.983205214988769
2023-01-08 16:00:00,6.635306211577792
2023-01-08 17:00:00,7.297146701919445
2023-01-08 18:00:00,6.577975161303814
2023-01-08 19:00:00,6.373151286645178
2023-01-08 20:00:00,5.877726734416928
2023-01-08 21:00:00,6.418332420074811
2023-01-08 22:00:00,6.729770336026247
2023-01-08 23:00:00,6.466933502041493
2023-01-09 00:00:00,6.3911889004713345
2023-01-09 01:00:00,6.994547009682057
2023-01-09 02:00:00,6.565966911663214
2023-01-09 03:00:00,5.979912311690248
2023-01-09 04:00:00,6.099640482836266
2023-01-09 05:00:00,6.494696847116864
2023-01-09 06:00:00,6.371361687652626
2023-01-09 07:00:00,6.241373267979194
2023-01-09 08:00:00,59.459643361705176
2023-01-09 09:00:00,62.12995679849172
2023-01-09 10:00:00,59.464518344100746
2023-01-09 11:00:00,57.34700496540571
2023-01-09 12:00:00,54.52292302189853
2023-01-09 13:00:00,53.0954699642147
2023-01-09 14:00:00,50.904099083340455
2023-01-09 15:00:00,51.10648648532672
2023-01-09 16:00:00,51.42629497523845
2023-01-09 17:00:00,52.24621509940663
2023-01-09 18:00:00,57.169329374095
2023-01-09 19:00:00,57.573952960310194
2023-01-09 20:00:00,5.8002791671523415
2023-01-09 21:00:00,5.469917668358273
2023-01-09 22:00:00,5.364227039300531
2023-01-09 23:00:00,6.013450808878848
2023-01-10 00:00:00,5.881494198259551
2023-01-10 01:00:00,6.216208597222813
2023-01-10 02:00:00,5.813987760460765
2023-01-10 03:00:00,5.854219018449206
2023-01-10 04:00:00,6.003932603540444
2023-01-10 05:00:00,6.0999467777590235
2023-01-10 06:00:00,5.879341011717736
2023-01-10 07:00:00,6.058646987827925
2023-01-10 08:00:00,82.85134714621682
2023-01-10 09:00:00,82.14160499277351
2023-01-10 10:00:00,77.32939985404667
2023-01-10 11:00:00,73.5173992424263
2023-01-10 12:00:00,70.32022559413721
2023-01-10 13:00:00,66.30908136741236
2023-01-10 14:00:00,63.14337714632007
2023-01-10 15:00:00,58.932805431291236
2023-01-10 16:00:00,58.94145667133015
2023-01-10 17:00:00,59.85510585015747
2023-01-10 18:00:00,60.90707210650759
2023-01-10 19:00:00,63.506688987463804
2023-01-10 20:00:00,5.5429714513200485
2023-01-10 21:00:00,5.465824556059257
2023-01-10 22:00:00,5.618668306684986
2023-01-10 23:00:00,5.282753479754832
2023-01-11 00:00:00,5.085238296904976
2023-01-11 01:00:00,4.9368826803838255
2023-01-11 02:00:00,4.757563503107329
2023-01-11 03:00:00,4.343179342273925
2023-01-11 04:00:00,5.415228461065658
2023-01-11 05:00:00,5.469723498406325
2023-01-11 06:00:00,5.047447207396787
2023-01-11 07:00:00,5.557829250632377
2023-01-11 08:00:00,71.39159550994317
2023-01-11 09:00:00,70.66560135925515
2023-01-11 10:00:00,70.9855689178547
2023-01-11 11:00:00,69.60463349239187
2023-01-11 12:00:00,68.72429975536805
2023-01-11 13:00:00,66.45570064958824
2023-01-11 14:00:00,65.94644676661416
2023-01-11 15:00:00,62.15143688984962
2023-01-11 16:00:00,61.103466312037646
2023-01-11 17:00:00,63.009090470663374
2023-01-11 18:00:00,64.29517765881947
2023-01-11 19:00:00,65.7225563787268
2023-01-11 20:00:00,6.169389047831249
2023-01-11 21:00:00,5.994515564312977
2023-01-11 22:00:00,6.281007777601283
2023-01-11 23:00:00,5.829293088771687
2023-01-12 00:00:00,6.025823932212475
2023-01-12 01:00:00,5.9257218827918186
2023-01-12 02:00:00,6.183137416255982
2023-01-12 03:00:00,6.087049010070312
2023-01-12 04:00:00,6.289876553193664
2023-01-12 05:00:00,6.37972742820712
2023-01-12 06:00:00,6.170454474082571
2023-01-12 07:00:00,6.703371538332653
2023-01-12 08:00:00,87.42630205744838
2023-01-12 09:00:00,88.6163760138317
2023-01-12 10:00:00,86.92015454961904
2023-01-12 11:00:00,83.65501124199487
2023-01-12 12:00:00,76.17926130503177
2023-01-12 13:00:00,70.91210655183924
2023-01-12 14:00:00,67.35090315166345
2023-01-12 15:00:00,64.47015517838246
2023-01-12 16:00:00,62.225165077277765
2023-01-12 17:00:00,62.09619670929228
2023-01-12 18:00:00,65.37777339799035
2023-01-12 19:00:00,67.42004742614256
2023-01-12 20:00:00,6.513294681386567
2023-01-12 21:00:00,6.239434662852381
2023-01-12 22:00:00,6.36785957371238
2023-01-12 23:00:00,6.681442417586512
2023-01-13 00:00:00,6.087451537211324
2023-01-13 01:00:00,5.851345369945132
2023-01-13 02:00:00,5.695725055419024
2023-01-13 03:00:00,5.9041633849855355
2023-01-13 04:00:00,6.2258149711153
2023-01-13 05:00:00,5.827561500068924
2023-01-13 06:00:00,5.88483524861272
2023-01-13 07:00:00,5.926454059543937
2023-01-13 08:00:00,80.34138957399773
2023-01-13 09:00:00,80.63170554389612
2023-01-13 10:00:00,78.12014032766021
2023-01-13 11:00:00,75.79742261733035
2023-01-13 12:00:00,71.37273942450254
2023-01-13 13:00:00,68.53570736735212
2023-01-13 14:00:00,65.03781962728728
2023-01-13 15:00:00,63.72875632366721
2023-01-13 16:00:00,62.21616067688789
2023-01-13 17:00:00,61.655683553761136
2023-01-13 18:00:00,62.05922565471148
2023-01-13 19:00:00,65.71573071803756
2023-01-13 20:00:00,6.180946846071124
2023-01-13 21:00:00,6.621563836386183
2023-01-13 22:00:00,7.032876147240135
2023-01-13 23:00:00,6.467688786927101
2023-01-14 00:00:00,6.736786950341961
2023-01-14 01:00:00,6.7808051901173885
2023-01-14 02:00:00,6.617925128270678
2023-01-14 03:00:00,6.458901704946829
2023-01-14 04:00:00,6.3179261722963584
2023-01-14 05:00:00,6.197480506047109
2023-01-14 06:00:00,6.466210466187745
2023-01-14 07:00:00,6.155556452344255
2023-01-14 08:00:00,6.4002950943363235
2023-01-14 09:00:00,6.465066274835057
2023-01-14 10:00:00,6.802316563092988
2023-01-14 11:00:00,7.321983734033858
2023-01-14 12:00:00,7.414663042379997
2023-01-14 13:00:00,7.625329122829463
2023-01-14 14:00:00,6.979060125011796
2023-01-14 15:00:00,6.8702259838997755
2023-01-14 16:00:00,6.302818300489508
2023-01-14 17:00:00,6.09842516238345
2023-01-14 18:00:00,6.432916014743675
2023-01-14 19:00:00,6.653034777001906
2023-01-14 20:00:00,6.4464508115202
2023-01-14 21:00:00,5.621565648219326
2023-01-14 22:00:00,5.709617653781938
2023-01-14 23:00:00,5.190764900363381
2023-01-15 00:00:00,5.146940302333544
2023-01-15 01:00:00,5.422690286598873
2023-01-15 02:00:00,5.494721322538062
2023-01-15 03:00:00,5.714270806211862
2023-01-15 04:00:00,5.3860435350972455
2023-01-15 05:00:00,5.414686602796089
2023-01-15 06:00:00,5.3599543730606936
2023-01-15 07:00:00,5.720353582467417
2023-01-15 08:00:00,6.089959585572217
2023-01-15 09:00:00,5.833473094304527
2023-01-15 10:00:00,5.819711023730944
2023-01-15 11:00:00,5.803664338656217
2023-01-15 12:00:00,5.720589997388886
2023-01-15 13:00:00,6.140838284770137
2023-01-15 14:00:00,6.358684311409489
2023-01-15 15:00:00,6.6020028162796525
2023-01-15 16:00:00,6.3471290720520575
2023-01-15 17:00:00,6.366995954886841
2023-01-15 18:00:00,6.713786413004126
2023-01-15 19:00:00,6.357195925515836
2023-01-15 20:00:00,6.196686875698479
2023-01-15 21:00:00,5.830053846328816
2023-01-15 22:00:00,5.935229561403132
2023-01-15 23:00:00,5.678218785288611
2023-01-16 00:00:00,6.240986494102958
2023-01-16 01:00:00,5.928754162250979
2023-01-16 02:00:00,6.342607020778584
2023-01-16 03:00:00,6.215251557941602
2023-01-16 04:00:00,5.985835421273784
2023-01-16 05:00:00,6.626958590997969
2023-01-16 06:00:00,6.334121065599246
2023-01-16 07:00:00,6.28189564054292
2023-01-16 08:00:00,78.49740528358309
2023-01-16 09:00:00,78.59945054911081
2023-01-16 10:00:00,76.49711549233723
2023-01-16 11:00:00,74.15001129660905
2023-01-16 12:00:00,69.41822520426976
2023-01-16 13:00:00,69.54894654036556
2023-01-16 14:00:00,66.64891793022446
2023-01-16 15:00:00,66.53974919016886
2023-01-16 16:00:00,64.84645362872804
2023-01-16 17:00:00,64.46203353986994
2023-01-16 18:00:00,64.52895630570056
2023-01-16 19:00:00,63.31716135803617
2023-01-16 20:00:00,7.146053407548387
2023-01-16 21:00:00,7.369627580336417
2023-01-16 22:00:00,6.366290807479261
2023-01-16 23:00:00,6.251189754131364
2023-01-17 00:00:00,5.886571979653633
2023-01-17 01:00:00,5.607936487538934
2023-01-17 02:00:00,5.60183676963903
2023-01-17 03:00:00,5.701055741521348
2023-01-17 04:00:00,5.980860569970492
2023-01-17 05:00:00,5.724745193002914
2023-01-17 06:00:00,5.250223399500674
2023-01-17 07:00:00,5.415307629333513
2023-01-17 08:00:00,60.73788542309714
2023-01-17 09:00:00,62.73728039974581
2023-01-17 10:00:00,61.55278156260036
2023-01-17 11:00:00,60.584302664425906
2023-01-17 12:00:00,60.512169832441614
2023-01-17 13:00:00,60.10284844249436
2023-01-17 14:00:00,59.81362832650293
2023-01-17 15:00:00,60.53721686778346
2023-01-17 16:00:00,61.11952810466022
2023-01-17 17:00:00,63.31683138887048
2023-01-17 18:00:00,66.71160704749423
2023-01-17 19:00:00,68.29398486064115
2023-01-17 20:00:00,6.799208458396894
2023-01-17 21:00:00,6.435425667251052
2023-01-17 22:00:00,6.100761704049014
2023-01-17 23:00:00,6.297530872071107
2023-01-18 00:00:00,5.938086457972379
2023-01-18 01:00:00,5.571095338960322
2023-01-18 02:00:00,4.947852958207409
2023-01-18 03:00:00,4.605240159266594
2023-01-18 04:00:00,4.665801353813623
2023-01-18 05:00:00,4.9518898352158045
2023-01-18 06:00:00,5.502234854357152
2023-01-18 07:00:00,5.434677870221104
2023-01-18 08:00:00,82.16855177210596
2023-01-18 09:00:00,81.33640050405639
2023-01-18 10:00:00,76.91317336036414
2023-01-18 11:00:00,74.95576599127565
2023-01-18 12:00:00,71.83691055474499
2023-01-18 13:00:00,71.02309581567957
2023-01-18 14:00:00,70.98616927689687
2023-01-18 15:00:00,70.65873080159118
2023-01-18 16:00:00,71.38243346876395
2023-01-18 17:00:00,72.74506012080059
2023-01-18 18:00:00,75.65287692614872
2023-01-18 19:00:00,76.8034420498213
2023-01-18 20:00:00,6.043569429241197
2023-01-18 21:00:00,6.241610507948601
2023-01-18 22:00:00,5.690558323019647
2023-01-18 23:00:00,5.555973982146402
2023-01-19 00:00:00,5.585923012089648
2023-01-19 01:00:00,5.3121428059304066
2023-01-19 02:00:00,5.3198785943503815
2023-01-19 03:00:00,5.457258288646774
2023-01-19 04:00:00,5.250682715037537
2023-01-19 05:00:00,5.561026654321918
2023-01-19 06:00:00,5.6392912342329895
2023-01-19 07:00:00,5.447783287297736
2023-01-19 08:00:00,84.83397333600405
2023-01-19 09:00:00,84.80829188830663
2023-01-19 10:00:00,81.1651547719453
2023-01-19 11:00:00,77.68184913648408
2023-01-19 12:00:00,74.06689597203064
2023-01-19 13:00:00,67.89223676203429
2023-01-19 14:00:00,68.17164799385824
2023-01-19 15:00:00,69.42656407018437
2023-01-19 16:00:00,68.4409832315002
2023-01-19 17:00:00,70.05593910954715
2023-01-19 18:00:00,71.48537512270555
2023-01-19 19:00:00,71.83915592852895
2023-01-19 20:00:00,7.197773677843201
2023-01-19 21:00:00,7.5974392733331735
2023-01-19 22:00:00,7.014135875752018
2023-01-19 23:00:00,7.394575556335821
2023-01-20 00:00:00,6.97621679787013
2023-01-20 01:00:00,7.018013218277153
2023-01-20 02:00:00,6.83572179982218
2023-01-20 03:00:00,6.66353167346648
2023-01-20 04:00:00,6.7235733035935
2023-01-20 05:00:00,6.562037821541767
2023-01-20 06:00:00,6.238787513306216
2023-01-20 07:00:00,5.646975720879424
2023-01-20 08:00:00,69.22977746155314
2023-01-20 09:00:00,69.26457111303176
2023-01-20 10:00:00,66.99890930744334
2023-01-20 11:00:00,63.452560319977955
2023-01-20 12:00:00,58.506640166877375
2023-01-20 13:00:00,54.942092252576465
2023-01-20 14:00:00,53.19278331122889
2023-01-20 15:00:00,51.177775285955846
2023-01-20 16:00:00,50.85799494194414
2023-01-20 17:00:00,52.22270601918473
2023-01-20 18:00:00,55.94612624933632
2023-01-20 19:00:00,58.49542006933822
2023-01-20 20:00:00,6.731763944407608
2023-01-20 21:00:00,6.306929659816585
2023-01-20 22:00:00,6.089524750560218
2023-01-20 23:00:00,6.7153195736752975
2023-01-21 00:00:00,6.012787526284033
2023-01-21 01:00:00,6.477712555801107
2023-01-21 02:00:00,6.025876437197107
2023-01-21 03:00:00,6.502284969628181
2023-01-21 04:00:00,6.320836224164405
2023-01-21 05:00:00,6.195146248641904
2023-01-21 06:00:00,6.056192861013703
2023-01-21 07:00:00,6.232133843347764
2023-01-21 08:00:00,6.295298073694959
2023-01-21 09:00:00,6.835580235267239
2023-01-21 10:00:00,6.866628085699093
2023-01-21 11:00:00,6.714959412269345
2023-01-21 12:00:00,6.824539262678015
2023-01-21 13:00:00,6.936156745020726
2023-01-21 14:00:00,6.577965963383143
2023-01-21 15:00:00,6.706203281874015
2023-01-21 16:00:00,6.327124062469818
2023-01-21 17:00:00,6.301282447114377
2023-01-21 18:00:00,5.358080995889875
2023-01-21 19:00:00,5.071494742763127
2023-01-21 20:00:00,5.58535493818529
2023-01-21 21:00:00,5.666038633095557
2023-01-21 22:00:00,5.609547923000031
2023-01-21 23:00:00,4.757222497322869
2023-01-22 00:00:00,4.5818756641612755
2023-01-22 01:00:00,3.9549719030576465
2023-01-22 02:00:00,4.605566185335451
2023-01-22 03:00:00,5.082460489269409
2023-01-22 04:00:00,4.86342889077562
2023-01-22 05:00:00,5.259621092667393
2023-01-22 06:00:00,4.98215081918206
2023-01-22 07:00:00,5.056664275391201
2023-01-22 08:00:00,5.159109936147909
2023-01-22 09:00:00,5.493825309852384
2023-01-22 10:00:00,5.732960305239424
2023-01-22 11:00:00,6.147058534855896
2023-01-22 12:00:00,6.205235310752785
2023-01-22 13:00:00,5.956873034934379
2023-01-22 14:00:00,6.104977105389995
2023-01-22 15:00:00,6.720108472054222
2023-01-22 16:00:00,6.227091196526795
2023-01-22 17:00:00,5.912380069090934
2023-01-22 18:00:00,6.451893151697434
2023-01-22 19:00:00,5.934538211985583
2023-01-22 20:00:00,6.640679347573751
2023-01-22 21:00:00,6.18576121838671
2023-01-22 22:00:00,6.385983240305482
2023-01-22 23:00:00,6.118117522107459
2023-01-23 00:00:00,6.823360501866538
2023-01-23 01:00:00,6.993976771898225
2023-01-23 02:00:00,6.6893474424359525
2023-01-23 03:00:00,6.521358594963237
2023-01-23 04:00:00,6.119010667046243
2023-01-23 05:00:00,6.270996487642127
2023-01-23 06:00:00,5.999756762023916
2023-01-23 07:00:00,6.479275405100399
2023-01-23 08:00:00,92.76292710945539
2023-01-23 09:00:00,93.48544714049365
2023-01-23 10:00:00,88.88765709559635
2023-01-23 11:00:00,83.70350035412326
2023-01-23 12:00:00,75.16438306327574
2023-01-23 13:00:00,70.60184269959453
2023-01-23 14:00:00,68.05168676148044
2023-01-23 15:00:00,66.48570136153626
2023-01-23 16:00:00,66.29729395549481
2023-01-23 17:00:00,69.11445924785622
2023-01-23 18:00:00,71.75576901987874
2023-01-23 19:00:00,74.13718028075222
2023-01-23 20:00:00,5.784933615004541
2023-01-23 21:00:00,5.768536922463362
2023-01-23 22:00:00,6.00850043600283
2023-01-23 23:00:00,5.953440553411724
2023-01-24 00:00:00,5.935666388291879
2023-01-24 01:00:00,6.517906310508787
2023-01-24 02:00:00,6.574673894738523
2023-01-24 03:00:00,6.382813812855803
2023-01-24 04:00:00,6.092744517639248
2023-01-24 05:00:00,5.880333120566737
2023-01-24 06:00:00,5.848244009977428
2023-01-24 07:00:00,5.312347506818377
2023-01-24 08:00:00,91.34236330095055
2023-01-24 09:00:00,90.85321860610752
2023-01-24 10:00:00,88.55130599918473
2023-01-24 11:00:00,84.5102885644872
2023-01-24 12:00:00,81.2490001694692
2023-01-24 13:00:00,79.51837059889033
2023-01-24 14:00:00,77.04610588861254
2023-01-24 15:00:00,74.27017692927427
2023-01-24 16:00:00,73.95117729936264
2023-01-24 17:00:00,74.9088881692043
2023-01-24 18:00:00,75.8004818787317
2023-01-24 19:00:00,79.5965853830246
2023-01-24 20:00:00,6.164874993135667
2023-01-24 21:00:00,5.76837126059557
2023-01-24 22:00:00,5.966164622152913
2023-01-24 23:00:00,5.135251172300861
2023-01-25 00:00:00,5.776526466766805
2023-01-25 01:00:00,5.9342690056579395
2023-01-25 02:00:00,5.922678819817511
2023-01-25 03:00:00,6.135898991605406
2023-01-25 04:00:00,5.3524309909239784
2023-01-25 05:00:00,5.372498792002254
2023-01-25 06:00:00,5.402340554402581
2023-01-25 07:00:00,5.240123253491317
2023-01-25 08:00:00,91.03954491880643
2023-01-25 09:00:00,90.46821106020737
2023-01-25 10:00:00,87.7230638992498
2023-01-25 11:00:00,82.90402302144967
2023-01-25 12:00:00,77.31508995789909
2023-01-25 13:00:00,73.33231749706906
2023-01-25 14:00:00,70.26102208120851
2023-01-25 15:00:00,67.56096614862642
2023-01-25 16:00:00,66.64800524455184
2023-01-25 17:00:00,66.81385991471807
2023-01-25 18:00:00,66.77739415009934
2023-01-25 19:00:00,69.48124728841988
2023-01-25 20:00:00,5.73729753763402
2023-01-25 21:00:00,5.759381857090702
2023-01-25 22:00:00,6.003453742610745
2023-01-25 23:00:00,5.36839043909335
2023-01-26 00:00:00,5.52348999035822
2023-01-26 01:00:00,5.354835105567152
2023-01-26 02:00:00,6.246337466287929
2023-01-26 03:00:00,5.579567002771358
2023-01-26 04:00:00,5.282931119859571
2023-01-26 05:00:00,5.5981289365932865
2023-01-26 06:00:00,6.253492314229107
2023-01-26 07:00:00,6.554602355437826
2023-01-26 08:00:00,89.94719090789704
2023-01-26 09:00:00,88.90352398268736
2023-01-26 10:00:00,83.85867944951343
2023-01-26 11:00:00,80.47208578328663
2023-01-26 12:00:00,72.7545013029296
2023-01-26 13:00:00,67.94733725997952
2023-01-26 14:00:00,64.4912609138929
2023-01-26 15:00:00,63.169288729847466
2023-01-26 16:00:00,62.956931169893515
2023-01-26 17:00:00,64.08865711217219
2023-01-26 18:00:00,66.95962220556127
2023-01-26 19:00:00,69.55608880153834
2023-01-26 20:00:00,6.257663922281752
2023-01-26 21:00:00,6.140020645963534
2023-01-26 22:00:00,6.094540987844748
2023-01-26 23:00:00,5.84672923261607
2023-01-27 00:00:00,6.04792290471454
2023-01-27 01:00:00,5.861814943176406
2023-01-27 02:00:00,5.703024485703568
2023-01-27 03:00:00,5.947322368204676
2023-01-27 04:00:00,5.885258515987626
2023-01-27 05:00:00,5.300362385325013
2023-01-27 06:00:00,5.830426521494073
2023-01-27 07:00:00,7.044619183731903
2023-01-27 08:00:00,90.75155015777138
2023-01-27 09:00:00,89.50591712154578
2023-01-27 10:00:00,84.64724820201418
2023-01-27 11:00:00,78.34498533184092
2023-01-27 12:00:00,71.582878829447
2023-01-27 13:00:00,65.95764779043496
2023-01-27 14:00:00,67.35628635133597
2023-01-27 15:00:00,66.40719839253836
2023-01-27 16:00:00,67.51756508600016
2023-01-27 17:00:00,70.49392790956493
2023-01-27 18:00:00,71.6811721659759
2023-01-27 19:00:00,77.39075944301453
2023-01-27 20:00:00,6.306497604156045
2023-01-27 21:00:00,6.085235229567428
2023-01-27 22:00:00,6.3732752605375955
2023-01-27 23:00:00,5.636073917085436
2023-01-28 00:00:00,5.601201375884491
2023-01-28 01:00:00,5.024427238979525
2023-01-28 02:00:00,5.572544533850869
2023-01-28 03:00:00,5.737507252155651
2023-01-28 04:00:00,6.028258288621882
2023-01-28 05:00:00,5.619824655980201
2023-01-28 06:00:00,6.360192423252957
2023-01-28 07:00:00,6.044855396750809
2023-01-28 08:00:00,6.0120647936485
2023-01-28 09:00:00,6.143850886980023
2023-01-28 10:00:00,6.6642080142623135
2023-01-28 11:00:00,6.583143132824222
2023-01-28 12:00:00,5.997252139685734
2023-01-28 13:00:00,6.120481461728217
2023-01-28 14:00:00,5.9350425537167775
2023-01-28 15:00:00,6.015301847452686
2023-01-28 16:00:00,5.705693764850253
2023-01-28 17:00:00,5.730224943492847
2023-01-28 18:00:00,4.902406989805288
2023-01-28 19:00:00,5.147387965540685
2023-01-28 20:00:00,4.825977391315443
2023-01-28 21:00:00,4.150540671300245
2023-01-28 22:00:00,4.458959674769001
2023-01-28 23:00:00,4.540782786211882
2023-01-29 00:00:00,4.475266162056404
2023-01-29 01:00:00,4.123010751879315
2023-01-29 02:00:00,4.693888090311269
2023-01-29 03:00:00,4.6641194452321475
2023-01-29 04:00:00,5.356311709180434
2023-01-29 05:00:00,5.606373882829821
2023-01-29 06:00:00,5.989197349549776
2023-01-29 07:00:00,5.913216191444209
2023-01-29 08:00:00,6.165301682416369
2023-01-29 09:00:00,6.197071803567286
2023-01-29 10:00:00,6.609175794081163
2023-01-29 11:00:00,6.4732743485640025
2023-01-29 12:00:00,6.767559791214431
2023-01-29 13:00:00,6.538788757792202
2023-01-29 14:00:00,6.524007916882263
2023-01-29 15:00:00,6.894234087914764
2023-01-29 16:00:00,6.6311740653665385
2023-01-29 17:00:00,6.401471785328766
2023-01-29 18:00:00,6.563921890430004
2023-01-29 19:00:00,6.254345872092956
2023-01-29 20:00:00,6.7147423933822274
2023-01-29 21:00:00,5.873392541545627
2023-01-29 22:00:00,5.590175356658962
2023-01-29 23:00:00,5.246634725307296
2023-01-30 00:00:00,4.985998477199336
2023-01-30 01:00:00,4.95861544043188
2023-01-30 02:00:00,4.688671491300482
2023-01-30 03:00:00,5.074791669395723
2023-01-30 04:00:00,5.327431751930665
2023-01-30 05:00:00,5.387126183906415
2023-01-30 06:00:00,5.2689108276281615
2023-01-30 07:00:00,5.6881386461971
2023-01-30 08:00:00,93.37727930892865
2023-01-30 09:00:00,92.8329363128276
2023-01-30 10:00:00,90.09528467366923
2023-01-30 11:00:00,85.84142817954047
2023-01-30 12:00:00,80.25054731872487
2023-01-30 13:00:00,74.84455106186182
2023-01-30 14:00:00,71.1647892441868
2023-01-30 15:00:00,68.3826719694808
2023-01-30 16:00:00,67.24720839706154
2023-01-30 17:00:00,67.45320092216541
2023-01-30 18:00:00,68.56259872221666
2023-01-30 19:00:00,71.32554393186183
2023-01-30 20:00:00,5.232007508516242
2023-01-30 21:00:00,5.534417324438257
2023-01-30 22:00:00,5.864944106176261
2023-01-30 23:00:00,5.329233697876845
2023-01-31 00:00:00,5.175683333582758
2023-01-31 01:00:00,5.449503930531958
2023-01-31 02:00:00,4.998285249135913
2023-01-31 03:00:00,4.763189842473527
2023-01-31 04:00:00,4.617055076084642
2023-01-31 05:00:00,5.325654007874386
2023-01-31 06:00:00,5.3437186791057645
2023-01-31 07:00:00,5.702605763180001
2023-01-31 08:00:00,97.12577528006963
2023-01-31 09:00:00,96.68567145357798
2023-01-31 10:00:00,91.90536004777525
2023-01-31 11:00:00,87.32951763730816
2023-01-31 12:00:00,77.59573521967772
2023-01-31 13:00:00,70.5293672642035
2023-01-31 14:00:00,64.7670029115588
2023-01-31 15:00:00,61.80140805167043
2023-01-31 16:00:00,58.59848193730914
2023-01-31 17:00:00,60.26791946635135
2023-01-31 18:00:00,61.2476463566454
2023-01-31 19:00:00,65.08114520953177
2023-01-31 20:00:00,5.6471595510073715
2023-01-31 21:00:00,6.075381944280996
2023-01-31 22:00:00,5.664612730453749
2023-01-31 23:00:00,5.6090805177110115
2023-02-01 00:00:00,5.373057610284662
2023-02-01 01:00:00,5.775265520320894
2023-02-01 02:00:00,6.066104720914132
2023-02-01 03:00:00,6.213727361284687
2023-02-01 04:00:00,6.160109644501635
2023-02-01 05:00:00,6.160128003370604
2023-02-01 06:00:00,6.138897372519574
2023-02-01 07:00:00,5.965994422717723
2023-02-01 08:00:00,87.34386335306854
2023-02-01 09:00:00,86.19153773293897
2023-02-01 10:00:00,84.21866004044391
2023-02-01 11:00:00,77.77131133166532
2023-02-01 12:00:00,71.30951271791547
2023-02-01 13:00:00,65.39064308226142
2023-02-01 14:00:00,61.28136438621716
2023-02-01 15:00:00,59.55023051086203
2023-02-01 16:00:00,57.39680471203176
2023-02-01 17:00:00,58.39784215154573
2023-02-01 18:00:00,58.634911576761674
2023-02-01 19:00:00,62.36700982334223
2023-02-01 20:00:00,7.528937094693701
2023-02-01 21:00:00,7.0401428733328615
2023-02-01 22:00:00,6.750256022703737
2023-02-01 23:00:00,6.408367269965275
2023-02-02 00:00:00,6.093551485954921
2023-02-02 01:00:00,6.239355241644833
2023-02-02 02:00:00,6.853826763024399
2023-02-02 03:00:00,6.85913461872558
2023-02-02 04:00:00,6.932383187265776
2023-02-02 05:00:00,7.0816670102554555
2023-02-02 06:00:00,7.317327842613543
2023-02-02 07:00:00,7.617852603492642
2023-02-02 08:00:00,88.13694338357621
2023-02-02 09:00:00,87.48211775432789
2023-02-02 10:00:00,83.47858131782817
2023-02-02 11:00:00,77.07022320437648
2023-02-02 12:00:00,69.26297066405779
2023-02-02 13:00:00,63.33896959265735
2023-02-02 14:00:00,58.673098944784456
2023-02-02 15:00:00,54.67766251528129
2023-02-02 16:00:00,52.372305687888506
2023-02-02 17:00:00,54.19737998298379
2023-02-02 18:00:00,56.80260788754373
2023-02-02 19:00:00,58.87170785493637
2023-02-02 20:00:00,6.480509304892572
2023-02-02 21:00:00,6.372020013840095
2023-02-02 22:00:00,6.233972238687961
2023-02-02 23:00:00,5.925737748157298
2023-02-03 00:00:00,6.260097692384652
2023-02-03 01:00:00,5.862686237406893
2023-02-03 02:00:00,5.417980621135104
2023-02-03 03:00:00,5.603549947914016
2023-02-03 04:00:00,5.751653975593564
2023-02-03 05:00:00,6.181175923481395
2023-02-03 06:00:00,6.47085011806541
2023-02-03 07:00:00,6.212747846343378
2023-02-03 08:00:00,92.33991514823117
2023-02-03 09:00:00,91.38898711056885
2023-02-03 10:00:00,85.26775105143258
2023-02-03 11:00:00,78.04021850385496
2023-02-03 12:00:00,66.47969399597213
2023-02-03 13:00:00,57.96693780259318
2023-02-03 14:00:00,52.48387403067558
2023-02-03 15:00:00,48.26542065308972
2023-02-03 16:00:00,46.00394247339102
2023-02-03 17:00:00,48.135434765441154
2023-02-03 18:00:00,49.88452529387264
2023-02-03 19:00:00,53.06557105171261
2023-02-03 20:00:00,6.312745385388635
2023-02-03 21:00:00,6.05335920733665
2023-02-03 22:00:00,6.0317530965828805
2023-02-03 23:00:00,6.015473139598043
2023-02-04 00:00:00,5.36709080913007
2023-02-04 01:00:00,5.551314105759117
2023-02-04 02:00:00,5.338913576825962
2023-02-04 03:00:00,5.3337485234036395
2023-02-04 04:00:00,4.934519690649655
2023-02-04 05:00:00,5.398274557355493
2023-02-04 06:00:00,5.471316146606649
2023-02-04 07:00:00,4.734161403748747
2023-02-04 08:00:00,4.767513675248184
2023-02-04 09:00:00,4.929441031630181
2023-02-04 10:00:00,5.288152019884281
2023-02-04 11:00:00,5.269160103402551
2023-02-04 12:00:00,5.744075547794279
2023-02-04 13:00:00,5.234883711081185
2023-02-04 14:00:00,5.284497304562879
2023-02-04 15:00:00,5.746304198207649
2023-02-04 16:00:00,5.64490771870136
2023-02-04 17:00:00,5.478097740247513
2023-02-04 18:00:00,5.220363312325444
2023-02-04 19:00:00,5.030837851495954
2023-02-04 20:00:00,5.193373488488625
2023-02-04 21:00:00,5.235661547950722
2023-02-04 22:00:00,5.64362146118202
2023-02-04 23:00:00,5.29003781042286
2023-02-05 00:00:00,5.959599392215942
2023-02-05 01:00:00,5.992182560424545
2023-02-05 02:00:00,6.405870801856103
2023-02-05 03:00:00,6.208934623369155
2023-02-05 04:00:00,6.340894413236075
2023-02-05 05:00:00,6.397747050877072
2023-02-05 06:00:00,7.265470637058413
2023-02-05 07:00:00,7.415614466335939
2023-02-05 08:00:00,7.283027614378004
2023-02-05 09:00:00,7.25310090709076
2023-02-05 10:00:00,6.9580076970059075
2023-02-05 11:00:00,7.111322741326251
2023-02-05 12:00:00,7.336673475454157
2023-02-05 13:00:00,7.405503338453355
2023-02-05 14:00:00,7.357107861090909
2023-02-05 15:00:00,7.360110381260543
2023-02-05 16:00:00,7.127261304342822
2023-02-05 17:00:00,7.03249151682651
2023-02-05 18:00:00,6.141805292629771
2023-02-05 19:00:00,6.440982750116274
2023-02-05 20:00:00,5.923736228220066
2023-02-05 21:00:00,5.563574658659697
2023-02-05 22:00:00,5.455412364199028
2023-02-05 23:00:00,5.4814244243088375
2023-02-06 00:00:00,5.6797700795227195
2023-02-06 01:00:00,6.038342525231798
2023-02-06 02:00:00,5.151996905899798
2023-02-06 03:00:00,5.544815816112862
2023-02-06 04:00:00,5.64016317094519
2023-02-06 05:00:00,5.851597625236451
2023-02-06 06:00:00,5.888050027217943
2023-02-06 07:00:00,5.917661841754652
2023-02-06 08:00:00,87.47603689804808
2023-02-06 09:00:00,86.24512312428438
2023-02-06 10:00:00,79.05539478787452
2023-02-06 11:00:00,70.61516775629958
2023-02-06 12:00:00,65.38009855469915
2023-02-06 13:00:00,61.69223896184866
2023-02-06 14:00:00,61.76507944462357
2023-02-06 15:00:00,59.49124636402775
2023-02-06 16:00:00,59.618711258253136
2023-02-06 17:00:00,60.14718855024672
2023-02-06 18:00:00,61.474529164314575
2023-02-06 19:00:00,66.37629551595388
2023-02-06 20:00:00,5.460064306798546
2023-02-06 21:00:00,5.247821821011723
2023-02-06 22:00:00,5.526918028870926
2023-02-06 23:00:00,5.720562577712197
2023-02-07 00:00:00,4.736100808832319
2023-02-07 01:00:00,4.6696573394125975
2023-02-07 02:00:00,4.7507913794834655
2023-02-07 03:00:00,4.774512167822866
2023-02-07 04:00:00,4.728371120313929
2023-02-07 05:00:00,4.940814349478528
2023-02-07 06:00:00,5.305451606013204
2023-02-07 07:00:00,5.09954687479614
2023-02-07 08:00:00,85.90545604346042
2023-02-07 09:00:00,84.39749434498027
2023-02-07 10:00:00,81.3285167899931
2023-02-07 11:00:00,76.28005988631745
2023-02-07 12:00:00,72.47469086712647
2023-02-07 13:00:00,69.2802387262876
2023-02-07 14:00:00,67.37250481904711
2023-02-07 15:00:00,65.838413428949
2023-02-07 16:00:00,64.59529541642887
2023-02-07 17:00:00,65.43473299570609
2023-02-07 18:00:00,68.75712525898
2023-02-07 19:00:00,71.32731711593155
2023-02-07 20:00:00,6.287382172666904
2023-02-07 21:00:00,6.002782003603608
2023-02-07 22:00:00,5.429979824596901
2023-02-07 23:00:00,5.420880760707553
2023-02-08 00:00:00,5.794637956984116
2023-02-08 01:00:00,6.060416220113127
2023-02-08 02:00:00,6.087552415711128
2023-02-08 03:00:00,6.127698651810898
2023-02-08 04:00:00,6.653854433534028
2023-02-08 05:00:00,6.841577672818155
2023-02-08 06:00:00,6.889353056170095
2023-02-08 07:00:00,6.83686681837269
2023-02-08 08:00:00,82.35336986006533
2023-02-08 09:00:00,80.75934285528116
2023-02-08 10:00:00,77.94585198017202
2023-02-08 11:00:00,73.81952861931806
2023-02-08 12:00:00,69.81785210438309
2023-02-08 13:00:00,66.01851159513299
2023-02-08 14:00:00,65.45398860697307
2023-02-08 15:00:00,63.31913762632062
2023-02-08 16:00:00,63.1891964294037
2023-02-08 17:00:00,62.15509101042702
2023-02-08 18:00:00,63.42329249392189
2023-02-08 19:00:00,65.12537959871267
2023-02-08 20:00:00,7.05760553613332
2023-02-08 21:00:00,7.577968602894941
2023-02-08 22:00:00,7.017120519185364
2023-02-08 23:00:00,7.139084577586027
2023-02-09 00:00:00,6.566142425166394
2023-02-09 01:00:00,6.655624265993558
2023-02-09 02:00:00,6.674463100233082
2023-02-09 03:00:00,7.103277959481859
2023-02-09 04:00:00,6.775509280647482
2023-02-09 05:00:00,7.2712124081993155
2023-02-09 06:00:00,7.260350134464798
2023-02-09 07:00:00,7.465921070555657
2023-02-09 08:00:00,78.99979419641694
2023-02-09 09:00:00,77.60461688755441
2023-02-09 10:00:00,75.00059542042042
2023-02-09 11:00:00,72.48956541625597
2023-02-09 12:00:00,67.78470216689931
2023-02-09 13:00:00,64.1281903562213
2023-02-09 14:00:00,62.06642569692774
2023-02-09 15:00:00,61.70566641973307
2023-02-09 16:00:00,60.23054363828175
2023-02-09 17:00:00,60.26384680140922
2023-02-09 18:00:00,62.2214944390588
2023-02-09 19:00:00,65.52877992867619
2023-02-09 20:00:00,5.522553407719917
2023-02-09 21:00:00,6.293301327196929
2023-02-09 22:00:00,6.278027282492765
2023-02-09 23:00:00,6.235127767952944
2023-02-10 00:00:00,6.7585709393963
2023-02-10 01:00:00,6.376148285078678
2023-02-10 02:00:00,5.879268520822116
2023-02-10 03:00:00,6.27570893039166
2023-02-10 04:00:00,6.090601559048737
2023-02-10 05:00:00,5.618007959491846
2023-02-10 06:00:00,5.900433709023752
2023-02-10 07:00:00,6.047297565697239
2023-02-10 08:00:00,86.08529037102075
2023-02-10 09:00:00,84.5309488386421
2023-02-10 10:00:00,79.40726359671493
2023-02-10 11:00:00,75.61777263439319
2023-02-10 12:00:00,70.26568848080682
2023-02-10 13:00:00,67.17206602560597
2023-02-10 14:00:00,66.96070353827265
2023-02-10 15:00:00,65.182527383256
2023-02-10 16:00:00,65.7272787440031
2023-02-10 17:00:00,65.02227826661174
2023-02-10 18:00:00,67.34378672795032
2023-02-10 19:00:00,69.37279656745066
2023-02-10 20:00:00,6.440948427674327
2023-02-10 21:00:00,5.874688273500312
2023-02-10 22:00:00,5.545518735618521
2023-02-10 23:00:00,5.906265590721932
2023-02-11 00:00:00,5.146300335650157
2023-02-11 01:00:00,5.694305535192589
2023-02-11 02:00:00,4.944532597856619
2023-02-11 03:00:00,5.196739246464606
2023-02-11 04:00:00,5.300685470983374
2023-02-11 05:00:00,5.336029004307032
2023-02-11 06:00:00,5.565407368195084
2023-02-11 07:00:00,6.308246366671425
2023-02-11 08:00:00,6.712598740861183
2023-02-11 09:00:00,7.062639822206223
2023-02-11 10:00:00,6.754319461244778
2023-02-11 11:00:00,7.280784574751245
2023-02-11 12:00:00,7.076389117698395
2023-02-11 13:00:00,7.4326910378323126
2023-02-11 14:00:00,7.433140713648481
2023-02-11 15:00:00,7.31603740293792
2023-02-11 16:00:00,7.24388319797016
2023-02-11 17:00:00,6.296486978546697
2023-02-11 18:00:00,6.485605378695026
2023-02-11 19:00:00,6.700700225379101
2023-02-11 20:00:00,6.518087848262247
2023-02-11 21:00:00,6.1300365526747145
2023-02-11 22:00:00,6.288331908858
2023-02-11 23:00:00,5.71214328937517
2023-02-12 00:00:00,6.232497550286554
2023-02-12 01:00:00,5.8811039673619225
2023-02-12 02:00:00,5.945844606945682
2023-02-12 03:00:00,6.300260233863337
2023-02-12 04:00:00,5.905548282130239
2023-02-12 05:00:00,5.662376960521688
2023-02-12 06:00:00,5.376499719079723
2023-02-12 07:00:00,5.315655425961561
2023-02-12 08:00:00,5.2755615224532155
2023-02-12 09:00:00,5.6213242774861545
2023-02-12 10:00:00,5.3415947129194326
2023-02-12 11:00:00,5.602273927203617
2023-02-12 12:00:00,6.037618419482468
2023-02-12 13:00:00,6.162243561156874
2023-02-12 14:00:00,6.36010612423958
2023-02-12 15:00:00,6.360312652171874
2023-02-12 16:00:00,6.15650717660978
2023-02-12 17:00:00,5.780342836520768
2023-02-12 18:00:00,5.205948188730375
2023-02-12 19:00:00,5.206042011109162
2023-02-12 20:00:00,5.304914617597512
2023-02-12 21:00:00,5.473288386358852
2023-02-12 22:00:00,5.694583336140994
2023-02-12 23:00:00,5.713701251384588
2023-02-13 00:00:00,5.642339086896352
2023-02-13 01:00:00,5.743090099603426
2023-02-13 02:00:00,5.854350598809933
2023-02-13 03:00:00,5.862813893765885
2023-02-13 04:00:00,6.278047170349066
2023-02-13 05:00:00,6.104454256085599
2023-02-13 06:00:00,6.474564389888181
2023-02-13 07:00:00,6.447539618445918
2023-02-13 08:00:00,86.34118622416081
2023-02-13 09:00:00,83.53274470387308
2023-02-13 10:00:00,77.35858753045592
2023-02-13 11:00:00,73.34480857455549
2023-02-13 12:00:00,70.30018416375921
2023-02-13 13:00:00,65.44989375331848
2023-02-13 14:00:00,63.08295602140717
2023-02-13 15:00:00,59.346893008091186
2023-02-13 16:00:00,57.276683785524945
2023-02-13 17:00:00,56.30028502976065
2023-02-13 18:00:00,57.0622537964886
2023-02-13 19:00:00,62.230194423856645
2023-02-13 20:00:00,5.7883512140168545
2023-02-13 21:00:00,6.603712884705687
2023-02-13 22:00:00,6.200347761347864
2023-02-13 23:00:00,6.475924526087731
2023-02-14 00:00:00,6.444853179624504
2023-02-14 01:00:00,6.385418408371176
2023-02-14 02:00:00,6.324796275402265
2023-02-14 03:00:00,6.293075302367117
2023-02-14 04:00:00,6.345522040381028
2023-02-14 05:00:00,6.6046173124824605
2023-02-14 06:00:00,6.5762034393551865
2023-02-14 07:00:00,7.0455504971513125
2023-02-14 08:00:00,79.00231562961626
2023-02-14 09:00:00,77.04196321136399
2023-02-14 10:00:00,75.50565075552824
2023-02-14 11:00:00,73.9475991715239
2023-02-14 12:00:00,69.19012575840988
2023-02-14 13:00:00,66.49324018569956
2023-02-14 14:00:00,64.92166617883603
2023-02-14 15:00:00,61.83397910040118
2023-02-14 16:00:00,62.316013248994004
2023-02-14 17:00:00,61.03322943274458
2023-02-14 18:00:00,63.11314491495343
2023-02-14 19:00:00,64.56591532415031
2023-02-14 20:00:00,6.21319956452283
2023-02-14 21:00:00,6.861398018266412
2023-02-14 22:00:00,6.624422140456225
2023-02-14 23:00:00,6.931837851921205
2023-02-15 00:00:00,6.737093106310873
2023-02-15 01:00:00,6.584814788053749
2023-02-15 02:00:00,6.3981370415084005
2023-02-15 03:00:00,6.700702081746128
2023-02-15 04:00:00,6.522305098022747
2023-02-15 05:00:00,6.642932430901305
2023-02-15 06:00:00,6.420274569105728
2023-02-15 07:00:00,5.902906546559359
2023-02-15 08:00:00,77.41238924397193
2023-02-15 09:00:00,76.32300138758482
2023-02-15 10:00:00,72.68265385410734
2023-02-15 11:00:00,66.91366542694736
2023-02-15 12:00:00,64.92407743980479
2023-02-15 13:00:00,60.511407335060376
2023-02-15 14:00:00,58.801792538247284
2023-02-15 15:00:00,55.4509955156572
2023-02-15 16:00:00,56.013153351379145
2023-02-15 17:00:00,54.969584756314276
2023-02-15 18:00:00,56.22003965801473
2023-02-15 19:00:00,59.73294208540998
2023-02-15 20:00:00,7.612349582554043
2023-02-15 21:00:00,7.237363460202717
2023-02-15 22:00:00,7.46355888750057
2023-02-15 23:00:00,7.450509281023125
2023-02-16 00:00:00,7.005383185368455
2023-02-16 01:00:00,6.977013757490807
2023-02-16 02:00:00,6.215669903433712
2023-02-16 03:00:00,6.46756499405464
2023-02-16 04:00:00,6.677270354287679
2023-02-16 05:00:00,6.652538832896419
2023-02-16 06:00:00,7.097976616696673
2023-02-16 07:00:00,7.17776438287972
2023-02-16 08:00:00,84.86150232566686
2023-02-16 09:00:00,80.69235061036336
2023-02-16 10:00:00,74.94085091183533
2023-02-16 11:00:00,69.25546104511785
2023-02-16 12:00:00,63.37157332385895
2023-02-16 13:00:00,58.52999832499578
2023-02-16 14:00:00,53.69609129563069
2023-02-16 15:00:00,51.38762532403997
2023-02-16 16:00:00,49.889580242987066
2023-02-16 17:00:00,49.00613339968663
2023-02-16 18:00:00,50.597448019736255
2023-02-16 19:00:00,52.000078651265945
2023-02-16 20:00:00,6.405641045010983
2023-02-16 21:00:00,5.935662527126281
2023-02-16 22:00:00,6.443233979791576
2023-02-16 23:00:00,6.6039777186858295
2023-02-17 00:00:00,6.0801871235362555
2023-02-17 01:00:00,5.5420216110969625
2023-02-17 02:00:00,5.455098319253987
2023-02-17 03:00:00,5.498139996067084
2023-02-17 04:00:00,5.286211151403449
2023-02-17 05:00:00,5.867863571220052
2023-02-17 06:00:00,6.015201949798052
2023-02-17 07:00:00,6.6644111356165245
2023-02-17 08:00:00,82.49670038316319
2023-02-17 09:00:00,78.58936234886175
2023-02-17 10:00:00,73.2635986881904
2023-02-17 11:00:00,66.71033700443205
2023-02-17 12:00:00,61.45787826473192
2023-02-17 13:00:00,55.62482226370621
2023-02-17 14:00:00,51.903028201119135
2023-02-17 15:00:00,48.06573935060162
2023-02-17 16:00:00,44.87641783977553
2023-02-17 17:00:00,45.77994272902494
2023-02-17 18:00:00,48.41110169037488
2023-02-17 19:00:00,52.02602602520692
2023-02-17 20:00:00,6.187281762850299
2023-02-17 21:00:00,6.492468549249748
2023-02-17 22:00:00,6.397329167019259
2023-02-17 23:00:00,6.483072684210141
2023-02-18 00:00:00,6.082453579074487
2023-02-18 01:00:00,5.882262459896424
2023-02-18 02:00:00,6.011301549270302
2023-02-18 03:00:00,5.796501247782931
2023-02-18 04:00:00,5.693480984581538
2023-02-18 05:00:00,6.372863776273213
2023-02-18 06:00:00,5.656107512583982
2023-02-18 07:00:00,5.746594028297858
2023-02-18 08:00:00,5.592846158255913
2023-02-18 09:00:00,5.680468658776518
2023-02-18 10:00:00,5.335835136821777
2023-02-18 11:00:00,5.3305832583219575
2023-02-18 12:00:00,5.286865195576214
2023-02-18 13:00:00,5.203743986743639
2023-02-18 14:00:00,5.7844548004666105
2023-02-18 15:00:00,6.512533595783333
2023-02-18 16:00:00,6.174403731888209
2023-02-18 17:00:00,6.046292898815744
2023-02-18 18:00:00,5.441834823777082
2023-02-18 19:00:00,5.2384686175599295
2023-02-18 20:00:00,5.056121825036683
2023-02-18 21:00:00,4.892391439328354
2023-02-18 22:00:00,4.837636427304045
2023-02-18 23:00:00,4.436378746864094
2023-02-19 00:00:00,4.269112063593891
2023-02-19 01:00:00,4.51891773838905
2023-02-19 02:00:00,4.560286816748273
2023-02-19 03:00:00,4.580826673804858
2023-02-19 04:00:00,4.665739888917646
2023-02-19 05:00:00,4.833603929850323
2023-02-19 06:00:00,4.705325523402736
2023-02-19 07:00:00,5.084918680313979
2023-02-19 08:00:00,5.437444706377729
2023-02-19 09:00:00,5.190403287334067
2023-02-19 10:00:00,4.982266260185332
2023-02-19 11:00:00,5.498587099705294
2023-02-19 12:00:00,6.010999691198358
2023-02-19 13:00:00,5.813713366859046
2023-02-19 14:00:00,6.293656887921208
2023-02-19 15:00:00,6.711327272703151
2023-02-19 16:00:00,6.543227425074124
2023-02-19 17:00:00,6.683380316003314
2023-02-19 18:00:00,6.4801127761318345
2023-02-19 19:00:00,7.470073459878983
2023-02-19 20:00:00,6.774325742573058
2023-02-19 21:00:00,6.635039675806309
2023-02-19 22:00:00,6.376292040636645
2023-02-19 23:00:00,5.802346284696143
2023-02-20 00:00:00,6.1287732528883705
2023-02-20 01:00:00,5.917465868650069
2023-02-20 02:00:00,6.153734118677214
2023-02-20 03:00:00,6.199385813541043
2023-02-20 04:00:00,5.8999200147847475
2023-02-20 05:00:00,5.785979833449748
2023-02-20 06:00:00,5.8347595843408895
2023-02-20 07:00:00,5.638862125212505
2023-02-20 08:00:00,64.62158785440596
2023-02-20 09:00:00,62.39655685206233
2023-02-20 10:00:00,56.99773615411672
2023-02-20 11:00:00,50.35602768203336
2023-02-20 12:00:00,44.65617681154191
2023-02-20 13:00:00,40.14444512930758
2023-02-20 14:00:00,37.78797641980178
2023-02-20 15:00:00,35.32879011843886
2023-02-20 16:00:00,35.1858748521847
2023-02-20 17:00:00,35.033545817169596
2023-02-20 18:00:00,36.98167973053923
2023-02-20 19:00:00,41.310707158551025
2023-02-20 20:00:00,4.941748857293345
2023-02-20 21:00:00,5.662987870445911
2023-02-20 22:00:00,5.4220975917112275
2023-02-20 23:00:00,5.743638348087361
2023-02-21 00:00:00,5.63533100174668
2023-02-21 01:00:00,5.776470569610003
2023-02-21 02:00:00,5.964531542327965
2023-02-21 03:00:00,5.775671704032775
2023-02-21 04:00:00,6.04702627905665
2023-02-21 05:00:00,6.361019796920919
2023-02-21 06:00:00,6.160474594370939
2023-02-21 07:00:00,5.647249006613586
2023-02-21 08:00:00,64.68052679137459
2023-02-21 09:00:00,62.95819087605504
2023-02-21 10:00:00,59.59950757022811
2023-02-21 11:00:00,57.281775336188886
2023-02-21 12:00:00,51.742282292123754
2023-02-21 13:00:00,48.26557736908911
2023-02-21 14:00:00,45.79430492674421
2023-02-21 15:00:00,43.524721431227995
2023-02-21 16:00:00,42.223484076082315
2023-02-21 17:00:00,41.88200321552155
2023-02-21 18:00:00,42.9918995057262
2023-02-21 19:00:00,45.88340309185183
2023-02-21 20:00:00,7.19627553618049
2023-02-21 21:00:00,6.928021348409413
2023-02-21 22:00:00,6.876600776976509
2023-02-21 23:00:00,5.839695203502008
2023-02-22 00:00:00,5.720232223474416
2023-02-22 01:00:00,5.667365223313478
2023-02-22 02:00:00,5.956150209902737
2023-02-22 03:00:00,6.207491547640949
2023-02-22 04:00:00,6.114985692432127
2023-02-22 05:00:00,6.305634044345049
2023-02-22 06:00:00,5.965598777777705
2023-02-22 07:00:00,5.932234375957321
2023-02-22 08:00:00,73.91586238223299
2023-02-22 09:00:00,72.58724432719423
2023-02-22 10:00:00,65.10495670849893
2023-02-22 11:00:00,58.41277989360991
2023-02-22 12:00:00,53.491179187388845
2023-02-22 13:00:00,49.777183547837566
2023-02-22 14:00:00,47.99522525619296
2023-02-22 15:00:00,45.59510478594829
2023-02-22 16:00:00,44.66618046181259
2023-02-22 17:00:00,44.755763727515884
2023-02-22 18:00:00,46.71557076005556
2023-02-22 19:00:00,49.62658290497505
2023-02-22 20:00:00,6.655882502357199
2023-02-22 21:00:00,6.848906212631915
2023-02-22 22:00:00,7.0598518842325
2023-02-22 23:00:00,7.300006468045664
2023-02-23 00:00:00,7.026130477725168
2023-02-23 01:00:00,7.220953821249575
2023-02-23 02:00:00,6.536671345257247
2023-02-23 03:00:00,6.360520089434648
2023-02-23 04:00:00,6.276893110114725
2023-02-23 05:00:00,6.75942468836996
2023-02-23 06:00:00,6.817809155690591
2023-02-23 07:00:00,6.943576603644429
2023-02-23 08:00:00,73.58839781099934
2023-02-23 09:00:00,69.39233927606281
2023-02-23 10:00:00,67.27282619142106
2023-02-23 11:00:00,67.98925140826637
2023-02-23 12:00:00,66.02984771330344
2023-02-23 13:00:00,64.19610220805956
2023-02-23 14:00:00,66.13815931291768
2023-02-23 15:00:00,65.70273590320188
2023-02-23 16:00:00,66.24511874195642
2023-02-23 17:00:00,68.41748000406699
2023-02-23 18:00:00,72.33257479799605
2023-02-23 19:00:00,74.97609721141808
2023-02-23 20:00:00,6.371866326218934
2023-02-23 21:00:00,5.896638899271729
2023-02-23 22:00:00,6.056567666695923
2023-02-23 23:00:00,6.066939716172977
2023-02-24 00:00:00,5.487259641797884
2023-02-24 01:00:00,5.263527994050106
2023-02-24 02:00:00,5.082520838788107
2023-02-24 03:00:00,5.114705957252635
2023-02-24 04:00:00,5.256504186961155
2023-02-24 05:00:00,4.7122172918977885
2023-02-24 06:00:00,4.865576158807539
2023-02-24 07:00:00,5.6454091288876
2023-02-24 08:00:00,91.7965767253696
2023-02-24 09:00:00,87.9254795117677
2023-02-24 10:00:00,85.62885399394372
2023-02-24 11:00:00,79.46763665881254
2023-02-24 12:00:00,73.05418469993259
2023-02-24 13:00:00,68.27031932452074
2023-02-24 14:00:00,66.16376834278533
2023-02-24 15:00:00,64.61540303548048
2023-02-24 16:00:00,63.81777506922607
2023-02-24 17:00:00,61.763884524925466
2023-02-24 18:00:00,64.48314726473386
2023-02-24 19:00:00,67.31228549293455
2023-02-24 20:00:00,6.359472786421595
2023-02-24 21:00:00,6.3495839107495975
2023-02-24 22:00:00,5.729262171125897
2023-02-24 23:00:00,5.958333396785743
2023-02-25 00:00:00,4.969542085511703
2023-02-25 01:00:00,5.0243678070849365
2023-02-25 02:00:00,5.352566651522633
2023-02-25 03:00:00,4.767958065664612
2023-02-25 04:00:00,4.837239772592468
2023-02-25 05:00:00,5.026825470390317
2023-02-25 06:00:00,5.686320218712874
2023-02-25 07:00:00,5.19008234435809
2023-02-25 08:00:00,5.069247877711082
2023-02-25 09:00:00,5.539877151619105
2023-02-25 10:00:00,5.1463625532047494
2023-02-25 11:00:00,5.208583610391017
2023-02-25 12:00:00,5.6375990920719525
2023-02-25 13:00:00,5.702490906027799
2023-02-25 14:00:00,6.061992706643276
2023-02-25 15:00:00,6.44395651394554
2023-02-25 16:00:00,6.654084476554289
2023-02-25 17:00:00,6.51723031489553
2023-02-25 18:00:00,7.58365526332597
2023-02-25 19:00:00,6.789573952069161
2023-02-25 20:00:00,6.348677488626317
2023-02-25 21:00:00,6.27523568765714
2023-02-25 22:00:00,6.347544197755338
2023-02-25 23:00:00,5.838814801973597
2023-02-26 00:00:00,5.77130414544196
2023-02-26 01:00:00,5.961472101915579
2023-02-26 02:00:00,6.266235704284925
2023-02-26 03:00:00,5.795657121628106
2023-02-26 04:00:00,6.161622095331478
2023-02-26 05:00:00,6.279255700661943
2023-02-26 06:00:00,6.496660908942032
2023-02-26 07:00:00,6.1812902525449624
2023-02-26 08:00:00,6.04634796936095
2023-02-26 09:00:00,6.135126645901387
2023-02-26 10:00:00,6.6639046997178575
2023-02-26 11:00:00,6.817087851820294
2023-02-26 12:00:00,6.943309131870446
2023-02-26 13:00:00,6.602345729884027
2023-02-26 14:00:00,6.885077312507011
2023-02-26 15:00:00,6.508188916377637
2023-02-26 16:00:00,6.143936456878117
2023-02-26 17:00:00,6.4010399005079055
2023-02-26 18:00:00,5.792303344511299
2023-02-26 19:00:00,6.170360282301617
2023-02-26 20:00:00,5.6014015499163134
2023-02-26 21:00:00,5.642063269878455
2023-02-26 22:00:00,5.371581340123764
2023-02-26 23:00:00,5.83603900535101
2023-02-27 00:00:00,6.654753348722001
2023-02-27 01:00:00,6.835192651648942
2023-02-27 02:00:00,6.253815022237523
2023-02-27 03:00:00,6.365386821618038
2023-02-27 04:00:00,6.601769006570882
2023-02-27 05:00:00,5.930251149741285
2023-02-27 06:00:00,5.903519130102457
2023-02-27 07:00:00,6.435297582934682
2023-02-27 08:00:00,89.7002435901965
2023-02-27 09:00:00,87.84396453340499
2023-02-27 10:00:00,85.31474043788182
2023-02-27 11:00:00,82.12809990132583
2023-02-27 12:00:00,80.331753593703
2023-02-27 13:00:00,76.28477418288118
2023-02-27 14:00:00,74.73019333382523
2023-02-27 15:00:00,75.45049528603172
2023-02-27 16:00:00,73.9910244120963
2023-02-27 17:00:00,76.21132684644328
2023-02-27 18:00:00,76.87542926704317
2023-02-27 19:00:00,80.56366384481433
2023-02-27 20:00:00,6.212158453442929
2023-02-27 21:00:00,5.941400263669872
2023-02-27 22:00:00,5.54585191296525
2023-02-27 23:00:00,6.146023317820194
2023-02-28 00:00:00,5.920260762905081
2023-02-28 01:00:00,6.0216527298527
2023-02-28 02:00:00,5.468057317450831
2023-02-28 03:00:00,6.1265788415921385
2023-02-28 04:00:00,6.357044321526535
2023-02-28 05:00:00,6.2154286979558
2023-02-28 06:00:00,6.376920688925147
2023-02-28 07:00:00,6.25290446173693
2023-02-28 08:00:00,96.68348640325357
2023-02-28 09:00:00,95.0612222610408
2023-02-28 10:00:00,88.92785056463366
2023-02-28 11:00:00,82.11536995712571
2023-02-28 12:00:00,75.86918964693749
2023-02-28 13:00:00,71.56252654661618
2023-02-28 14:00:00,69.57953085462205
2023-02-28 15:00:00,66.16745057077546
2023-02-28 16:00:00,64.51753212059128
2023-02-28 17:00:00,66.00721832992951
2023-02-28 18:00:00,69.99180054228843
2023-02-28 19:00:00,73.43996752077608
2023-02-28 20:00:00,6.548200394792479
2023-02-28 21:00:00,6.689457078796816
2023-02-28 22:00:00,7.162265430268858
2023-02-28 23:00:00,6.308496638147943
2023-08-01 00:00:00,5.537297040437379
2023-08-01 01:00:00,6.238066457196069
2023-08-01 02:00:00,6.012019607341432
2023-08-01 03:00:00,6.3655338602754235
2023-08-01 04:00:00,6.029343901447645
2023-08-01 05:00:00,6.0035650784014445
2023-08-01 06:00:00,6.3218002977126
2023-08-01 07:00:00,6.304530854946757
2023-08-01 08:00:00,32.0986496469266
2023-08-01 09:00:00,38.3715274704161
2023-08-01 10:00:00,45.74926645774856
2023-08-01 11:00:00,50.68299650296953
2023-08-01 12:00:00,55.47228099728401
2023-08-01 13:00:00,61.21806808872324
2023-08-01 14:00:00,67.25707784345555
2023-08-01 15:00:00,70.8168853063423
2023-08-01 16:00:00,72.81756087516949
2023-08-01 17:00:00,72.72112749935866
2023-08-01 18:00:00,72.95888368041996
2023-08-01 19:00:00,70.32751341445093
2023-08-01 20:00:00,6.619339647398696
2023-08-01 21:00:00,6.550266814514154
2023-08-01 22:00:00,6.366067477079476
2023-08-01 23:00:00,6.294171807221514
2023-08-02 00:00:00,6.085934997732275
2023-08-02 01:00:00,6.414163974133692
2023-08-02 02:00:00,6.711475826041389
2023-08-02 03:00:00,6.700067832867344
2023-08-02 04:00:00,7.15627436038456
2023-08-02 05:00:00,6.909672991297273
2023-08-02 06:00:00,6.803289155225764
2023-08-02 07:00:00,7.130259363132816
2023-08-02 08:00:00,34.94952038197522
2023-08-02 09:00:00,42.45082346176148
2023-08-02 10:00:00,47.827825228798325
2023-08-02 11:00:00,52.38529004801309
2023-08-02 12:00:00,59.58129180308487
2023-08-02 13:00:00,62.830632199935344
2023-08-02 14:00:00,67.76873291763445
2023-08-02 15:00:00,70.22102659994827
2023-08-02 16:00:00,71.55979194135104
2023-08-02 17:00:00,69.0572449800196
2023-08-02 18:00:00,67.4507051759655
2023-08-02 19:00:00,63.73588135293384
2023-08-02 20:00:00,6.779010197264368
2023-08-02 21:00:00,6.108201738702955
2023-08-02 22:00:00,6.178913138017694
2023-08-02 23:00:00,5.655611272956911
2023-08-03 00:00:00,5.904090995352016
2023-08-03 01:00:00,5.978595922334455
2023-08-03 02:00:00,5.720519596469688
2023-08-03 03:00:00,6.036317937635394
2023-08-03 04:00:00,6.1840327102883625
2023-08-03 05:00:00,5.527412345270411
2023-08-03 06:00:00,5.4881585234926415
2023-08-03 07:00:00,5.573479168115761
2023-08-03 08:00:00,29.54982270352245
2023-08-03 09:00:00,30.34827093575464
2023-08-03 10:00:00,35.09959888660471
2023-08-03 11:00:00,41.388422501072704
2023-08-03 12:00:00,45.26684136849898
2023-08-03 13:00:00,48.25766971740064
2023-08-03 14:00:00,54.90964094730335
2023-08-03 15:00:00,58.10015094900521
2023-08-03 16:00:00,59.669919366078815
2023-08-03 17:00:00,60.128440213657996
2023-08-03 18:00:00,57.61789829225054
2023-08-03 19:00:00,53.35919273314736
2023-08-03 20:00:00,6.1718532054239414
2023-08-03 21:00:00,6.576553307903598
2023-08-03 22:00:00,6.205396582049522
2023-08-03 23:00:00,5.402799003412512
2023-08-04 00:00:00,5.341236235098665
2023-08-04 01:00:00,5.3268151468636535
2023-08-04 02:00:00,5.653230307751762
2023-08-04 03:00:00,5.908468709623452
2023-08-04 04:00:00,5.533222382045063
2023-08-04 05:00:00,5.559018933783271
2023-08-04 06:00:00,5.201302964421686
2023-08-04 07:00:00,4.988632144629333
2023-08-04 08:00:00,27.694577917482647
2023-08-04 09:00:00,28.107185089981925
2023-08-04 10:00:00,28.721595311167956
2023-08-04 11:00:00,29.5173715840753
2023-08-04 12:00:00,30.36367242780476
2023-08-04 13:00:00,32.94321413645603
2023-08-04 14:00:00,40.43124645443211
2023-08-04 15:00:00,43.11973741559981
2023-08-04 16:00:00,46.6007173580174
2023-08-04 17:00:00,47.80329328777641
2023-08-04 18:00:00,46.96361928372639
2023-08-04 19:00:00,42.83213625529073
2023-08-04 20:00:00,6.467109344901393
2023-08-04 21:00:00,6.400730252187846
2023-08-04 22:00:00,6.001815952025208
2023-08-04 23:00:00,6.67393958365793
2023-08-05 00:00:00,5.742631567758705
2023-08-05 01:00:00,5.9002017686770545
2023-08-05 02:00:00,5.966637777958811
2023-08-05 03:00:00,5.762857877279283
2023-08-05 04:00:00,6.021659638921642
2023-08-05 05:00:00,5.7427116860937995
2023-08-05 06:00:00,6.0298650866305366
2023-08-05 07:00:00,6.363545147879543
2023-08-05 08:00:00,6.28898101077553
2023-08-05 09:00:00,6.330045379556152
2023-08-05 10:00:00,6.938071737509189
2023-08-05 11:00:00,7.085436559267691
2023-08-05 12:00:00,7.039293594286411
2023-08-05 13:00:00,6.61020257312371
2023-08-05 14:00:00,6.488130845145468
2023-08-05 15:00:00,6.436781356771092
2023-08-05 16:00:00,6.58948278832584
2023-08-05 17:00:00,6.340125710349472
2023-08-05 18:00:00,6.212469366375492
2023-08-05 19:00:00,5.662398307280492
2023-08-05 20:00:00,5.1527977792667325
2023-08-05 21:00:00,4.962038337718604
2023-08-05 22:00:00,4.467314651727866
2023-08-05 23:00:00,4.312182539312446
2023-08-06 00:00:00,4.252596912119392
2023-08-06 01:00:00,3.7190989051894556
2023-08-06 02:00:00,4.174288012293917
2023-08-06 03:00:00,4.882041401302729
2023-08-06 04:00:00,4.6867953563383375
2023-08-06 05:00:00,4.621545819638554
2023-08-06 06:00:00,5.048909815229216
2023-08-06 07:00:00,4.685186986508308
2023-08-06 08:00:00,5.01018393463789
2023-08-06 09:00:00,5.655358426511377
2023-08-06 10:00:00,5.817065814713211
2023-08-06 11:00:00,5.82914167022227
2023-08-06 12:00:00,6.336617884662237
2023-08-06 13:00:00,6.121008871449724
2023-08-06 14:00:00,6.355727652750892
2023-08-06 15:00:00,6.186879229237146
2023-08-06 16:00:00,6.956179756039289
2023-08-06 17:00:00,6.410724575700078
2023-08-06 18:00:00,6.450150345524063
2023-08-06 19:00:00,6.127022544342105
2023-08-06 20:00:00,6.0875783357435465
2023-08-06 21:00:00,5.959393511555108
2023-08-06 22:00:00,6.22006096625394
2023-08-06 23:00:00,5.796297441219597
2023-08-07 00:00:00,5.847275040452934
2023-08-07 01:00:00,6.239763333470216
2023-08-07 02:00:00,6.255165459008097
2023-08-07 03:00:00,6.195185880916095
2023-08-07 04:00:00,5.963826562614833
2023-08-07 05:00:00,6.129241924098879
2023-08-07 06:00:00,5.972700108686638
2023-08-07 07:00:00,6.075418844514983
2023-08-07 08:00:00,26.90252860764169
2023-08-07 09:00:00,26.682355719901942
2023-08-07 10:00:00,31.52043000316515
2023-08-07 11:00:00,42.23906055812228
2023-08-07 12:00:00,47.37773292872377
2023-08-07 13:00:00,53.904197105288446
2023-08-07 14:00:00,62.66329344558113
2023-08-07 15:00:00,69.01398756192583
2023-08-07 16:00:00,72.47471009104774
2023-08-07 17:00:00,73.63086173563988
2023-08-07 18:00:00,74.4016808312743
2023-08-07 19:00:00,72.66637763012447
2023-08-07 20:00:00,7.6870038680448625
2023-08-07 21:00:00,8.008056451316909
2023-08-07 22:00:00,7.92480601448233
2023-08-07 23:00:00,7.467636382943271
2023-08-08 00:00:00,7.385887071605034
2023-08-08 01:00:00,6.773703796923633
2023-08-08 02:00:00,6.2561314305229985
2023-08-08 03:00:00,6.3679309270238775
2023-08-08 04:00:00,6.557521757781712
2023-08-08 05:00:00,6.82005674742101
2023-08-08 06:00:00,6.936798564224726
2023-08-08 07:00:00,7.038182646577791
2023-08-08 08:00:00,34.44885182580805
2023-08-08 09:00:00,37.74538715163505
2023-08-08 10:00:00,42.75692568457975
2023-08-08 11:00:00,49.87022790285353
2023-08-08 12:00:00,56.27234430661004
2023-08-08 13:00:00,62.287270017783136
2023-08-08 14:00:00,71.15597432743805
2023-08-08 15:00:00,76.98294785487965
2023-08-08 16:00:00,80.52970351160837
2023-08-08 17:00:00,82.37656762828404
2023-08-08 18:00:00,82.67085473400617
2023-08-08 19:00:00,79.52670273554028
2023-08-08 20:00:00,5.728230678913248
2023-08-08 21:00:00,5.850348252291277
2023-08-08 22:00:00,5.582610957289169
2023-08-08 23:00:00,5.981020014380617
2023-08-09 00:00:00,5.569322577471036
2023-08-09 01:00:00,5.519673686375465
2023-08-09 02:00:00,5.57796568521802
2023-08-09 03:00:00,5.674481392133388
2023-08-09 04:00:00,5.85148475015388
2023-08-09 05:00:00,6.154443110728323
2023-08-09 06:00:00,5.912024712724682
2023-08-09 07:00:00,5.774844365930293
2023-08-09 08:00:00,38.83576260073555
2023-08-09 09:00:00,44.89049154505031
2023-08-09 10:00:00,52.15743913393024
2023-08-09 11:00:00,58.94238242557755
2023-08-09 12:00:00,64.96186253331794
2023-08-09 13:00:00,73.89200428362139
2023-08-09 14:00:00,79.65633424680655
2023-08-09 15:00:00,82.82932459226029
2023-08-09 16:00:00,84.81452992687143
2023-08-09 17:00:00,85.28560434008219
2023-08-09 18:00:00,82.5699178039741
2023-08-09 19:00:00,79.23417975501087
2023-08-09 20:00:00,6.91122650515817
2023-08-09 21:00:00,6.554406377914297
2023-08-09 22:00:00,6.8675652448715345
2023-08-09 23:00:00,6.706135916714232
2023-08-10 00:00:00,7.086440755043885
2023-08-10 01:00:00,7.569487813109505
2023-08-10 02:00:00,7.319664921711805
2023-08-10 03:00:00,7.026456614808172
2023-08-10 04:00:00,7.096780012190921
2023-08-10 05:00:00,7.124075291318961
2023-08-10 06:00:00,7.4785364044075875
2023-08-10 07:00:00,6.954738542116014
2023-08-10 08:00:00,37.88294507497557
2023-08-10 09:00:00,44.19950131688546
2023-08-10 10:00:00,50.383554903478334
2023-08-10 11:00:00,56.32076304483411
2023-08-10 12:00:00,64.68027201959785
2023-08-10 13:00:00,69.52351746455439
2023-08-10 14:00:00,73.66718101185153
2023-08-10 15:00:00,76.43362862755077
2023-08-10 16:00:00,79.31288453621796
2023-08-10 17:00:00,79.31590650761632
2023-08-10 18:00:00,77.76392669893373
2023-08-10 19:00:00,74.04924553753138
2023-08-10 20:00:00,6.221360746971541
2023-08-10 21:00:00,6.495637207055728
2023-08-10 22:00:00,6.9451557054957815
2023-08-10 23:00:00,6.503774384953411
2023-08-11 00:00:00,6.770014677584095
2023-08-11 01:00:00,6.917063818452064
2023-08-11 02:00:00,6.874136878495746
2023-08-11 03:00:00,6.3816386864992385
2023-08-11 04:00:00,6.685640602277851
2023-08-11 05:00:00,7.167517988402738
2023-08-11 06:00:00,7.489838469709562
2023-08-11 07:00:00,6.87067852498568
2023-08-11 08:00:00,34.54663229314456
2023-08-11 09:00:00,43.27427181456431
2023-08-11 10:00:00,49.12809512047067
2023-08-11 11:00:00,55.873286398543044
2023-08-11 12:00:00,61.664757313412785
2023-08-11 13:00:00,67.33508943191272
2023-08-11 14:00:00,75.22697628018881
2023-08-11 15:00:00,78.17864748274428
2023-08-11 16:00:00,79.0799022436333
2023-08-11 17:00:00,79.33446998001084
2023-08-11 18:00:00,78.33688258042741
2023-08-11 19:00:00,76.1443051364769
2023-08-11 20:00:00,6.660839330066487
2023-08-11 21:00:00,6.4906221167975975
2023-08-11 22:00:00,6.523652811367441
2023-08-11 23:00:00,6.373455170917415
2023-08-12 00:00:00,6.124282355467419
2023-08-12 01:00:00,5.578137812986506
2023-08-12 02:00:00,5.643248728570746
2023-08-12 03:00:00,5.9130600043860735
2023-08-12 04:00:00,5.292269637570115
2023-08-12 05:00:00,5.427506179506354
2023-08-12 06:00:00,5.347346443878996
2023-08-12 07:00:00,5.5842729925209005
2023-08-12 08:00:00,5.331531294172356
2023-08-12 09:00:00,5.790495649104839
2023-08-12 10:00:00,6.358569060726211
2023-08-12 11:00:00,6.262131687134679
2023-08-12 12:00:00,6.485572214177657
2023-08-12 13:00:00,6.884876898292422
2023-08-12 14:00:00,6.649899367810835
2023-08-12 15:00:00,7.2269751720751065
2023-08-12 16:00:00,7.108934340450768
2023-08-12 17:00:00,7.249251103466948
2023-08-12 18:00:00,7.2268414715324365
2023-08-12 19:00:00,7.147078069954552
2023-08-12 20:00:00,6.854688308636101
2023-08-12 21:00:00,6.8029701293739135
2023-08-12 22:00:00,6.466376137459543
2023-08-12 23:00:00,6.490701989609839
2023-08-13 00:00:00,6.1946224350308405
2023-08-13 01:00:00,6.248169593612578
2023-08-13 02:00:00,5.906885987829333
2023-08-13 03:00:00,6.112600776756876
2023-08-13 04:00:00,6.60296728526387
2023-08-13 05:00:00,6.348604789816614
2023-08-13 06:00:00,5.763350078995998
2023-08-13 07:00:00,6.262626995640822
2023-08-13 08:00:00,6.741549164693286
2023-08-13 09:00:00,6.979534871202003
2023-08-13 10:00:00,6.7353435056838435
2023-08-13 11:00:00,6.395530579787638
2023-08-13 12:00:00,6.024833143914722
2023-08-13 13:00:00,6.255940429353122
2023-08-13 14:00:00,6.847740868407643
2023-08-13 15:00:00,5.901840154170053
2023-08-13 16:00:00,5.804453860247106
2023-08-13 17:00:00,5.4034080766736405
2023-08-13 18:00:00,5.693515583385333
2023-08-13 19:00:00,6.1193195002331064
2023-08-13 20:00:00,5.816682003664617
2023-08-13 21:00:00,6.028600868544925
2023-08-13 22:00:00,5.608541764606759
2023-08-13 23:00:00,5.721828816926373
2023-08-14 00:00:00,6.034645234102716
2023-08-14 01:00:00,6.347473880587744
2023-08-14 02:00:00,5.915289306119428
2023-08-14 03:00:00,5.91821831816
2023-08-14 04:00:00,5.967005814244952
2023-08-14 05:00:00,6.294995039970388
2023-08-14 06:00:00,6.1480346894714675
2023-08-14 07:00:00,6.083104277128888
2023-08-14 08:00:00,33.21384771112906
2023-08-14 09:00:00,37.53877737098242
2023-08-14 10:00:00,45.52409866043061
2023-08-14 11:00:00,51.17753114797084
2023-08-14 12:00:00,56.151493336252635
2023-08-14 13:00:00,61.889095147305355
2023-08-14 14:00:00,64.60744592840348
2023-08-14 15:00:00,67.10203447523986
2023-08-14 16:00:00,68.3144944752052
2023-08-14 17:00:00,68.9547669515124
2023-08-14 18:00:00,68.45459412284374
2023-08-14 19:00:00,64.24268981261291
2023-08-14 20:00:00,6.522814167581826
2023-08-14 21:00:00,6.098837787533256
2023-08-14 22:00:00,6.1623503675528015
2023-08-14 23:00:00,6.088164965520616
2023-08-15 00:00:00,6.058884252568942
2023-08-15 01:00:00,6.191484146945249
2023-08-15 02:00:00,5.89611975789569
2023-08-15 03:00:00,5.7412080499421565
2023-08-15 04:00:00,6.036122512257716
2023-08-15 05:00:00,6.736631679661181
2023-08-15 06:00:00,6.361633275167691
2023-08-15 07:00:00,6.754001803611337
2023-08-15 08:00:00,30.15610869226315
2023-08-15 09:00:00,34.042906130573705
2023-08-15 10:00:00,39.810447629255165
2023-08-15 11:00:00,49.403860601015865
2023-08-15 12:00:00,54.32898231985629
2023-08-15 13:00:00,60.3592903561584
2023-08-15 14:00:00,66.44531474534631
2023-08-15 15:00:00,69.34666968239266
2023-08-15 16:00:00,69.64871742211773
2023-08-15 17:00:00,68.85336012927702
2023-08-15 18:00:00,67.94589012308617
2023-08-15 19:00:00,64.81824025292475
2023-08-15 20:00:00,6.327887825122208
2023-08-15 21:00:00,6.354898101147164
2023-08-15 22:00:00,5.812722169733836
2023-08-15 23:00:00,5.512430656043868
2023-08-16 00:00:00,5.978001023264291
2023-08-16 01:00:00,5.9907161534339695
2023-08-16 02:00:00,5.9816306353670186
2023-08-16 03:00:00,5.592659621754341
2023-08-16 04:00:00,6.057118807367673
2023-08-16 05:00:00,6.1236806070618215
2023-08-16 06:00:00,5.724265314370866
2023-08-16 07:00:00,6.1830050616118415
2023-08-16 08:00:00,30.23653053412228
2023-08-16 09:00:00,36.99632481901267
2023-08-16 10:00:00,43.05103157572686
2023-08-16 11:00:00,49.67066305432821
2023-08-16 12:00:00,52.6961854052957
2023-08-16 13:00:00,57.41287369209451
2023-08-16 14:00:00,62.27387547174693
2023-08-16 15:00:00,67.1001591392465
2023-08-16 16:00:00,67.05119554833175
2023-08-16 17:00:00,68.49003451477147
2023-08-16 18:00:00,66.13272580251736
2023-08-16 19:00:00,64.26599046344553
2023-08-16 20:00:00,7.049208073244337
2023-08-16 21:00:00,6.900069060171564
2023-08-16 22:00:00,6.673914470681734
2023-08-16 23:00:00,6.347103326622378
2023-08-17 00:00:00,6.610081231367222
2023-08-17 01:00:00,6.248038516795295
2023-08-17 02:00:00,6.212585074648627
2023-08-17 03:00:00,6.130812367414554
2023-08-17 04:00:00,5.73153861817937
2023-08-17 05:00:00,6.057934990330759
2023-08-17 06:00:00,6.428850940493714
2023-08-17 07:00:00,6.1452004710147285
2023-08-17 08:00:00,28.38141786924662
2023-08-17 09:00:00,34.750072192604364
2023-08-17 10:00:00,42.22736625556713
2023-08-17 11:00:00,49.52409218014766
2023-08-17 12:00:00,55.549389095718624
2023-08-17 13:00:00,60.287829582180464
2023-08-17 14:00:00,66.24712700366271
2023-08-17 15:00:00,69.02409660052284
2023-08-17 16:00:00,69.30728584792604
2023-08-17 17:00:00,67.53411755545574
2023-08-17 18:00:00,67.04578511822832
2023-08-17 19:00:00,61.86848564233718
2023-08-17 20:00:00,5.815468254603514
2023-08-17 21:00:00,5.573963143394388
2023-08-17 22:00:00,5.931416934284226
2023-08-17 23:00:00,5.718870927860593
2023-08-18 00:00:00,5.942091944758142
2023-08-18 01:00:00,5.806325517357162
2023-08-18 02:00:00,6.300754321614348
2023-08-18 03:00:00,5.749567670609803
2023-08-18 04:00:00,5.787142117820646
2023-08-18 05:00:00,5.526242714689976
2023-08-18 06:00:00,5.175952267022045
2023-08-18 07:00:00,5.273663123400541
2023-08-18 08:00:00,25.44673741272476
2023-08-18 09:00:00,28.76809596532386
2023-08-18 10:00:00,37.25016732612613
2023-08-18 11:00:00,41.58345832614337
2023-08-18 12:00:00,48.605487703263826
2023-08-18 13:00:00,52.73572067738867
2023-08-18 14:00:00,59.78086315219293
2023-08-18 15:00:00,61.189806999690276
2023-08-18 16:00:00,60.227929250778764
2023-08-18 17:00:00,61.79027804369103
2023-08-18 18:00:00,61.12789922659667
2023-08-18 19:00:00,58.086319203126415
2023-08-18 20:00:00,5.5221575740420965
2023-08-18 21:00:00,5.886128618665596
2023-08-18 22:00:00,5.781397456329863
2023-08-18 23:00:00,5.567535512627006
2023-08-19 00:00:00,5.597338197880543
2023-08-19 01:00:00,5.576481310454708
2023-08-19 02:00:00,5.151633076401171
2023-08-19 03:00:00,5.331379303471572
2023-08-19 04:00:00,5.437736303037941
2023-08-19 05:00:00,5.182704840742399
2023-08-19 06:00:00,5.772748521806696
2023-08-19 07:00:00,5.611311686254451
2023-08-19 08:00:00,5.523419294704909
2023-08-19 09:00:00,5.807040848346045
2023-08-19 10:00:00,5.790952626896479
2023-08-19 11:00:00,5.829465022761592
2023-08-19 12:00:00,6.150706200287007
2023-08-19 13:00:00,6.368894022088224
2023-08-19 14:00:00,6.321153842453508
2023-08-19 15:00:00,5.878481989100899
2023-08-19 16:00:00,5.6840131286341915
2023-08-19 17:00:00,4.946771380551631
2023-08-19 18:00:00,5.332588937625884
2023-08-19 19:00:00,5.074489906095942
2023-08-19 20:00:00,4.920558304821494
2023-08-19 21:00:00,5.419722334144208
2023-08-19 22:00:00,5.368495570618767
2023-08-19 23:00:00,4.641924739895084
2023-08-20 00:00:00,4.635775698065691
2023-08-20 01:00:00,5.196818923295777
2023-08-20 02:00:00,6.01227002280525
2023-08-20 03:00:00,6.1427616901861875
2023-08-20 04:00:00,6.327464340231742
2023-08-20 05:00:00,5.844697988469047
2023-08-20 06:00:00,6.051640384316749
2023-08-20 07:00:00,5.91459805702317
2023-08-20 08:00:00,6.367311545731676
2023-08-20 09:00:00,6.189264590585166
2023-08-20 10:00:00,6.215211871041278
2023-08-20 11:00:00,6.601958608303852
2023-08-20 12:00:00,6.447795286661733
2023-08-20 13:00:00,6.807751494757719
2023-08-20 14:00:00,6.206550607568829
2023-08-20 15:00:00,6.484051678483713
2023-08-20 16:00:00,6.411633913960202
2023-08-20 17:00:00,7.110326747760321
2023-08-20 18:00:00,7.08106190320771
2023-08-20 19:00:00,6.363934954576326
2023-08-20 20:00:00,6.221065495780608
2023-08-20 21:00:00,6.2327921347534945
2023-08-20 22:00:00,6.203409576440041
2023-08-20 23:00:00,5.758082721699849
2023-08-21 00:00:00,6.250811077818287
2023-08-21 01:00:00,6.216671287670981
2023-08-21 02:00:00,6.623443266504367
2023-08-21 03:00:00,6.406156000540283
2023-08-21 04:00:00,5.910486123219013
2023-08-21 05:00:00,6.2440822093317845
2023-08-21 06:00:00,6.206612934823533
2023-08-21 07:00:00,6.4657776773216735
2023-08-21 08:00:00,38.79868599543953
2023-08-21 09:00:00,46.541027415932284
2023-08-21 10:00:00,54.03351755646426
2023-08-21 11:00:00,61.536097097922664
2023-08-21 12:00:00,67.31336599680789
2023-08-21 13:00:00,72.94489171515458
2023-08-21 14:00:00,81.55025130379866
2023-08-21 15:00:00,83.82827855754356
2023-08-21 16:00:00,84.54239741111252
2023-08-21 17:00:00,85.2756153458316
2023-08-21 18:00:00,83.84196682424711
2023-08-21 19:00:00,79.55169937741312
2023-08-21 20:00:00,6.691398644283772
2023-08-21 21:00:00,6.16429559168424
2023-08-21 22:00:00,6.0589792512295
2023-08-21 23:00:00,6.094149021773777
2023-08-22 00:00:00,6.398623666972389
2023-08-22 01:00:00,6.237848342053601
2023-08-22 02:00:00,6.22422470478213
2023-08-22 03:00:00,6.612396901571804
2023-08-22 04:00:00,6.449990243088211
2023-08-22 05:00:00,6.392136463616475
2023-08-22 06:00:00,6.49752985297086
2023-08-22 07:00:00,6.7054416706830455
2023-08-22 08:00:00,42.777922463329666
2023-08-22 09:00:00,48.73418663126193
2023-08-22 10:00:00,55.531275396023574
2023-08-22 11:00:00,61.49143355531844
2023-08-22 12:00:00,66.69543013745086
2023-08-22 13:00:00,71.51174193125145
2023-08-22 14:00:00,77.8684489748821
2023-08-22 15:00:00,83.48786895300142
2023-08-22 16:00:00,84.89518910001752
2023-08-22 17:00:00,84.37877325905161
2023-08-22 18:00:00,82.92332428076818
2023-08-22 19:00:00,79.3378663426633
2023-08-22 20:00:00,6.5953062046295345
2023-08-22 21:00:00,6.667455058960777
2023-08-22 22:00:00,6.907146663451311
2023-08-22 23:00:00,6.921933693709255
2023-08-23 00:00:00,6.548615045256714
2023-08-23 01:00:00,5.931651270002614
2023-08-23 02:00:00,6.708210886553656
2023-08-23 03:00:00,6.133743890520522
2023-08-23 04:00:00,7.014187306976393
2023-08-23 05:00:00,6.88693511707814
2023-08-23 06:00:00,7.100458848212249
2023-08-23 07:00:00,6.82782790639626
2023-08-23 08:00:00,39.23450318686242
2023-08-23 09:00:00,47.83917116351872
2023-08-23 10:00:00,54.19922086676025
2023-08-23 11:00:00,61.277869978642016
2023-08-23 12:00:00,67.913008895364
2023-08-23 13:00:00,73.16552603169056
2023-08-23 14:00:00,77.55744150384382
2023-08-23 15:00:00,80.93157755666932
2023-08-23 16:00:00,82.24673917017948
2023-08-23 17:00:00,82.46901731809845
2023-08-23 18:00:00,80.98125092139203
2023-08-23 19:00:00,74.75871073718571
2023-08-23 20:00:00,5.615597288668529
2023-08-23 21:00:00,6.0238729201710495
2023-08-23 22:00:00,5.882460067442322
2023-08-23 23:00:00,6.134648728734727
2023-08-24 00:00:00,6.162500719118213
2023-08-24 01:00:00,5.439142339700492
2023-08-24 02:00:00,5.481961015628709
2023-08-24 03:00:00,6.2074867976143455
2023-08-24 04:00:00,6.430874285793687
2023-08-24 05:00:00,5.961204165563211
2023-08-24 06:00:00,5.77248821942446
2023-08-24 07:00:00,5.739706866569782
2023-08-24 08:00:00,37.51198753038291
2023-08-24 09:00:00,44.75518893156935
2023-08-24 10:00:00,54.27698224467986
2023-08-24 11:00:00,61.15354897374599
2023-08-24 12:00:00,67.18421945612954
2023-08-24 13:00:00,73.03539780836118
2023-08-24 14:00:00,77.89496774386345
2023-08-24 15:00:00,81.27818175617186
2023-08-24 16:00:00,82.28606710101553
2023-08-24 17:00:00,82.2917000255905
2023-08-24 18:00:00,80.55382381803405
2023-08-24 19:00:00,75.99485561443639
2023-08-24 20:00:00,5.98851061093371
2023-08-24 21:00:00,5.94690850927215
2023-08-24 22:00:00,5.754341453273237
2023-08-24 23:00:00,5.756675112759756
2023-08-25 00:00:00,5.883339600376658
2023-08-25 01:00:00,5.608909338723302
2023-08-25 02:00:00,5.790771197431346
2023-08-25 03:00:00,5.858129311627771
2023-08-25 04:00:00,5.718261950828416
2023-08-25 05:00:00,6.110036660627035
2023-08-25 06:00:00,6.137445326721766
2023-08-25 07:00:00,6.207892363255076
2023-08-25 08:00:00,36.08419022890325
2023-08-25 09:00:00,46.79372239870338
2023-08-25 10:00:00,52.224017900275655
2023-08-25 11:00:00,58.920623234263516
2023-08-25 12:00:00,64.53550810396193
2023-08-25 13:00:00,67.96586952644935
2023-08-25 14:00:00,75.40842058735805
2023-08-25 15:00:00,76.71891331887076
2023-08-25 16:00:00,77.61126925478723
2023-08-25 17:00:00,76.28701820507492
2023-08-25 18:00:00,74.04531250165412
2023-08-25 19:00:00,70.26417424527715
2023-08-25 20:00:00,6.118569662775348
2023-08-25 21:00:00,5.430121572386006
2023-08-25 22:00:00,5.779549277350608
2023-08-25 23:00:00,6.4782383916253234
2023-08-26 00:00:00,5.984506028389754
2023-08-26 01:00:00,5.468976138847358
2023-08-26 02:00:00,5.948942006392696
2023-08-26 03:00:00,5.714650597244773
2023-08-26 04:00:00,5.774704296060725
2023-08-26 05:00:00,6.056193679159531
2023-08-26 06:00:00,6.339055942921681
2023-08-26 07:00:00,7.204051230505379
2023-08-26 08:00:00,6.970264955520699
2023-08-26 09:00:00,6.723212992208221
2023-08-26 10:00:00,6.531292762659734
2023-08-26 11:00:00,6.312785044653367
2023-08-26 12:00:00,6.162414146854975
2023-08-26 13:00:00,6.636633569183458
2023-08-26 14:00:00,6.48872856982814
2023-08-26 15:00:00,6.783473482759791
2023-08-26 16:00:00,6.1928608886427465
2023-08-26 17:00:00,6.3414334679775335
2023-08-26 18:00:00,6.438939493633029
2023-08-26 19:00:00,6.719682255124458
2023-08-26 20:00:00,6.379963831890227
2023-08-26 21:00:00,6.297870171144097
2023-08-26 22:00:00,6.18952611080849
2023-08-26 23:00:00,5.412865246905422
2023-08-27 00:00:00,5.241688898668925
2023-08-27 01:00:00,5.955512534175595
2023-08-27 02:00:00,5.656754858060789
2023-08-27 03:00:00,5.56559378583379
2023-08-27 04:00:00,5.555859194338358
2023-08-27 05:00:00,5.38267968680508
2023-08-27 06:00:00,5.768518448346809
2023-08-27 07:00:00,6.168335858464356
2023-08-27 08:00:00,6.321054545835025
2023-08-27 09:00:00,6.311167421614062
2023-08-27 10:00:00,6.349536122783193
2023-08-27 11:00:00,7.16717873848276
2023-08-27 12:00:00,7.416662472111291
2023-08-27 13:00:00,7.1369870982428685
2023-08-27 14:00:00,6.8860577174429
2023-08-27 15:00:00,6.649436786043597
2023-08-27 16:00:00,6.704582418962698
2023-08-27 17:00:00,6.569499827655751
2023-08-27 18:00:00,5.478142266502425
2023-08-27 19:00:00,5.898269368247534
2023-08-27 20:00:00,5.971749680724037
2023-08-27 21:00:00,5.517572856612711
2023-08-27 22:00:00,5.883659180053926
2023-08-27 23:00:00,5.24875668993575
2023-08-28 00:00:00,5.639612390749451
2023-08-28 01:00:00,5.719469236216588
2023-08-28 02:00:00,5.184699750015549
2023-08-28 03:00:00,6.137633491362413
2023-08-28 04:00:00,5.8920246466808095
2023-08-28 05:00:00,6.189945869249053
2023-08-28 06:00:00,6.622163321032288
2023-08-28 07:00:00,6.557986946289444
2023-08-28 08:00:00,6.844426690818908
2023-08-28 09:00:00,7.40288413306741
2023-08-28 10:00:00,6.890542169254026
2023-08-28 11:00:00,6.448941882136339
2023-08-28 12:00:00,6.407303384666405
2023-08-28 13:00:00,6.380377208059118
2023-08-28 14:00:00,6.587574270787831
2023-08-28 15:00:00,6.57145558441276
2023-08-28 16:00:00,6.849071981601642
2023-08-28 17:00:00,7.050092762703175
2023-08-28 18:00:00,6.686991188922522
2023-08-28 19:00:00,6.897041580046895
2023-08-28 20:00:00,6.507794303160572
2023-08-28 21:00:00,6.10260515703471
2023-08-28 22:00:00,6.052677312181663
2023-08-28 23:00:00,5.2700405148946095
2023-08-29 00:00:00,6.238521239594515
2023-08-29 01:00:00,5.876550493507634
2023-08-29 02:00:00,5.842259466811011
2023-08-29 03:00:00,6.388578983089534
2023-08-29 04:00:00,6.275912846150665
2023-08-29 05:00:00,6.296313053243563
2023-08-29 06:00:00,6.474581565396371
2023-08-29 07:00:00,6.868826747371274
2023-08-29 08:00:00,6.959391636758979
2023-08-29 09:00:00,7.019074390053332
2023-08-29 10:00:00,7.419963588133395
2023-08-29 11:00:00,7.684572657662245
2023-08-29 12:00:00,7.620641903465873
2023-08-29 13:00:00,8.020306299784842
2023-08-29 14:00:00,8.419415837364912
2023-08-29 15:00:00,8.059439106874807
2023-08-29 16:00:00,8.139834203307267
2023-08-29 17:00:00,7.972759272197433
2023-08-29 18:00:00,8.28166776558032
2023-08-29 19:00:00,7.463915583597276
2023-08-29 20:00:00,7.400028841032966
2023-08-29 21:00:00,6.634653653903911
2023-08-29 22:00:00,6.3772224412489935
2023-08-29 23:00:00,6.045801895231507
2023-08-30 00:00:00,6.076296857256227
2023-08-30 01:00:00,6.200057801341921
2023-08-30 02:00:00,6.611163147257477
2023-08-30 03:00:00,6.259480226736522
2023-08-30 04:00:00,6.087871116387793
2023-08-30 05:00:00,6.763685814382348
2023-08-30 06:00:00,6.7428749311090055
2023-08-30 07:00:00,6.895072369995101
2023-08-30 08:00:00,28.935402774218367
2023-08-30 09:00:00,28.59358852299542
2023-08-30 10:00:00,28.233226079957944
2023-08-30 11:00:00,27.61877478615214
2023-08-30 12:00:00,30.463495641194655
2023-08-30 13:00:00,34.4278442567135
2023-08-30 14:00:00,41.13062901268779
2023-08-30 15:00:00,43.107282410294545
2023-08-30 16:00:00,46.31253570391354
2023-08-30 17:00:00,46.47976200782272
2023-08-30 18:00:00,45.574998329431764
2023-08-30 19:00:00,42.50426420577417
2023-08-30 20:00:00,6.748202937210519
2023-08-30 21:00:00,6.702104449505639
2023-08-30 22:00:00,6.259716486278432
2023-08-30 23:00:00,6.136024153649999
2023-08-31 00:00:00,5.717178789890555
2023-08-31 01:00:00,5.711424894068766
2023-08-31 02:00:00,6.29027684482051
2023-08-31 03:00:00,6.262871234828304
2023-08-31 04:00:00,6.431116584389058
2023-08-31 05:00:00,6.43103753871582
2023-08-31 06:00:00,7.004150111861644
2023-08-31 07:00:00,7.041705742722786
2023-08-31 08:00:00,31.59003447689802
2023-08-31 09:00:00,31.53204514130673
2023-08-31 10:00:00,31.877553945131588
2023-08-31 11:00:00,34.184661343550296
2023-08-31 12:00:00,40.45001384701813
2023-08-31 13:00:00,44.993165822844745
2023-08-31 14:00:00,52.04581824613832
2023-08-31 15:00:00,55.359846586475705
2023-08-31 16:00:00,56.75855937896538
2023-08-31 17:00:00,56.367290392410155
2023-08-31 18:00:00,56.338382481085254
2023-08-31 19:00:00,54.37228789361087
2023-08-31 20:00:00,6.801171053871469
2023-08-31 21:00:00,6.817228870361726
2023-08-31 22:00:00,6.442274172358825
2023-08-31 23:00:00,6.248943254464634
2023-09-01 00:00:00,6.127650161335894
2023-09-01 01:00:00,5.65717893085419
2023-09-01 02:00:00,5.852286160224482
2023-09-01 03:00:00,5.237818581224947
2023-09-01 04:00:00,5.938183315514944
2023-09-01 05:00:00,5.359585292428214
2023-09-01 06:00:00,5.784018034680539
2023-09-01 07:00:00,5.382373966199911
2023-09-01 08:00:00,27.367543794424364
2023-09-01 09:00:00,26.764368478527867
2023-09-01 10:00:00,31.331413940679347
2023-09-01 11:00:00,37.5483170005295
2023-09-01 12:00:00,47.10632597063245
2023-09-01 13:00:00,49.347474205141765
2023-09-01 14:00:00,55.41779487610126
2023-09-01 15:00:00,57.17065804029763
2023-09-01 16:00:00,57.423997397582305
2023-09-01 17:00:00,56.894916286874334
2023-09-01 18:00:00,56.449525215084385
2023-09-01 19:00:00,52.43944858630411
2023-09-01 20:00:00,7.298095031168779
2023-09-01 21:00:00,6.74685276393605
2023-09-01 22:00:00,6.612698162568456
2023-09-01 23:00:00,6.272786086073517
2023-09-02 00:00:00,5.729886668174211
2023-09-02 01:00:00,6.065745867999415
2023-09-02 02:00:00,5.933821173793535
2023-09-02 03:00:00,6.351409419950466
2023-09-02 04:00:00,6.541379186320097
2023-09-02 05:00:00,6.846535605762663
2023-09-02 06:00:00,6.454686362149103
2023-09-02 07:00:00,6.8229144951940786
2023-09-02 08:00:00,6.592111473230143
2023-09-02 09:00:00,6.346748224608539
2023-09-02 10:00:00,6.112862295812089
2023-09-02 11:00:00,6.927793994162826
2023-09-02 12:00:00,6.458396560794044
2023-09-02 13:00:00,7.00096778262403
2023-09-02 14:00:00,7.464401182941564
2023-09-02 15:00:00,7.780721879236501
2023-09-02 16:00:00,7.622919149094975
2023-09-02 17:00:00,7.4459250502212635
2023-09-02 18:00:00,6.944385506026242
2023-09-02 19:00:00,7.0089674351326
2023-09-02 20:00:00,6.4940102371449635
2023-09-02 21:00:00,6.4224454276675855
2023-09-02 22:00:00,6.572329341624285
2023-09-02 23:00:00,6.816882475639541
2023-09-03 00:00:00,6.988153306316935
2023-09-03 01:00:00,6.525587873583099
2023-09-03 02:00:00,6.169271793965874
2023-09-03 03:00:00,6.532608241690361
2023-09-03 04:00:00,6.274287012676984
2023-09-03 05:00:00,6.842320781696876
2023-09-03 06:00:00,6.8105485284450475
2023-09-03 07:00:00,7.2597541064379705
2023-09-03 08:00:00,7.614031597044021
2023-09-03 09:00:00,7.4209446303354625
2023-09-03 10:00:00,7.626837340386297
2023-09-03 11:00:00,7.791840843653776
2023-09-03 12:00:00,8.278087129776207
2023-09-03 13:00:00,8.31967231145106
2023-09-03 14:00:00,8.210416880338265
2023-09-03 15:00:00,7.960632539952931
2023-09-03 16:00:00,8.189942052235518
2023-09-03 17:00:00,8.062625697388988
2023-09-03 18:00:00,7.616424667750229
2023-09-03 19:00:00,7.978162291393173
2023-09-03 20:00:00,7.569072218161819
2023-09-03 21:00:00,7.136363031970304
2023-09-03 22:00:00,6.817472061984744
2023-09-03 23:00:00,6.573723865740749
2023-09-04 00:00:00,7.762566936070663
2023-09-04 01:00:00,7.237920852869997
2023-09-04 02:00:00,6.847353352533581
2023-09-04 03:00:00,6.843660681025754
2023-09-04 04:00:00,7.116456366303475
2023-09-04 05:00:00,7.276038977718798
2023-09-04 06:00:00,7.4927602816062455
2023-09-04 07:00:00,7.483851742421209
2023-09-04 08:00:00,7.613427184691248
2023-09-04 09:00:00,7.909811258519761
2023-09-04 10:00:00,7.7819865084676465
2023-09-04 11:00:00,7.58348784347548
2023-09-04 12:00:00,7.856304761085708
2023-09-04 13:00:00,7.789511331046679
2023-09-04 14:00:00,7.734933185241429
2023-09-04 15:00:00,7.462811963137451
2023-09-04 16:00:00,7.273754109959967
2023-09-04 17:00:00,7.891913653283368
2023-09-04 18:00:00,8.257231902222278
2023-09-04 19:00:00,7.733326907073128
2023-09-04 20:00:00,7.1550484857425705
2023-09-04 21:00:00,6.752838678618724
2023-09-04 22:00:00,6.470410388556789
2023-09-04 23:00:00,6.616830641376501
2023-09-05 00:00:00,6.853632826132961
2023-09-05 01:00:00,6.83160157400204
2023-09-05 02:00:00,6.494125129985832
2023-09-05 03:00:00,6.419064340695928
2023-09-05 04:00:00,6.511458095957071
2023-09-05 05:00:00,6.693223518523407
2023-09-05 06:00:00,6.33561869653075
2023-09-05 07:00:00,5.768273441934392
2023-09-05 08:00:00,5.947913661407096
2023-09-05 09:00:00,6.124841188586605
2023-09-05 10:00:00,6.469767545681054
2023-09-05 11:00:00,6.696144359481021
2023-09-05 12:00:00,6.002955668073334
2023-09-05 13:00:00,6.000000854146648
2023-09-05 14:00:00,6.340179335862767
2023-09-05 15:00:00,5.540071994313576
2023-09-05 16:00:00,5.897672493664644
2023-09-05 17:00:00,5.261652656450134
2023-09-05 18:00:00,5.847482428131214
2023-09-05 19:00:00,5.544139537607572
2023-09-05 20:00:00,5.623268039541412
2023-09-05 21:00:00,6.4750726749797884
2023-09-05 22:00:00,5.859609743135915
2023-09-05 23:00:00,5.879997036322717
2023-09-06 00:00:00,5.463922334653986
2023-09-06 01:00:00,5.326769837295382
2023-09-06 02:00:00,5.768787272042194
2023-09-06 03:00:00,5.658198258607737
2023-09-06 04:00:00,5.3387292201711976
2023-09-06 05:00:00,5.448374404534022
2023-09-06 06:00:00,5.722436881502527
2023-09-06 07:00:00,6.12185540690499
2023-09-06 08:00:00,6.101792643201518
2023-09-06 09:00:00,5.986072956442971
2023-09-06 10:00:00,6.546067289670726
2023-09-06 11:00:00,6.530912036983958
2023-09-06 12:00:00,7.022700274136787
2023-09-06 13:00:00,7.31261814374219
2023-09-06 14:00:00,7.199042025106137
2023-09-06 15:00:00,7.277988235881664
2023-09-06 16:00:00,7.016091049952995
2023-09-06 17:00:00,7.543494851081691
2023-09-06 18:00:00,7.3416147743072475
2023-09-06 19:00:00,7.22278213155307
2023-09-06 20:00:00,7.297732304735125
2023-09-06 21:00:00,7.015004151600973
2023-09-06 22:00:00,7.201506441566108
2023-09-06 23:00:00,6.67318512588681
2023-09-07 00:00:00,6.891770794389935
2023-09-07 01:00:00,6.318588581485198
2023-09-07 02:00:00,6.11299732258487
2023-09-07 03:00:00,5.471627308054803
2023-09-07 04:00:00,5.718636045611853
2023-09-07 05:00:00,5.983751587820866
2023-09-07 06:00:00,6.235775913749966
2023-09-07 07:00:00,6.275424584633488
2023-09-07 08:00:00,27.72054153408309
2023-09-07 09:00:00,27.675461037073536
2023-09-07 10:00:00,28.20178687633408
2023-09-07 11:00:00,27.97038479679848
2023-09-07 12:00:00,32.88191641739954
2023-09-07 13:00:00,36.798002141740746
2023-09-07 14:00:00,41.979675756257485
2023-09-07 15:00:00,45.79353258249776
2023-09-07 16:00:00,47.035454319058516
2023-09-07 17:00:00,46.13685913323647
2023-09-07 18:00:00,47.08409233114808
2023-09-07 19:00:00,44.82709110203476
2023-09-07 20:00:00,5.507846127872999
2023-09-07 21:00:00,5.974026015629809
2023-09-07 22:00:00,6.11948020934917
2023-09-07 23:00:00,5.586202895765073
2023-09-08 00:00:00,5.767118794311863
2023-09-08 01:00:00,5.363260531197459
2023-09-08 02:00:00,5.765287148918232
2023-09-08 03:00:00,6.119173005504857
2023-09-08 04:00:00,5.357616156662467
2023-09-08 05:00:00,5.451584505760403
2023-09-08 06:00:00,5.6064836183393725
2023-09-08 07:00:00,5.201085175366984
2023-09-08 08:00:00,27.911139083861645
2023-09-08 09:00:00,25.98485852698743
2023-09-08 10:00:00,25.58363247062139
2023-09-08 11:00:00,28.874085451572782
2023-09-08 12:00:00,37.04477370756051
2023-09-08 13:00:00,40.51646199824754
2023-09-08 14:00:00,46.611517415425475
2023-09-08 15:00:00,49.69748944068026
2023-09-08 16:00:00,51.16641004537759
2023-09-08 17:00:00,52.44973052435444
2023-09-08 18:00:00,52.14291436518952
2023-09-08 19:00:00,48.952556487437434
2023-09-08 20:00:00,5.713805573917756
2023-09-08 21:00:00,5.335481389521945
2023-09-08 22:00:00,5.322868916844895
2023-09-08 23:00:00,5.459465095643046
2023-09-09 00:00:00,4.875776020347461
2023-09-09 01:00:00,5.04140677987384
2023-09-09 02:00:00,5.2980049657870625
2023-09-09 03:00:00,4.757733308118447
2023-09-09 04:00:00,5.4296709889003525
2023-09-09 05:00:00,4.97810069018438
2023-09-09 06:00:00,4.961858613108539
2023-09-09 07:00:00,5.639392840151283
2023-09-09 08:00:00,6.240794205932477
2023-09-09 09:00:00,6.231356401481466
2023-09-09 10:00:00,6.217121768540908
2023-09-09 11:00:00,6.053613941780887
2023-09-09 12:00:00,5.785057593464409
2023-09-09 13:00:00,6.3362807737434546
2023-09-09 14:00:00,6.027114380196232
2023-09-09 15:00:00,6.164659292868519
2023-09-09 16:00:00,6.878661168842129
2023-09-09 17:00:00,6.461705101395641
2023-09-09 18:00:00,6.3317165854110335
2023-09-09 19:00:00,5.839605470298031
2023-09-09 20:00:00,5.821296565644456
2023-09-09 21:00:00,5.755232291951351
2023-09-09 22:00:00,5.712105363020003
2023-09-09 23:00:00,5.767874190169175
2023-09-10 00:00:00,5.823699862453961
2023-09-10 01:00:00,5.731137218339415
2023-09-10 02:00:00,5.552564593219932
2023-09-10 03:00:00,5.296570670342084
2023-09-10 04:00:00,4.917840490039598
2023-09-10 05:00:00,5.890993386920041
2023-09-10 06:00:00,5.896426817494228
2023-09-10 07:00:00,5.961104233546031
2023-09-10 08:00:00,6.047591351521718
2023-09-10 09:00:00,6.006844017840735
2023-09-10 10:00:00,6.0454933383259375
2023-09-10 11:00:00,6.170676416431632
2023-09-10 12:00:00,5.958178833328698
2023-09-10 13:00:00,5.8127296121608145
2023-09-10 14:00:00,6.043654556475249
2023-09-10 15:00:00,6.441845663264802
2023-09-10 16:00:00,6.490370378386357
2023-09-10 17:00:00,6.499735479940747
2023-09-10 18:00:00,6.5341692557908395
2023-09-10 19:00:00,6.577622136285517
2023-09-10 20:00:00,6.198530851822876
2023-09-10 21:00:00,5.633825228751126
2023-09-10 22:00:00,5.618104256725037
2023-09-10 23:00:00,5.042302923849419
2023-09-11 00:00:00,6.126506911635561
2023-09-11 01:00:00,5.641048740864292
2023-09-11 02:00:00,6.081463190592778
2023-09-11 03:00:00,5.4328372886689165
2023-09-11 04:00:00,5.795161680351946
2023-09-11 05:00:00,5.657322193333523
2023-09-11 06:00:00,6.214240114616685
2023-09-11 07:00:00,5.934880106342782
2023-09-11 08:00:00,31.34117043654786
2023-09-11 09:00:00,28.40938513135448
2023-09-11 10:00:00,27.681614715690984
2023-09-11 11:00:00,30.09977312176919
2023-09-11 12:00:00,27.29380813259534
2023-09-11 13:00:00,28.86428241929004
2023-09-11 14:00:00,36.46643790107079
2023-09-11 15:00:00,37.89261432970532
2023-09-11 16:00:00,39.9896955629912
2023-09-11 17:00:00,39.096735973895534
2023-09-11 18:00:00,36.57583995448206
2023-09-11 19:00:00,32.24723891787001
2023-09-11 20:00:00,5.843000820537976
2023-09-11 21:00:00,5.740429553674466
2023-09-11 22:00:00,5.719124112893034
2023-09-11 23:00:00,5.974636784943277
2023-09-12 00:00:00,6.105673111528419
2023-09-12 01:00:00,6.032844574480834
2023-09-12 02:00:00,6.179883670944371
2023-09-12 03:00:00,6.097238432895773
2023-09-12 04:00:00,6.040842086758775
2023-09-12 05:00:00,5.937538406243325
2023-09-12 06:00:00,5.917672957875661
2023-09-12 07:00:00,6.465392410716907
2023-09-12 08:00:00,32.53321971246491
2023-09-12 09:00:00,29.939420685044922
2023-09-12 10:00:00,31.15464723059426
2023-09-12 11:00:00,29.31484508760151
2023-09-12 12:00:00,32.66410742112096
2023-09-12 13:00:00,33.67409260405111
2023-09-12 14:00:00,36.77754007224097
2023-09-12 15:00:00,40.297221060655424
2023-09-12 16:00:00,40.66226716770024
2023-09-12 17:00:00,38.893380625040976
2023-09-12 18:00:00,38.24533797793798
2023-09-12 19:00:00,36.05444958548159
2023-09-12 20:00:00,6.550325042170967
2023-09-12 21:00:00,6.179383556115487
2023-09-12 22:00:00,6.148724479741574
2023-09-12 23:00:00,5.723377360894178
2023-09-13 00:00:00,6.316621347087639
2023-09-13 01:00:00,6.451297796218498
2023-09-13 02:00:00,6.804084116202441
2023-09-13 03:00:00,6.687716959671229
2023-09-13 04:00:00,6.198928341541092
2023-09-13 05:00:00,6.289565042301934
2023-09-13 06:00:00,6.3178988788088475
2023-09-13 07:00:00,6.643240901250592
2023-09-13 08:00:00,29.741028501213766
2023-09-13 09:00:00,29.999997804224947
2023-09-13 10:00:00,30.120196188858262
2023-09-13 11:00:00,29.65098016970928
2023-09-13 12:00:00,32.65991226015424
2023-09-13 13:00:00,36.000003614011355
2023-09-13 14:00:00,42.94279238014291
2023-09-13 15:00:00,46.980255743837795
2023-09-13 16:00:00,47.12773461367442
2023-09-13 17:00:00,47.18381483861426
2023-09-13 18:00:00,45.76845686468037
2023-09-13 19:00:00,42.43659935330755
2023-09-13 20:00:00,6.875464128373061
2023-09-13 21:00:00,6.514766285751029
2023-09-13 22:00:00,7.209360968332962
2023-09-13 23:00:00,6.850791594340257
2023-09-14 00:00:00,6.825020624293424
2023-09-14 01:00:00,6.650538947474258
2023-09-14 02:00:00,6.769989929526668
2023-09-14 03:00:00,6.092956552943903
2023-09-14 04:00:00,5.687476653860423
2023-09-14 05:00:00,6.351121573096854
2023-09-14 06:00:00,6.154029519822155
2023-09-14 07:00:00,5.906831431255183
2023-09-14 08:00:00,29.94707733939473
2023-09-14 09:00:00,30.911017589275566
2023-09-14 10:00:00,30.29429422569213
2023-09-14 11:00:00,30.248474370297238
2023-09-14 12:00:00,30.846907332985857
2023-09-14 13:00:00,34.84177003985954
2023-09-14 14:00:00,39.76132920288232
2023-09-14 15:00:00,42.79300276245836
2023-09-14 16:00:00,42.12379768054861
2023-09-14 17:00:00,42.28568165836755
2023-09-14 18:00:00,41.15303597534809
2023-09-14 19:00:00,40.69288246469544
2023-09-14 20:00:00,6.910817893174283
2023-09-14 21:00:00,6.862494851686822
2023-09-14 22:00:00,6.406352970689094
2023-09-14 23:00:00,5.82311010269165
2023-09-15 00:00:00,5.889953188075362
2023-09-15 01:00:00,6.24543391539383
2023-09-15 02:00:00,6.874290435665499
2023-09-15 03:00:00,6.342451430443191
2023-09-15 04:00:00,5.928817795661098
2023-09-15 05:00:00,5.790273148587157
2023-09-15 06:00:00,6.243070547305143
2023-09-15 07:00:00,6.468225986872274
2023-09-15 08:00:00,31.00332790638193
2023-09-15 09:00:00,32.06486022082357
2023-09-15 10:00:00,31.311434853150807
2023-09-15 11:00:00,30.806445584099787
2023-09-15 12:00:00,31.298319089913022
2023-09-15 13:00:00,29.381987327123277
2023-09-15 14:00:00,32.94106077426543
2023-09-15 15:00:00,36.306146457084935
2023-09-15 16:00:00,36.44233179894239
2023-09-15 17:00:00,34.682805283472746
2023-09-15 18:00:00,33.521012005847176
2023-09-15 19:00:00,33.777297126993794
2023-09-15 20:00:00,6.165811461692674
2023-09-15 21:00:00,6.013432195300141
2023-09-15 22:00:00,6.0863560034051725
2023-09-15 23:00:00,5.9871655508293005
2023-09-16 00:00:00,5.184957081182349
2023-09-16 01:00:00,5.093161529110174
2023-09-16 02:00:00,5.202558229147492
2023-09-16 03:00:00,5.078862759373114
2023-09-16 04:00:00,5.55283344239907
2023-09-16 05:00:00,5.440317318257873
2023-09-16 06:00:00,5.5018384330225
2023-09-16 07:00:00,5.572582612095255
2023-09-16 08:00:00,5.9649479832639685
2023-09-16 09:00:00,6.009528945346052
2023-09-16 10:00:00,6.410746043942058
2023-09-16 11:00:00,6.052342414987139
2023-09-16 12:00:00,6.209233080935213
2023-09-16 13:00:00,5.665618232041786
2023-09-16 14:00:00,6.052280927810987
2023-09-16 15:00:00,5.948743090129075
2023-09-16 16:00:00,6.237845250421177
2023-09-16 17:00:00,6.019700390909669
2023-09-16 18:00:00,5.817645705881426
2023-09-16 19:00:00,5.835953046880849
2023-09-16 20:00:00,6.126287011594247
2023-09-16 21:00:00,6.212063676698802
2023-09-16 22:00:00,5.992845647873732
2023-09-16 23:00:00,5.938671406161642
2023-09-17 00:00:00,5.932731871123932
2023-09-17 01:00:00,5.532577454847165
2023-09-17 02:00:00,5.8999039380489
2023-09-17 03:00:00,5.425915145547076
2023-09-17 04:00:00,6.184555336833931
2023-09-17 05:00:00,6.040997111576567
2023-09-17 06:00:00,6.045549694208923
2023-09-17 07:00:00,6.458356986382704
2023-09-17 08:00:00,6.3004094568419555
2023-09-17 09:00:00,6.241202756755097
2023-09-17 10:00:00,6.595693980687506
2023-09-17 11:00:00,6.943243275464862
2023-09-17 12:00:00,6.412538573451456
2023-09-17 13:00:00,6.480879254200949
2023-09-17 14:00:00,6.649741431649932
2023-09-17 15:00:00,6.6644814242705674
2023-09-17 16:00:00,6.661486653980515
2023-09-17 17:00:00,7.045277420261744
2023-09-17 18:00:00,6.647356420585226
2023-09-17 19:00:00,6.575529804176565
2023-09-17 20:00:00,6.314512953382042
2023-09-17 21:00:00,5.658679407588104
2023-09-17 22:00:00,5.332633974520427
2023-09-17 23:00:00,5.189601710767372
2023-09-18 00:00:00,6.180101544030448
2023-09-18 01:00:00,6.138062234122319
2023-09-18 02:00:00,5.973531846606169
2023-09-18 03:00:00,6.261220379347997
2023-09-18 04:00:00,6.66672476171916
2023-09-18 05:00:00,6.968726849629068
2023-09-18 06:00:00,6.776809004207872
2023-09-18 07:00:00,6.708067115765372
2023-09-18 08:00:00,6.9540320043506485
2023-09-18 09:00:00,7.134001265438158
2023-09-18 10:00:00,7.053364637463581
2023-09-18 11:00:00,7.575934046977728
2023-09-18 12:00:00,7.901167568910353
2023-09-18 13:00:00,7.134628902394867
2023-09-18 14:00:00,7.701336365382691
2023-09-18 15:00:00,7.631971310091369
2023-09-18 16:00:00,7.358579844089029
2023-09-18 17:00:00,7.177134688750192
2023-09-18 18:00:00,6.914951557556363
2023-09-18 19:00:00,6.379096928377669
2023-09-18 20:00:00,5.905403962607719
2023-09-18 21:00:00,6.1388309521495685
2023-09-18 22:00:00,6.069231572237389
2023-09-18 23:00:00,5.735353439842357
2023-09-19 00:00:00,5.8506695234327815
2023-09-19 01:00:00,5.445612313082989
2023-09-19 02:00:00,5.515527933296462
2023-09-19 03:00:00,5.777948500524542
2023-09-19 04:00:00,5.909510550542431
2023-09-19 05:00:00,6.020404504147965
2023-09-19 06:00:00,5.884756639916282
2023-09-19 07:00:00,5.653142435143058
2023-09-19 08:00:00,5.766013920745495
2023-09-19 09:00:00,6.885903795596008
2023-09-19 10:00:00,7.1768718199509385
2023-09-19 11:00:00,6.83319114561328
2023-09-19 12:00:00,7.333725174776084
2023-09-19 13:00:00,8.059184212906764
2023-09-19 14:00:00,8.028213782761995
2023-09-19 15:00:00,7.177660374694475
2023-09-19 16:00:00,7.351161772707084
2023-09-19 17:00:00,7.549760626960972
2023-09-19 18:00:00,7.485731365044968
2023-09-19 19:00:00,7.229751062835875
2023-09-19 20:00:00,7.170975846214579
2023-09-19 21:00:00,6.780527047285996
2023-09-19 22:00:00,6.710791221527674
2023-09-19 23:00:00,6.4436909516367304
2023-09-20 00:00:00,6.3637893879535685
2023-09-20 01:00:00,6.037175087535899
2023-09-20 02:00:00,5.8914458346920995
2023-09-20 03:00:00,6.169047015054542
2023-09-20 04:00:00,6.376670959836886
2023-09-20 05:00:00,6.259626675206838
2023-09-20 06:00:00,5.949581943971889
2023-09-20 07:00:00,5.7624384882414335
2023-09-20 08:00:00,5.675844549625189
2023-09-20 09:00:00,5.843126703022731
2023-09-20 10:00:00,6.003385320698421
2023-09-20 11:00:00,6.161978341235144
2023-09-20 12:00:00,6.520601214622116
2023-09-20 13:00:00,6.5417936456876165
2023-09-20 14:00:00,6.376712657631356
2023-09-20 15:00:00,6.450609497000441
2023-09-20 16:00:00,6.637998514802152
2023-09-20 17:00:00,7.17784853142898
2023-09-20 18:00:00,6.6081557541329765
2023-09-20 19:00:00,6.242754840689571
2023-09-20 20:00:00,6.4451889616795475
2023-09-20 21:00:00,6.294121956795409
2023-09-20 22:00:00,6.079654929695164
2023-09-20 23:00:00,6.133318830705397
2023-09-21 00:00:00,6.421680827721041
2023-09-21 01:00:00,6.368035668725414
2023-09-21 02:00:00,6.965672899230084
2023-09-21 03:00:00,7.202984912276699
2023-09-21 04:00:00,7.072716624111277
2023-09-21 05:00:00,7.132895254371129
2023-09-21 06:00:00,6.447372881452619
2023-09-21 07:00:00,6.883237623763069
2023-09-21 08:00:00,6.536064293519051
2023-09-21 09:00:00,6.353874007124815
2023-09-21 10:00:00,6.918796427223926
2023-09-21 11:00:00,6.643017288916782
2023-09-21 12:00:00,6.992079038701186
2023-09-21 13:00:00,7.585238937620389
2023-09-21 14:00:00,7.532626792485131
2023-09-21 15:00:00,7.187608881774563
2023-09-21 16:00:00,7.3091995220580115
2023-09-21 17:00:00,7.366886678721751
2023-09-21 18:00:00,7.702231021766826
2023-09-21 19:00:00,7.406062437016918
2023-09-21 20:00:00,7.042686657431021
2023-09-21 21:00:00,6.343867841468878
2023-09-21 22:00:00,6.030214134743315
2023-09-21 23:00:00,5.394753198879592
2023-09-22 00:00:00,5.562298979382965
2023-09-22 01:00:00,5.204773688284891
2023-09-22 02:00:00,5.551494447801199
2023-09-22 03:00:00,5.721605029415781
2023-09-22 04:00:00,5.773233064568157
2023-09-22 05:00:00,5.873806212536198
2023-09-22 06:00:00,5.984931219252108
2023-09-22 07:00:00,6.038512732338998
2023-09-22 08:00:00,5.588554644135266
2023-09-22 09:00:00,5.9411836124442665
2023-09-22 10:00:00,6.397008690846812
2023-09-22 11:00:00,6.5725703483192675
2023-09-22 12:00:00,6.797363859721174
2023-09-22 13:00:00,6.922012031077424
2023-09-22 14:00:00,6.479312502006669
2023-09-22 15:00:00,6.8249197644234
2023-09-22 16:00:00,7.180871817413505
2023-09-22 17:00:00,6.653063754528565
2023-09-22 18:00:00,7.2801741481872435
2023-09-22 19:00:00,6.997213131299964
2023-09-22 20:00:00,7.071395487761059
2023-09-22 21:00:00,7.182684612939747
2023-09-22 22:00:00,7.213965516642224
2023-09-22 23:00:00,6.540559386203746
2023-09-23 00:00:00,6.38093802544244
2023-09-23 01:00:00,6.496514771265886
2023-09-23 02:00:00,6.635664726941601
2023-09-23 03:00:00,6.666476622879501
2023-09-23 04:00:00,6.085346658925108
2023-09-23 05:00:00,6.076005813738803
2023-09-23 06:00:00,6.4991115828287525
2023-09-23 07:00:00,6.315648242533061
2023-09-23 08:00:00,6.254869254495475
2023-09-23 09:00:00,6.603497686518508
2023-09-23 10:00:00,6.95380402549035
2023-09-23 11:00:00,7.553074289873593
2023-09-23 12:00:00,7.388446541955525
2023-09-23 13:00:00,7.029308692637694
2023-09-23 14:00:00,7.162319079512719
2023-09-23 15:00:00,7.131093229466617
2023-09-23 16:00:00,6.598118827475874
2023-09-23 17:00:00,6.437335137329587
2023-09-23 18:00:00,6.318440332907904
2023-09-23 19:00:00,6.139597807216517
2023-09-23 20:00:00,5.89247766697163
2023-09-23 21:00:00,5.716507631078764
2023-09-23 22:00:00,5.935559525789792
2023-09-23 23:00:00,5.617912129832236
2023-09-24 00:00:00,5.433024217587061
2023-09-24 01:00:00,5.983480430024364
2023-09-24 02:00:00,6.283840839692689
2023-09-24 03:00:00,5.761577721769553
2023-09-24 04:00:00,5.838683833652949
2023-09-24 05:00:00,5.934205618790068
2023-09-24 06:00:00,5.940061980608435
2023-09-24 07:00:00,5.697276422174221
2023-09-24 08:00:00,5.950999076964251
2023-09-24 09:00:00,6.054652197925058
2023-09-24 10:00:00,6.417085983045709
2023-09-24 11:00:00,6.652558347949288
2023-09-24 12:00:00,6.878455643344412
2023-09-24 13:00:00,6.438772308246791
2023-09-24 14:00:00,6.273967095523181
2023-09-24 15:00:00,6.463406819602388
2023-09-24 16:00:00,6.792438787560441
2023-09-24 17:00:00,6.131956155058084
2023-09-24 18:00:00,6.400200112839726
2023-09-24 19:00:00,5.752914991917651
2023-09-24 20:00:00,5.550093234198491
2023-09-24 21:00:00,5.678603963016156
2023-09-24 22:00:00,5.407435977896737
2023-09-24 23:00:00,5.165638405959231
2023-09-25 00:00:00,5.701407486863717
2023-09-25 01:00:00,5.740259925832688
2023-09-25 02:00:00,5.683432993384731
2023-09-25 03:00:00,5.822764471163194
2023-09-25 04:00:00,5.872279465356914
2023-09-25 05:00:00,5.7669756973941695
2023-09-25 06:00:00,5.616803532602184
2023-09-25 07:00:00,5.390150962086433
2023-09-25 08:00:00,5.856033802611447
2023-09-25 09:00:00,6.023345830094651
2023-09-25 10:00:00,6.314194206476058
2023-09-25 11:00:00,6.552339958836342
2023-09-25 12:00:00,6.9170753019868005
2023-09-25 13:00:00,7.151459757684182
2023-09-25 14:00:00,6.515952018196552
2023-09-25 15:00:00,6.45925996233566
2023-09-25 16:00:00,6.042836515223143
2023-09-25 17:00:00,6.631454472842411
2023-09-25 18:00:00,7.080344665794477
2023-09-25 19:00:00,6.718044515337805
2023-09-25 20:00:00,6.879884701452819
2023-09-25 21:00:00,6.443394666849832
2023-09-25 22:00:00,5.942024452585483
2023-09-25 23:00:00,6.10454811106391
2023-09-26 00:00:00,5.99925555813388
2023-09-26 01:00:00,6.582180921227026
2023-09-26 02:00:00,6.4196690779971775
2023-09-26 03:00:00,6.414496921218951
2023-09-26 04:00:00,6.648304448833819
2023-09-26 05:00:00,6.97567532082643
2023-09-26 06:00:00,7.208552574436542
2023-09-26 07:00:00,7.365785540434607
2023-09-26 08:00:00,27.661461576574993
2023-09-26 09:00:00,27.878577149770162
2023-09-26 10:00:00,29.733696286767916
2023-09-26 11:00:00,30.684190525057886
2023-09-26 12:00:00,30.986400454703563
2023-09-26 13:00:00,34.550711451718925
2023-09-26 14:00:00,44.19456658996805
2023-09-26 15:00:00,48.96192573995276
2023-09-26 16:00:00,50.06713225995839
2023-09-26 17:00:00,51.39416497247948
2023-09-26 18:00:00,48.6891845281976
2023-09-26 19:00:00,44.93843665420947
2023-09-26 20:00:00,7.529794747970171
2023-09-26 21:00:00,7.475250409136897
2023-09-26 22:00:00,7.172856677631967
2023-09-26 23:00:00,7.270383070441844
2023-09-27 00:00:00,6.759089142190698
2023-09-27 01:00:00,6.691273826650698
2023-09-27 02:00:00,6.485242741662047
2023-09-27 03:00:00,7.015968065199175
2023-09-27 04:00:00,6.792154097239803
2023-09-27 05:00:00,7.299528435618269
2023-09-27 06:00:00,7.110655064242218
2023-09-27 07:00:00,7.123811446331095
2023-09-27 08:00:00,32.037177715073426
2023-09-27 09:00:00,28.8765075897441
2023-09-27 10:00:00,29.213157632486446
2023-09-27 11:00:00,28.838608531412707
2023-09-27 12:00:00,33.288710774842
2023-09-27 13:00:00,35.375182011889834
2023-09-27 14:00:00,44.97641283263817
2023-09-27 15:00:00,48.26287621983965
2023-09-27 16:00:00,47.27816935138342
2023-09-27 17:00:00,48.3747345601573
2023-09-27 18:00:00,43.66228489583624
2023-09-27 19:00:00,40.16640945341121
2023-09-27 20:00:00,6.773661643148951
2023-09-27 21:00:00,5.872203817536572
2023-09-27 22:00:00,5.509750831707114
2023-09-27 23:00:00,5.762646947646209
2023-09-28 00:00:00,5.714363753157202
2023-09-28 01:00:00,5.4072534393766745
2023-09-28 02:00:00,5.3005439623355715
2023-09-28 03:00:00,5.9417378963529215
2023-09-28 04:00:00,6.0387178266445165
2023-09-28 05:00:00,5.68383671817342
2023-09-28 06:00:00,6.154966388323574
2023-09-28 07:00:00,6.306632490882047
2023-09-28 08:00:00,29.469799487905547
2023-09-28 09:00:00,30.39499792908705
2023-09-28 10:00:00,30.448257276652374
2023-09-28 11:00:00,30.836528198558128
2023-09-28 12:00:00,30.68176302598465
2023-09-28 13:00:00,37.465185306929584
2023-09-28 14:00:00,45.755007809861766
2023-09-28 15:00:00,50.664510871439695
2023-09-28 16:00:00,49.80343995810354
2023-09-28 17:00:00,50.83175751491061
2023-09-28 18:00:00,46.79562498054168
2023-09-28 19:00:00,41.319470307925755
2023-09-28 20:00:00,6.896894904175716
2023-09-28 21:00:00,7.078112544509674
2023-09-28 22:00:00,7.4374586862003
2023-09-28 23:00:00,7.642206779993558
2023-09-29 00:00:00,7.535529957582402
2023-09-29 01:00:00,7.502837637355321
2023-09-29 02:00:00,7.220072844781889
2023-09-29 03:00:00,7.202591664861792
2023-09-29 04:00:00,7.116902692563136
2023-09-29 05:00:00,6.920169157309775
2023-09-29 06:00:00,6.6406598051365275
2023-09-29 07:00:00,6.66593569500247
2023-09-29 08:00:00,32.373559571297456
2023-09-29 09:00:00,30.165905041193287
2023-09-29 10:00:00,30.1347059647305
2023-09-29 11:00:00,32.817666893754556
2023-09-29 12:00:00,40.44150895603098
2023-09-29 13:00:00,46.869286490400114
2023-09-29 14:00:00,53.31200305193431
2023-09-29 15:00:00,57.125035847600266
2023-09-29 16:00:00,58.90270232944909
2023-09-29 17:00:00,58.780499490077304
2023-09-29 18:00:00,55.861570070054746
2023-09-29 19:00:00,51.233727246425985
2023-09-29 20:00:00,6.709770146894977
2023-09-29 21:00:00,6.8646870626061816
2023-09-29 22:00:00,7.16636934320662
2023-09-29 23:00:00,6.737992325243272
2023-09-30 00:00:00,6.3316984618101655
2023-09-30 01:00:00,6.044621023076883
2023-09-30 02:00:00,5.713557771320427
2023-09-30 03:00:00,5.597071600898422
2023-09-30 04:00:00,5.952587087054505
2023-09-30 05:00:00,6.4155093772953045
2023-09-30 06:00:00,5.949111999567428
2023-09-30 07:00:00,6.520101559915071
2023-09-30 08:00:00,6.0457648753501845
2023-09-30 09:00:00,5.934043715252791
2023-09-30 10:00:00,5.68743515762569
2023-09-30 11:00:00,6.206802300997602
2023-09-30 12:00:00,5.6937043035646875
2023-09-30 13:00:00,6.075692004530713
2023-09-30 14:00:00,6.261262248050649
2023-09-30 15:00:00,6.533151250981883
2023-09-30 16:00:00,6.28475796785266
2023-09-30 17:00:00,6.266743864704916
2023-09-30 18:00:00,5.971300885870026
2023-09-30 19:00:00,6.2637938879593005
2023-09-30 20:00:00,5.568621662333385
2023-09-30 21:00:00,5.170678634775607
2023-09-30 22:00:00,5.443760275573744
2023-09-30 23:00:00,4.978982977820269
