time,consumption
2024-01-01 00:00:00,6.00504605235895
2024-01-01 01:00:00,5.817399113033764
2024-01-01 02:00:00,6.199658796660753
2024-01-01 03:00:00,6.459994228612303
2024-01-01 04:00:00,5.535414789261478
2024-01-01 05:00:00,5.456821390944623
2024-01-01 06:00:00,5.449953487220164
2024-01-01 07:00:00,5.981778133488336
2024-01-01 08:00:00,81.32064695808276
2024-01-01 09:00:00,81.1426702433515
2024-01-01 10:00:00,78.91789709595767
2024-01-01 11:00:00,73.33493712897605
2024-01-01 12:00:00,69.88379998517222
2024-01-01 13:00:00,66.56860107363103
2024-01-01 14:00:00,65.08059684772313
2024-01-01 15:00:00,61.713071300966654
2024-01-01 16:00:00,61.79385475078675
2024-01-01 17:00:00,62.947672363383624
2024-01-01 18:00:00,65.50720085214903
2024-01-01 19:00:00,68.18407706212453
2024-01-01 20:00:00,6.5992586168821505
2024-01-01 21:00:00,6.4021928759770255
2024-01-01 22:00:00,6.263718737463625
2024-01-01 23:00:00,6.19753370983174
2024-01-02 00:00:00,6.107042475674852
2024-01-02 01:00:00,5.999317539672988
2024-01-02 02:00:00,5.976150560975834
2024-01-02 03:00:00,6.436573743502825
2024-01-02 04:00:00,6.346461662737158
2024-01-02 05:00:00,6.511171830525177
2024-01-02 06:00:00,7.28212084100067
2024-01-02 07:00:00,6.863968789972666
2024-01-02 08:00:00,80.42480772996706
2024-01-02 09:00:00,80.01094611908346
2024-01-02 10:00:00,78.70656481524577
2024-01-02 11:00:00,74.99244599383186
2024-01-02 12:00:00,72.9307607138278
2024-01-02 13:00:00,69.525042480375
2024-01-02 14:00:00,66.74105263479689
2024-01-02 15:00:00,64.93187067964728
2024-01-02 16:00:00,64.04823317165724
2024-01-02 17:00:00,63.681245604741235
2024-01-02 18:00:00,64.27871332563839
2024-01-02 19:00:00,64.93655899953126
2024-01-02 20:00:00,6.398383165027967
2024-01-02 21:00:00,6.693037080971696
2024-01-02 22:00:00,6.431189423339474
2024-01-02 23:00:00,6.58948591568716
2024-01-03 00:00:00,6.489780584305472
2024-01-03 01:00:00,6.794840894040276
2024-01-03 02:00:00,6.408583505445805
2024-01-03 03:00:00,6.447859739360991
2024-01-03 04:00:00,6.32288640306604
2024-01-03 05:00:00,6.199548405439263
2024-01-03 06:00:00,5.986717960552516
2024-01-03 07:00:00,6.226793070138279
2024-01-03 08:00:00,59.7050767474057
2024-01-03 09:00:00,59.66523480521623
2024-01-03 10:00:00,58.80493175984912
2024-01-03 11:00:00,58.02571035010634
2024-01-03 12:00:00,55.79472964448418
2024-01-03 13:00:00,54.952133625192296
2024-01-03 14:00:00,55.095992514500395
2024-01-03 15:00:00,54.20215687888577
2024-01-03 16:00:00,54.97436025496867
2024-01-03 17:00:00,55.97146600277491
2024-01-03 18:00:00,56.611276046770726
2024-01-03 19:00:00,57.15254638196818
2024-01-03 20:00:00,6.488087153424608
2024-01-03 21:00:00,6.409711561462164
2024-01-03 22:00:00,6.343982286020061
2024-01-03 23:00:00,5.48984516741228
2024-01-04 00:00:00,5.278228161841131
2024-01-04 01:00:00,5.736435644992325
2024-01-04 02:00:00,5.594213465846655
2024-01-04 03:00:00,5.701986356981357
2024-01-04 04:00:00,6.055030313955454
2024-01-04 05:00:00,6.020970925811029
2024-01-04 06:00:00,6.150317141242747
2024-01-04 07:00:00,6.054098105953397
2024-01-04 08:00:00,69.49511216974403
2024-01-04 09:00:00,67.25117357807717
2024-01-04 10:00:00,65.37906518302565
2024-01-04 11:00:00,62.279246184822725
2024-01-04 12:00:00,59.60332438139134
2024-01-04 13:00:00,57.392910176644534
2024-01-04 14:00:00,59.16107625391237
2024-01-04 15:00:00,59.81601092350726
2024-01-04 16:00:00,60.03450779666924
2024-01-04 17:00:00,59.99021991057482
2024-01-04 18:00:00,60.553386117856824
2024-01-04 19:00:00,61.893220736314
2024-01-04 20:00:00,6.369048911162754
2024-01-04 21:00:00,6.010911607844091
2024-01-04 22:00:00,5.633388958393329
2024-01-04 23:00:00,5.188629644935334
2024-01-05 00:00:00,4.920065321367127
2024-01-05 01:00:00,4.800895943788576
2024-01-05 02:00:00,4.865797800913188
2024-01-05 03:00:00,5.139556280154461
2024-01-05 04:00:00,5.033996465690681
2024-01-05 05:00:00,5.726921544205009
2024-01-05 06:00:00,5.4934438340530285
2024-01-05 07:00:00,5.7842430262044555
2024-01-05 08:00:00,73.1946582547121
2024-01-05 09:00:00,73.02527754575351
2024-01-05 10:00:00,71.1186196612363
2024-01-05 11:00:00,68.37679666237432
2024-01-05 12:00:00,66.00936947373565
2024-01-05 13:00:00,62.88683528986117
2024-01-05 14:00:00,63.386673900427375
2024-01-05 15:00:00,63.34579380958298
2024-01-05 16:00:00,64.14716962342969
2024-01-05 17:00:00,65.44418654070864
2024-01-05 18:00:00,67.78034847516514
2024-01-05 19:00:00,69.90105798495665
2024-01-05 20:00:00,5.978873634442391
2024-01-05 21:00:00,5.4090693161084555
2024-01-05 22:00:00,5.79390890982914
2024-01-05 23:00:00,5.96918487122764
2024-01-06 00:00:00,5.331995912420701
2024-01-06 01:00:00,5.1680735551476635
2024-01-06 02:00:00,5.368304858846821
2024-01-06 03:00:00,5.30062452767603
2024-01-06 04:00:00,5.765164646218905
2024-01-06 05:00:00,5.683138778095135
2024-01-06 06:00:00,6.495253662016308
2024-01-06 07:00:00,5.8775697358437355
2024-01-06 08:00:00,5.830253137493452
2024-01-06 09:00:00,5.958720781392352
2024-01-06 10:00:00,6.0521016463601365
2024-01-06 11:00:00,5.628371153552889
2024-01-06 12:00:00,6.0131600654150414
2024-01-06 13:00:00,6.024584506728387
2024-01-06 14:00:00,5.591775753521581
2024-01-06 15:00:00,5.259950541974961
2024-01-06 16:00:00,5.6335297649120655
2024-01-06 17:00:00,5.85648601119351
2024-01-06 18:00:00,6.356797433978851
2024-01-06 19:00:00,6.889227594318457
2024-01-06 20:00:00,6.583328382696153
2024-01-06 21:00:00,6.425381908902649
2024-01-06 22:00:00,5.639603920247374
2024-01-06 23:00:00,5.557504510516301
2024-01-07 00:00:00,5.317641244755065
2024-01-07 01:00:00,5.133673881344003
2024-01-07 02:00:00,5.23152687681958
2024-01-07 03:00:00,4.904095016835547
2024-01-07 04:00:00,5.313926307611533
2024-01-07 05:00:00,5.525526920097607
2024-01-07 06:00:00,5.86432092672186
2024-01-07 07:00:00,5.625733495653876
2024-01-07 08:00:00,4.939210271534688
2024-01-07 09:00:00,5.4414554569051425
2024-01-07 10:00:00,5.600670592839107
2024-01-07 11:00:00,5.817155746228592
2024-01-07 12:00:00,5.730132905684164
2024-01-07 13:00:00,6.396969301203174
2024-01-07 14:00:00,6.452828754395856
2024-01-07 15:00:00,6.2148422680821955
2024-01-07 16:00:00,5.59531125918838
2024-01-07 17:00:00,5.795905730636037
2024-01-07 18:00:00,5.713167110952062
2024-01-07 19:00:00,5.695594629452629
2024-01-07 20:00:00,5.8195878436891375
2024-01-07 21:00:00,5.7275436408402305
2024-01-07 22:00:00,5.910037257737861
2024-01-07 23:00:00,5.870291276429061
2024-01-08 00:00:00,5.910848253289621
2024-01-08 01:00:00,6.186688722624106
2024-01-08 02:00:00,5.951958949964581
2024-01-08 03:00:00,5.762504951270956
2024-01-08 04:00:00,5.629396289701447
2024-01-08 05:00:00,5.8637269130686125
2024-01-08 06:00:00,5.485284820109312
2024-01-08 07:00:00,5.52791179125187
2024-01-08 08:00:00,89.9432188003475
2024-01-08 09:00:00,90.2084811244073
2024-01-08 10:00:00,87.24715001431055
2024-01-08 11:00:00,83.82633356691532
2024-01-08 12:00:00,79.51126019590845
2024-01-08 13:00:00,74.87134158206118
2024-01-08 14:00:00,72.53695531605933
2024-01-08 15:00:00,70.94800857054517
2024-01-08 16:00:00,70.44873183514484
2024-01-08 17:00:00,71.30434583921189
2024-01-08 18:00:00,73.39528609233334
2024-01-08 19:00:00,74.6011088162787
2024-01-08 20:00:00,6.429728202272516
2024-01-08 21:00:00,6.570196141357637
2024-01-08 22:00:00,6.867312368786273
2024-01-08 23:00:00,7.070658345769215
2024-01-09 00:00:00,6.6026552919259025
2024-01-09 01:00:00,6.896265127722394
2024-01-09 02:00:00,6.187903637211991
2024-01-09 03:00:00,6.141047205704029
2024-01-09 04:00:00,6.478874374962171
2024-01-09 05:00:00,6.368118893505874
2024-01-09 06:00:00,6.075272109596456
2024-01-09 07:00:00,6.465221269345987
2024-01-09 08:00:00,78.80143509834994
2024-01-09 09:00:00,78.68700962884772
2024-01-09 10:00:00,76.97805804671027
2024-01-09 11:00:00,74.5514108197976
2024-01-09 12:00:00,71.96658473425832
2024-01-09 13:00:00,69.94452345964864
2024-01-09 14:00:00,69.63947601980176
2024-01-09 15:00:00,68.82914712609224
2024-01-09 16:00:00,68.75083607103326
2024-01-09 17:00:00,69.44617207141847
2024-01-09 18:00:00,70.89431126783315
2024-01-09 19:00:00,71.96065328395116
2024-01-09 20:00:00,5.564589549646453
2024-01-09 21:00:00,5.404904966355853
2024-01-09 22:00:00,5.747526005326324
2024-01-09 23:00:00,5.781774721699705
2024-01-10 00:00:00,5.888101468448239
2024-01-10 01:00:00,6.017374700196588
2024-01-10 02:00:00,6.130811998965498
2024-01-10 03:00:00,5.771878646976349
2024-01-10 04:00:00,6.112781353070639
2024-01-10 05:00:00,6.480000944347123
2024-01-10 06:00:00,6.2750366429705915
2024-01-10 07:00:00,5.932334342510131
2024-01-10 08:00:00,74.64635284097812
2024-01-10 09:00:00,75.91586226744666
2024-01-10 10:00:00,75.76144450024346
2024-01-10 11:00:00,74.03549022997362
2024-01-10 12:00:00,72.46225847528119
2024-01-10 13:00:00,70.07762993726827
2024-01-10 14:00:00,69.63363778872154
2024-01-10 15:00:00,68.2469155156694
2024-01-10 16:00:00,69.61054382789882
2024-01-10 17:00:00,70.84314837159565
2024-01-10 18:00:00,71.27456400866365
2024-01-10 19:00:00,71.72944403369144
2024-01-10 20:00:00,5.851023218982793
2024-01-10 21:00:00,5.733916710715378
2024-01-10 22:00:00,5.722822733991989
2024-01-10 23:00:00,5.3333984973865585
2024-01-11 00:00:00,5.242418974787678
2024-01-11 01:00:00,4.943912828091405
2024-01-11 02:00:00,4.821219837269335
2024-01-11 03:00:00,4.406622775534781
2024-01-11 04:00:00,5.296515883224294
2024-01-11 05:00:00,5.163826081643326
2024-01-11 06:00:00,4.982336375947209
2024-01-11 07:00:00,6.014170066672827
2024-01-11 08:00:00,82.74925965232643
2024-01-11 09:00:00,81.7761363987005
2024-01-11 10:00:00,79.25892908215877
2024-01-11 11:00:00,76.77280756576152
2024-01-11 12:00:00,73.53731098801912
2024-01-11 13:00:00,70.99792870385014
2024-01-11 14:00:00,70.6061224949018
2024-01-11 15:00:00,69.43798922826005
2024-01-11 16:00:00,69.4407569078124
2024-01-11 17:00:00,70.20881259722852
2024-01-11 18:00:00,71.27584683106042
2024-01-11 19:00:00,73.47014237403191
2024-01-11 20:00:00,6.122236841076364
2024-01-11 21:00:00,5.938766935933447
2024-01-11 22:00:00,6.089371790802773
2024-01-11 23:00:00,6.278854908674051
2024-01-12 00:00:00,5.9160502062772835
2024-01-12 01:00:00,5.976135193575941
2024-01-12 02:00:00,5.909887573155592
2024-01-12 03:00:00,6.14670812502263
2024-01-12 04:00:00,6.089521080794862
2024-01-12 05:00:00,6.346582707286208
2024-01-12 06:00:00,6.230777392849984
2024-01-12 07:00:00,6.272797449432691
2024-01-12 08:00:00,89.45618877243614
2024-01-12 09:00:00,88.44498480506549
2024-01-12 10:00:00,86.56921154152654
2024-01-12 11:00:00,83.56243764187388
2024-01-12 12:00:00,79.25847522463803
2024-01-12 13:00:00,75.8744214143633
2024-01-12 14:00:00,75.21512651890534
2024-01-12 15:00:00,73.14585796613612
2024-01-12 16:00:00,71.94304373494194
2024-01-12 17:00:00,72.03401747455894
2024-01-12 18:00:00,74.62660978687468
2024-01-12 19:00:00,77.12983836309029
2024-01-12 20:00:00,6.2483994716770885
2024-01-12 21:00:00,6.131312096216578
2024-01-12 22:00:00,6.363225909932197
2024-01-12 23:00:00,5.768348603206624
2024-01-13 00:00:00,5.598354357000694
2024-01-13 01:00:00,5.620595499409184
2024-01-13 02:00:00,5.303745017882308
2024-01-13 03:00:00,5.388422972006589
2024-01-13 04:00:00,5.705731851933632
2024-01-13 05:00:00,5.1791969633129
2024-01-13 06:00:00,5.243146727950822
2024-01-13 07:00:00,5.393503099052852
2024-01-13 08:00:00,5.592857988191421
2024-01-13 09:00:00,5.693056998350612
2024-01-13 10:00:00,5.375515995270511
2024-01-13 11:00:00,5.932144846739342
2024-01-13 12:00:00,6.140484057944279
2024-01-13 13:00:00,5.912409012823621
2024-01-13 14:00:00,6.0463990933443945
2024-01-13 15:00:00,5.965438042842941
2024-01-13 16:00:00,5.76617986522985
2024-01-13 17:00:00,5.481795903565339
2024-01-13 18:00:00,5.416528530399226
2024-01-13 19:00:00,5.903913737042218
2024-01-13 20:00:00,6.092638293198093
2024-01-13 21:00:00,5.989641624692014
2024-01-13 22:00:00,6.327043481632717
2024-01-13 23:00:00,6.160359852506758
2024-01-14 00:00:00,6.623344460153676
2024-01-14 01:00:00,6.783199950433756
2024-01-14 02:00:00,6.637349055162048
2024-01-14 03:00:00,6.516302659133661
2024-01-14 04:00:00,6.697331033841191
2024-01-14 05:00:00,6.344397713583006
2024-01-14 06:00:00,6.426081963109488
2024-01-14 07:00:00,6.281819936389442
2024-01-14 08:00:00,6.386814469293654
2024-01-14 09:00:00,6.568789294478716
2024-01-14 10:00:00,6.9220832335523195
2024-01-14 11:00:00,6.835789993979931
2024-01-14 12:00:00,7.500063226455414
2024-01-14 13:00:00,7.556070601701297
2024-01-14 14:00:00,7.147294179559059
2024-01-14 15:00:00,7.083367407928864
2024-01-14 16:00:00,6.630091321768092
2024-01-14 17:00:00,6.288651096548151
2024-01-14 18:00:00,6.753965259821225
2024-01-14 19:00:00,6.494520835341358
2024-01-14 20:00:00,6.086946464222088
2024-01-14 21:00:00,5.410272324569534
2024-01-14 22:00:00,5.781458031223687
2024-01-14 23:00:00,5.272566540841918
2024-01-15 00:00:00,5.746245037864878
2024-01-15 01:00:00,5.465640753436145
2024-01-15 02:00:00,5.964676900144333
2024-01-15 03:00:00,6.291938837921489
2024-01-15 04:00:00,5.513283853686051
2024-01-15 05:00:00,5.9073899755118315
2024-01-15 06:00:00,5.890414762173007
2024-01-15 07:00:00,6.191595043125059
2024-01-15 08:00:00,63.20995353358611
2024-01-15 09:00:00,61.86911429353193
2024-01-15 10:00:00,60.33668083615338
2024-01-15 11:00:00,58.579335236416796
2024-01-15 12:00:00,56.02446099888288
2024-01-15 13:00:00,54.455942199661976
2024-01-15 14:00:00,51.88225697517599
2024-01-15 15:00:00,50.2348219245631
2024-01-15 16:00:00,49.46474459439533
2024-01-15 17:00:00,50.12552847925405
2024-01-15 18:00:00,50.69167342491616
2024-01-15 19:00:00,51.20000313634508
2024-01-15 20:00:00,6.97287656709785
2024-01-15 21:00:00,6.953966562536233
2024-01-15 22:00:00,6.176924460538981
2024-01-15 23:00:00,6.356789675351559
2024-01-16 00:00:00,6.343800759918432
2024-01-16 01:00:00,6.313824928371983
2024-01-16 02:00:00,6.3771832766121
2024-01-16 03:00:00,6.003186616599315
2024-01-16 04:00:00,6.152457555128629
2024-01-16 05:00:00,6.6027378375330725
2024-01-16 06:00:00,6.4320455815328375
2024-01-16 07:00:00,6.259796692492284
2024-01-16 08:00:00,52.17824124127868
2024-01-16 09:00:00,53.31760130030866
2024-01-16 10:00:00,53.380837603287695
2024-01-16 11:00:00,52.78351942537687
2024-01-16 12:00:00,52.01956813872113
2024-01-16 13:00:00,51.56822699786722
2024-01-16 14:00:00,51.062422722448304
2024-01-16 15:00:00,51.780509503857814
2024-01-16 16:00:00,51.04501711052345
2024-01-16 17:00:00,51.73577904473419
2024-01-16 18:00:00,52.524320475515395
2024-01-16 19:00:00,53.097187578964274
2024-01-16 20:00:00,7.317086473263566
2024-01-16 21:00:00,7.295363249825033
2024-01-16 22:00:00,6.503526184932899
2024-01-16 23:00:00,6.13972734083405
2024-01-17 00:00:00,5.894008888342854
2024-01-17 01:00:00,5.657009535806083
2024-01-17 02:00:00,5.505631236233547
2024-01-17 03:00:00,5.821691600155387
2024-01-17 04:00:00,5.99924230548447
2024-01-17 05:00:00,5.61143674581454
2024-01-17 06:00:00,5.589522231333497
2024-01-17 07:00:00,5.4773773853619465
2024-01-17 08:00:00,57.962307896917295
2024-01-17 09:00:00,58.510621936102595
2024-01-17 10:00:00,57.3141756043582
2024-01-17 11:00:00,56.079753699581566
2024-01-17 12:00:00,54.39733804267024
2024-01-17 13:00:00,54.664772687645595
2024-01-17 14:00:00,56.70501648386384
2024-01-17 15:00:00,56.40453916540651
2024-01-17 16:00:00,55.58834679198889
2024-01-17 17:00:00,55.67543067077032
2024-01-17 18:00:00,56.676568812206
2024-01-17 19:00:00,56.91587622635281
2024-01-17 20:00:00,6.509777312624459
2024-01-17 21:00:00,6.496531037949713
2024-01-17 22:00:00,6.150737242977997
2024-01-17 23:00:00,6.058840498499136
2024-01-18 00:00:00,5.5730094467155
2024-01-18 01:00:00,5.434128971536866
2024-01-18 02:00:00,4.82704554614337
2024-01-18 03:00:00,4.58155469350057
2024-01-18 04:00:00,4.426458428960547
2024-01-18 05:00:00,5.274021374606985
2024-01-18 06:00:00,5.473336285065795
2024-01-18 07:00:00,5.240898743358995
2024-01-18 08:00:00,56.1864629334281
2024-01-18 09:00:00,55.453921040321156
2024-01-18 10:00:00,54.226265875248295
2024-01-18 11:00:00,52.76987603574431
2024-01-18 12:00:00,50.34090995447359
2024-01-18 13:00:00,48.35072281225089
2024-01-18 14:00:00,46.9110802575403
2024-01-18 15:00:00,46.10089201424131
2024-01-18 16:00:00,45.90147750324771
2024-01-18 17:00:00,47.92664898521635
2024-01-18 18:00:00,50.36853083989307
2024-01-18 19:00:00,52.95058796261411
2024-01-18 20:00:00,6.213387943064181
2024-01-18 21:00:00,6.290453846833598
2024-01-18 22:00:00,5.560367723329822
2024-01-18 23:00:00,6.164810842942376
2024-01-19 00:00:00,5.567596853777502
2024-01-19 01:00:00,5.503944070323741
2024-01-19 02:00:00,5.6218662214016675
2024-01-19 03:00:00,5.4262771866743
2024-01-19 04:00:00,5.398092153022761
2024-01-19 05:00:00,5.310008884693031
2024-01-19 06:00:00,5.345782524297706
2024-01-19 07:00:00,5.4684896999433175
2024-01-19 08:00:00,62.55701075508864
2024-01-19 09:00:00,63.43133320489747
2024-01-19 10:00:00,65.88471361161648
2024-01-19 11:00:00,68.71564766656243
2024-01-19 12:00:00,70.74481014688655
2024-01-19 13:00:00,72.23455479138215
2024-01-19 14:00:00,74.82332156283503
2024-01-19 15:00:00,75.4992390323666
2024-01-19 16:00:00,76.96951037172671
2024-01-19 17:00:00,77.35137990741353
2024-01-19 18:00:00,78.56321500685792
2024-01-19 19:00:00,78.49346890915413
2024-01-19 20:00:00,7.190592403039321
2024-01-19 21:00:00,7.524604961384164
2024-01-19 22:00:00,7.201193040163668
2024-01-19 23:00:00,7.106450250998713
2024-01-20 00:00:00,6.578095239585385
2024-01-20 01:00:00,6.416770612928945
2024-01-20 02:00:00,6.0314162372234215
2024-01-20 03:00:00,6.35561080383095
2024-01-20 04:00:00,6.281502326409458
2024-01-20 05:00:00,5.9940054344661515
2024-01-20 06:00:00,5.672644854109639
2024-01-20 07:00:00,5.2611194383968956
2024-01-20 08:00:00,5.354923378288218
2024-01-20 09:00:00,5.70817787908798
2024-01-20 10:00:00,5.507346317364092
2024-01-20 11:00:00,5.884280759565916
2024-01-20 12:00:00,6.424989001110677
2024-01-20 13:00:00,6.2225473356975405
2024-01-20 14:00:00,6.0998128719916185
2024-01-20 15:00:00,5.940209159167774
2024-01-20 16:00:00,6.024489913577959
2024-01-20 17:00:00,6.159144967495211
2024-01-20 18:00:00,5.8826530422574725
2024-01-20 19:00:00,5.832560171079763
2024-01-20 20:00:00,6.195311149400374
2024-01-20 21:00:00,5.7057184211606105
2024-01-20 22:00:00,5.826714556170344
2024-01-20 23:00:00,5.977716762835333
2024-01-21 00:00:00,6.4772226482392234
2024-01-21 01:00:00,6.154961692362503
2024-01-21 02:00:00,6.003333287191273
2024-01-21 03:00:00,6.376924086906187
2024-01-21 04:00:00,6.15414340156292
2024-01-21 05:00:00,6.262392204709835
2024-01-21 06:00:00,6.080013809087513
2024-01-21 07:00:00,6.226647146719906
2024-01-21 08:00:00,5.974340854793367
2024-01-21 09:00:00,6.4154546086669155
2024-01-21 10:00:00,6.63604689486146
2024-01-21 11:00:00,6.965308010766023
2024-01-21 12:00:00,6.703016151155977
2024-01-21 13:00:00,6.690460256682115
2024-01-21 14:00:00,6.463583488973718
2024-01-21 15:00:00,6.869506761739862
2024-01-21 16:00:00,6.146235516102943
2024-01-21 17:00:00,5.977632028608445
2024-01-21 18:00:00,5.678970832402137
2024-01-21 19:00:00,4.9129789137367785
2024-01-21 20:00:00,5.711286188586666
2024-01-21 21:00:00,5.6837375487643005
2024-01-21 22:00:00,5.390530485256438
2024-01-21 23:00:00,4.813712724351732
2024-01-22 00:00:00,4.843706768595298
2024-01-22 01:00:00,4.685235029553474
2024-01-22 02:00:00,5.30702624674857
2024-01-22 03:00:00,5.621271110691744
2024-01-22 04:00:00,5.281179911696615
2024-01-22 05:00:00,5.520135372541754
2024-01-22 06:00:00,5.325181938230098
2024-01-22 07:00:00,5.638459497348773
2024-01-22 08:00:00,82.65187021791934
2024-01-22 09:00:00,81.5222174644052
2024-01-22 10:00:00,78.61303423843243
2024-01-22 11:00:00,74.5554449022165
2024-01-22 12:00:00,71.26157852672353
2024-01-22 13:00:00,67.48579734962863
2024-01-22 14:00:00,64.98627182901114
2024-01-22 15:00:00,62.926194103153534
2024-01-22 16:00:00,60.8731895006688
2024-01-22 17:00:00,60.00121695904297
2024-01-22 18:00:00,61.84836637182463
2024-01-22 19:00:00,63.830646198077396
2024-01-22 20:00:00,6.866961368337194
2024-01-22 21:00:00,6.466061479893333
2024-01-22 22:00:00,6.903774447343457
2024-01-22 23:00:00,6.652925257131836
2024-01-23 00:00:00,6.555655327268488
2024-01-23 01:00:00,6.958307535322444
2024-01-23 02:00:00,6.902365920472899
2024-01-23 03:00:00,6.519226916619146
2024-01-23 04:00:00,6.291757154108512
2024-01-23 05:00:00,6.43059364869432
2024-01-23 06:00:00,6.263156664147393
2024-01-23 07:00:00,6.067335949541856
2024-01-23 08:00:00,80.26405784718708
2024-01-23 09:00:00,78.29716245050662
2024-01-23 10:00:00,74.08752533865876
2024-01-23 11:00:00,68.53973332757442
2024-01-23 12:00:00,62.12359871652965
2024-01-23 13:00:00,56.62550857343261
2024-01-23 14:00:00,53.767702326313774
2024-01-23 15:00:00,49.904371218869095
2024-01-23 16:00:00,47.38017677318403
2024-01-23 17:00:00,47.83405004557708
2024-01-23 18:00:00,49.838734322839535
2024-01-23 19:00:00,52.04607212440561
2024-01-23 20:00:00,5.87004305098736
2024-01-23 21:00:00,5.893612701880403
2024-01-23 22:00:00,6.127680555513927
2024-01-23 23:00:00,5.783454494328036
2024-01-24 00:00:00,6.099967431790386
2024-01-24 01:00:00,6.422146703597071
2024-01-24 02:00:00,6.403124538775343
2024-01-24 03:00:00,6.400665749624042
2024-01-24 04:00:00,6.004819669501376
2024-01-24 05:00:00,5.990669850143785
2024-01-24 06:00:00,5.721021289867723
2024-01-24 07:00:00,5.57276984245893
2024-01-24 08:00:00,74.4825897563324
2024-01-24 09:00:00,73.66107716943874
2024-01-24 10:00:00,68.73516938264211
2024-01-24 11:00:00,63.32753355965015
2024-01-24 12:00:00,56.72009387838796
2024-01-24 13:00:00,50.87720033755754
2024-01-24 14:00:00,47.69898442227923
2024-01-24 15:00:00,42.788209568811865
2024-01-24 16:00:00,40.65637073555045
2024-01-24 17:00:00,41.16017709390789
2024-01-24 18:00:00,43.7582705757093
2024-01-24 19:00:00,47.329788862606144
2024-01-24 20:00:00,6.093642912073731
2024-01-24 21:00:00,5.652018675526093
2024-01-24 22:00:00,5.893872797456748
2024-01-24 23:00:00,5.349802482050837
2024-01-25 00:00:00,5.711954753297798
2024-01-25 01:00:00,5.980825610316543
2024-01-25 02:00:00,6.42798778275133
2024-01-25 03:00:00,5.990812756157418
2024-01-25 04:00:00,5.209725627232615
2024-01-25 05:00:00,5.10787417546156
2024-01-25 06:00:00,5.5480866785882865
2024-01-25 07:00:00,5.539679187020321
2024-01-25 08:00:00,78.0460691643643
2024-01-25 09:00:00,77.8481892254427
2024-01-25 10:00:00,72.64986713913287
2024-01-25 11:00:00,65.25769315592278
2024-01-25 12:00:00,56.84333679725042
2024-01-25 13:00:00,51.24601725679402
2024-01-25 14:00:00,45.97821111563208
2024-01-25 15:00:00,41.36286779768953
2024-01-25 16:00:00,39.777281974888325
2024-01-25 17:00:00,40.069353317075716
2024-01-25 18:00:00,43.357013559946346
2024-01-25 19:00:00,46.35800659756447
2024-01-25 20:00:00,5.915707969232149
2024-01-25 21:00:00,6.027383691664569
2024-01-25 22:00:00,5.986354297011237
2024-01-25 23:00:00,5.460537179487534
2024-01-26 00:00:00,5.711418584274077
2024-01-26 01:00:00,5.547939419732257
2024-01-26 02:00:00,5.842057899393196
2024-01-26 03:00:00,5.574894896465277
2024-01-26 04:00:00,5.6510664837747155
2024-01-26 05:00:00,5.828067541766899
2024-01-26 06:00:00,6.0933585341230305
2024-01-26 07:00:00,6.755950847930266
2024-01-26 08:00:00,76.06054767255958
2024-01-26 09:00:00,75.08221445460258
2024-01-26 10:00:00,69.12275949531434
2024-01-26 11:00:00,62.965194303499544
2024-01-26 12:00:00,54.82587427962319
2024-01-26 13:00:00,47.90045618851639
2024-01-26 14:00:00,43.86466760175965
2024-01-26 15:00:00,38.50140882714244
2024-01-26 16:00:00,36.15538193835893
2024-01-26 17:00:00,37.33966132642055
2024-01-26 18:00:00,40.7632906006391
2024-01-26 19:00:00,44.72963432637361
2024-01-26 20:00:00,5.92788673847935
2024-01-26 21:00:00,5.788013172553016
2024-01-26 22:00:00,6.019189579402135
2024-01-26 23:00:00,5.595148221908171
2024-01-27 00:00:00,5.641054647830611
2024-01-27 01:00:00,5.024548084305554
2024-01-27 02:00:00,5.007787460851231
2024-01-27 03:00:00,5.613429729858051
2024-01-27 04:00:00,5.239470102646054
2024-01-27 05:00:00,4.582655380315085
2024-01-27 06:00:00,5.682659532206628
2024-01-27 07:00:00,5.9925577170130575
2024-01-27 08:00:00,6.0809413774883865
2024-01-27 09:00:00,5.677281273621639
2024-01-27 10:00:00,5.863544658982882
2024-01-27 11:00:00,5.8719383016842155
2024-01-27 12:00:00,5.732677493696605
2024-01-27 13:00:00,5.608407976476901
2024-01-27 14:00:00,5.8446724763078395
2024-01-27 15:00:00,6.1506808562721345
2024-01-27 16:00:00,5.474330410254209
2024-01-27 17:00:00,6.1232101612840095
2024-01-27 18:00:00,6.1731795161339775
2024-01-27 19:00:00,6.213556613464389
2024-01-27 20:00:00,5.83187755797207
2024-01-27 21:00:00,5.66153610314447
2024-01-27 22:00:00,5.77645874601891
2024-01-27 23:00:00,5.225771610141437
2024-01-28 00:00:00,5.311322485346449
2024-01-28 01:00:00,5.107053008239214
2024-01-28 02:00:00,5.832530400195605
2024-01-28 03:00:00,5.558016685036703
2024-01-28 04:00:00,5.982140557113396
2024-01-28 05:00:00,5.788637521842751
2024-01-28 06:00:00,6.203123631046607
2024-01-28 07:00:00,6.227331893266305
2024-01-28 08:00:00,6.026550035289862
2024-01-28 09:00:00,5.960273049500626
2024-01-28 10:00:00,6.386255372487771
2024-01-28 11:00:00,6.322028772717619
2024-01-28 12:00:00,6.317299978896237
2024-01-28 13:00:00,6.248940012814461
2024-01-28 14:00:00,5.839837842409421
2024-01-28 15:00:00,5.818302176149053
2024-01-28 16:00:00,5.7571485256434425
2024-01-28 17:00:00,5.294629177522373
2024-01-28 18:00:00,5.085329652606632
2024-01-28 19:00:00,5.105569941936527
2024-01-28 20:00:00,5.3121509689140485
2024-01-28 21:00:00,4.532818496723887
2024-01-28 22:00:00,4.786545987200653
2024-01-28 23:00:00,4.787064815103739
2024-01-29 00:00:00,4.974005855103551
2024-01-29 01:00:00,4.859524138873313
2024-01-29 02:00:00,5.037230322937838
2024-01-29 03:00:00,5.5261084371391584
2024-01-29 04:00:00,6.05102594065571
2024-01-29 05:00:00,6.204673266237864
2024-01-29 06:00:00,6.359332417109758
2024-01-29 07:00:00,6.642024729506778
2024-01-29 08:00:00,70.66810891224478
2024-01-29 09:00:00,69.9617298684233
2024-01-29 10:00:00,66.40213807954781
2024-01-29 11:00:00,59.8513530370002
2024-01-29 12:00:00,55.719820419818426
2024-01-29 13:00:00,52.914643085864576
2024-01-29 14:00:00,52.53032944803407
2024-01-29 15:00:00,51.1676608634243
2024-01-29 16:00:00,50.70752522747667
2024-01-29 17:00:00,51.17311226518267
2024-01-29 18:00:00,52.93338856789862
2024-01-29 19:00:00,54.58191793697492
2024-01-29 20:00:00,6.707062240250206
2024-01-29 21:00:00,6.127585001525397
2024-01-29 22:00:00,6.279856849379959
2024-01-29 23:00:00,5.762621153681644
2024-01-30 00:00:00,5.009687774941374
2024-01-30 01:00:00,4.777193602325186
2024-01-30 02:00:00,4.734601386131317
2024-01-30 03:00:00,4.8497578746155146
2024-01-30 04:00:00,5.203929388401313
2024-01-30 05:00:00,5.427281009481632
2024-01-30 06:00:00,5.106832804754674
2024-01-30 07:00:00,5.283340530845331
2024-01-30 08:00:00,73.31493652308944
2024-01-30 09:00:00,71.80838808343594
2024-01-30 10:00:00,67.23943989672546
2024-01-30 11:00:00,62.040461425445
2024-01-30 12:00:00,58.24239696766787
2024-01-30 13:00:00,55.048958488866376
2024-01-30 14:00:00,51.911181392314646
2024-01-30 15:00:00,50.25450765308249
2024-01-30 16:00:00,48.8741327334694
2024-01-30 17:00:00,49.58455069688583
2024-01-30 18:00:00,52.57943512251845
2024-01-30 19:00:00,54.40270032871234
2024-01-30 20:00:00,5.124401520427432
2024-01-30 21:00:00,5.479405702262231
2024-01-30 22:00:00,5.2956517719607
2024-01-30 23:00:00,5.486404436291843
2024-01-31 00:00:00,5.213845697524777
2024-01-31 01:00:00,5.68126995658669
2024-01-31 02:00:00,4.9619256216017895
2024-01-31 03:00:00,4.716732106402384
2024-01-31 04:00:00,4.675021478780169
2024-01-31 05:00:00,5.4121260262975825
2024-01-31 06:00:00,5.5334795159660155
2024-01-31 07:00:00,5.687763837906141
2024-01-31 08:00:00,80.29834358153299
2024-01-31 09:00:00,79.63364941456155
2024-01-31 10:00:00,76.49274425755485
2024-01-31 11:00:00,71.58644011725585
2024-01-31 12:00:00,66.69947046944175
2024-01-31 13:00:00,62.2497122032767
2024-01-31 14:00:00,59.8376444553423
2024-01-31 15:00:00,56.117990795295974
2024-01-31 16:00:00,54.3499712556943
2024-01-31 17:00:00,54.01079819913004
2024-01-31 18:00:00,56.78444997118988
2024-01-31 19:00:00,59.10400167338287
2024-01-31 20:00:00,5.915615792327394
2024-01-31 21:00:00,6.3309877569472155
2024-01-31 22:00:00,5.8359553937256825
2024-01-31 23:00:00,5.259585841960899
2024-02-01 00:00:00,5.404367145412789
2024-02-01 01:00:00,5.43134473691934
2024-02-01 02:00:00,6.1437671041586075
2024-02-01 03:00:00,6.009350168697829
2024-02-01 04:00:00,6.010844653880406
2024-02-01 05:00:00,5.691343394574243
2024-02-01 06:00:00,6.065886116267659
2024-02-01 07:00:00,6.366039554585587
2024-02-01 08:00:00,79.44036235871882
2024-02-01 09:00:00,78.51033343826032
2024-02-01 10:00:00,71.65460421133659
2024-02-01 11:00:00,63.94140658177115
2024-02-01 12:00:00,55.8340066518059
2024-02-01 13:00:00,51.64659581524284
2024-02-01 14:00:00,48.387412769622244
2024-02-01 15:00:00,43.70114654352267
2024-02-01 16:00:00,41.89959848171688
2024-02-01 17:00:00,42.011057660035284
2024-02-01 18:00:00,44.794997597395884
2024-02-01 19:00:00,49.74303026690352
2024-02-01 20:00:00,7.440866405264858
2024-02-01 21:00:00,6.828201591148338
2024-02-01 22:00:00,6.851965491781146
2024-02-01 23:00:00,6.6554625709596715
2024-02-02 00:00:00,6.469084339859899
2024-02-02 01:00:00,6.373412209976513
2024-02-02 02:00:00,6.756559709511207
2024-02-02 03:00:00,7.178747436900194
2024-02-02 04:00:00,6.984209723420112
2024-02-02 05:00:00,7.363326442039372
2024-02-02 06:00:00,7.281339669196736
2024-02-02 07:00:00,6.9831594598606515
2024-02-02 08:00:00,80.78181932870561
2024-02-02 09:00:00,76.66901799514297
2024-02-02 10:00:00,68.44588910109631
2024-02-02 11:00:00,62.07621118987548
2024-02-02 12:00:00,55.205201159594374
2024-02-02 13:00:00,51.488531903018696
2024-02-02 14:00:00,49.95101962158029
2024-02-02 15:00:00,47.465001327252054
2024-02-02 16:00:00,46.54358996964548
2024-02-02 17:00:00,46.8474823697103
2024-02-02 18:00:00,49.835433668436906
2024-02-02 19:00:00,52.767835817011544
2024-02-02 20:00:00,6.566865522979042
2024-02-02 21:00:00,6.370293797118936
2024-02-02 22:00:00,6.287486184155154
2024-02-02 23:00:00,5.855190825106443
2024-02-03 00:00:00,5.451140324756814
2024-02-03 01:00:00,5.6637487375619076
2024-02-03 02:00:00,4.925126861893424
2024-02-03 03:00:00,5.215526570863466
2024-02-03 04:00:00,5.197355560804833
2024-02-03 05:00:00,5.540188540240118
2024-02-03 06:00:00,6.146017820107693
2024-02-03 07:00:00,5.880284823867684
2024-02-03 08:00:00,6.053224709673567
2024-02-03 09:00:00,5.808378769129344
2024-02-03 10:00:00,6.157617890312943
2024-02-03 11:00:00,6.175902109235917
2024-02-03 12:00:00,6.578428673713449
2024-02-03 13:00:00,6.929005045269694
2024-02-03 14:00:00,6.677165872592037
2024-02-03 15:00:00,6.298294889267781
2024-02-03 16:00:00,6.343867882625683
2024-02-03 17:00:00,6.2564213144295096
2024-02-03 18:00:00,6.058556697049044
2024-02-03 19:00:00,5.864324882247162
2024-02-03 20:00:00,6.0882985211629475
2024-02-03 21:00:00,5.558233321083834
2024-02-03 22:00:00,5.317572867198598
2024-02-03 23:00:00,5.158442090673676
2024-02-04 00:00:00,5.264400045893258
2024-02-04 01:00:00,5.4186351267325605
2024-02-04 02:00:00,5.519556360571077
2024-02-04 03:00:00,5.149719038353111
2024-02-04 04:00:00,5.234525649243747
2024-02-04 05:00:00,5.670090780102384
2024-02-04 06:00:00,5.525346695335737
2024-02-04 07:00:00,5.107517912831701
2024-02-04 08:00:00,4.917095560401428
2024-02-04 09:00:00,4.8887900775870445
2024-02-04 10:00:00,4.928315404231824
2024-02-04 11:00:00,5.377634509698598
2024-02-04 12:00:00,5.852751184248366
2024-02-04 13:00:00,5.39399327114962
2024-02-04 14:00:00,5.576088290497302
2024-02-04 15:00:00,6.144056012710867
2024-02-04 16:00:00,5.666721399773826
2024-02-04 17:00:00,5.5168125004079025
2024-02-04 18:00:00,5.073712931722223
2024-02-04 19:00:00,5.089469946627716
2024-02-04 20:00:00,4.871314058782178
2024-02-04 21:00:00,5.333840810976576
2024-02-04 22:00:00,5.7226013811207705
2024-02-04 23:00:00,5.616914482449755
2024-02-05 00:00:00,6.451352726508733
2024-02-05 01:00:00,6.533903062348373
2024-02-05 02:00:00,6.371967937572713
2024-02-05 03:00:00,6.721201019398252
2024-02-05 04:00:00,6.877892844146827
2024-02-05 05:00:00,7.068569766863468
2024-02-05 06:00:00,7.708322303362333
2024-02-05 07:00:00,8.020701521401685
2024-02-05 08:00:00,84.51326751222398
2024-02-05 09:00:00,81.8316823824139
2024-02-05 10:00:00,76.88532780681885
2024-02-05 11:00:00,69.13821031582707
2024-02-05 12:00:00,61.33819914109677
2024-02-05 13:00:00,55.71319912494822
2024-02-05 14:00:00,52.62583193781494
2024-02-05 15:00:00,48.8464163601411
2024-02-05 16:00:00,47.24042712068413
2024-02-05 17:00:00,47.00134458127961
2024-02-05 18:00:00,49.64815898268185
2024-02-05 19:00:00,53.08733111455851
2024-02-05 20:00:00,6.623678958842274
2024-02-05 21:00:00,5.862271057169049
2024-02-05 22:00:00,5.754082685786238
2024-02-05 23:00:00,6.053840879324469
2024-02-06 00:00:00,5.488099700180206
2024-02-06 01:00:00,5.980212521695283
2024-02-06 02:00:00,5.8030064326441595
2024-02-06 03:00:00,5.759202000348155
2024-02-06 04:00:00,5.570470592667119
2024-02-06 05:00:00,5.677411776266337
2024-02-06 06:00:00,6.116041943989652
2024-02-06 07:00:00,5.314770038933205
2024-02-06 08:00:00,74.58032737620876
2024-02-06 09:00:00,73.0691136413492
2024-02-06 10:00:00,68.36494225634989
2024-02-06 11:00:00,64.20041380019106
2024-02-06 12:00:00,60.43175634889329
2024-02-06 13:00:00,55.83120705309089
2024-02-06 14:00:00,52.6058577042355
2024-02-06 15:00:00,48.652774237593945
2024-02-06 16:00:00,47.19624769850222
2024-02-06 17:00:00,48.05624947566348
2024-02-06 18:00:00,50.49555056063755
2024-02-06 19:00:00,53.53760367427108
2024-02-06 20:00:00,5.440980968397459
2024-02-06 21:00:00,5.582311386632976
2024-02-06 22:00:00,5.550732075938319
2024-02-06 23:00:00,5.322464602351078
2024-02-07 00:00:00,4.941742931260844
2024-02-07 01:00:00,5.022354406373153
2024-02-07 02:00:00,4.6981863163845485
2024-02-07 03:00:00,4.448460001037889
2024-02-07 04:00:00,4.681367051883816
2024-02-07 05:00:00,4.943630958296763
2024-02-07 06:00:00,4.762407252373806
2024-02-07 07:00:00,5.655150104585395
2024-02-07 08:00:00,74.84142823549382
2024-02-07 09:00:00,74.48767938138893
2024-02-07 10:00:00,70.65323794000174
2024-02-07 11:00:00,63.86655286057794
2024-02-07 12:00:00,60.42725019245533
2024-02-07 13:00:00,55.97785285186178
2024-02-07 14:00:00,55.29219994477675
2024-02-07 15:00:00,54.55044265686646
2024-02-07 16:00:00,54.37183720963485
2024-02-07 17:00:00,56.1512744839197
2024-02-07 18:00:00,57.18826316673041
2024-02-07 19:00:00,58.28558427891167
2024-02-07 20:00:00,6.282450988756905
2024-02-07 21:00:00,6.199419710775643
2024-02-07 22:00:00,5.511082533847329
2024-02-07 23:00:00,5.735521994276768
2024-02-08 00:00:00,5.729547749646983
2024-02-08 01:00:00,5.76911631856643
2024-02-08 02:00:00,5.888384867589369
2024-02-08 03:00:00,6.468692330003512
2024-02-08 04:00:00,6.51055522005903
2024-02-08 05:00:00,6.943508615559151
2024-02-08 06:00:00,7.18358222186162
2024-02-08 07:00:00,6.626553777654452
2024-02-08 08:00:00,65.0113321679862
2024-02-08 09:00:00,64.24224041606135
2024-02-08 10:00:00,62.65867310241915
2024-02-08 11:00:00,60.70990296165335
2024-02-08 12:00:00,59.59926489632112
2024-02-08 13:00:00,58.3348624185685
2024-02-08 14:00:00,56.83318844772005
2024-02-08 15:00:00,55.53506116620156
2024-02-08 16:00:00,53.95165512620054
2024-02-08 17:00:00,55.86530566352461
2024-02-08 18:00:00,58.60516697617516
2024-02-08 19:00:00,60.625610860778075
2024-02-08 20:00:00,6.69835504082731
2024-02-08 21:00:00,7.202641218293669
2024-02-08 22:00:00,7.17431816825121
2024-02-08 23:00:00,7.087167242424128
2024-02-09 00:00:00,6.8334717394993225
2024-02-09 01:00:00,6.388833040519137
2024-02-09 02:00:00,6.376343162112127
2024-02-09 03:00:00,6.96700013008053
2024-02-09 04:00:00,6.774568756015006
2024-02-09 05:00:00,6.796362339703868
2024-02-09 06:00:00,7.147602346298232
2024-02-09 07:00:00,7.65537392730846
2024-02-09 08:00:00,62.54668407749501
2024-02-09 09:00:00,63.62727875864501
2024-02-09 10:00:00,60.8084054244407
2024-02-09 11:00:00,58.300230032202975
2024-02-09 12:00:00,56.91156654953824
2024-02-09 13:00:00,56.04918364922618
2024-02-09 14:00:00,57.23496223818958
2024-02-09 15:00:00,57.936148202478854
2024-02-09 16:00:00,58.60841722113952
2024-02-09 17:00:00,58.082189114134025
2024-02-09 18:00:00,57.860554614841554
2024-02-09 19:00:00,58.919503460489395
2024-02-09 20:00:00,6.060889430747773
2024-02-09 21:00:00,6.476044068681335
2024-02-09 22:00:00,6.028888559121453
2024-02-09 23:00:00,6.259411702987795
2024-02-10 00:00:00,5.7747538233875195
2024-02-10 01:00:00,6.134675082264221
2024-02-10 02:00:00,5.441346469571076
2024-02-10 03:00:00,5.533679829334996
2024-02-10 04:00:00,5.670684251386813
2024-02-10 05:00:00,5.4485400333008975
2024-02-10 06:00:00,5.385070374099425
2024-02-10 07:00:00,5.590576420817415
2024-02-10 08:00:00,5.849192715239343
2024-02-10 09:00:00,5.965525399816404
2024-02-10 10:00:00,5.723651089214595
2024-02-10 11:00:00,6.2384575165118505
2024-02-10 12:00:00,6.00236955193842
2024-02-10 13:00:00,6.589982491245915
2024-02-10 14:00:00,6.3920839175754915
2024-02-10 15:00:00,5.912751095347867
2024-02-10 16:00:00,6.271915986496227
2024-02-10 17:00:00,5.50095400426239
2024-02-10 18:00:00,5.519033445148896
2024-02-10 19:00:00,5.7832610680999235
2024-02-10 20:00:00,5.80748673541917
2024-02-10 21:00:00,5.022764242584685
2024-02-10 22:00:00,5.181637448092328
2024-02-10 23:00:00,4.993724413517561
2024-02-11 00:00:00,5.490455134033819
2024-02-11 01:00:00,5.276550512810212
2024-02-11 02:00:00,5.359382495054325
2024-02-11 03:00:00,5.494628174113603
2024-02-11 04:00:00,5.2300106744270956
2024-02-11 05:00:00,5.347469409703994
2024-02-11 06:00:00,5.571982753095305
2024-02-11 07:00:00,6.116670074413723
2024-02-11 08:00:00,6.432023890045868
2024-02-11 09:00:00,7.059305002582578
2024-02-11 10:00:00,6.692551812008816
2024-02-11 11:00:00,6.751389865770028
2024-02-11 12:00:00,7.178559641840122
2024-02-11 13:00:00,7.140373180942557
2024-02-11 14:00:00,7.170656714692408
2024-02-11 15:00:00,7.141712799547904
2024-02-11 16:00:00,7.371934983186085
2024-02-11 17:00:00,6.783015691412143
2024-02-11 18:00:00,6.549788007796016
2024-02-11 19:00:00,6.564960461002226
2024-02-11 20:00:00,6.529847788357345
2024-02-11 21:00:00,6.399397665562366
2024-02-11 22:00:00,6.3986928997944235
2024-02-11 23:00:00,6.20299573088518
2024-02-12 00:00:00,6.396856428703562
2024-02-12 01:00:00,6.395576079958079
2024-02-12 02:00:00,6.26486411873233
2024-02-12 03:00:00,6.593200422353441
2024-02-12 04:00:00,6.563674780898444
2024-02-12 05:00:00,6.087188106281101
2024-02-12 06:00:00,5.996344267856931
2024-02-12 07:00:00,5.592529876275138
2024-02-12 08:00:00,69.64779933411234
2024-02-12 09:00:00,68.83017216517348
2024-02-12 10:00:00,65.2899913335423
2024-02-12 11:00:00,60.15961576816527
2024-02-12 12:00:00,56.052951718247016
2024-02-12 13:00:00,51.65847891420568
2024-02-12 14:00:00,49.7616810797944
2024-02-12 15:00:00,47.15695262148514
2024-02-12 16:00:00,45.775247771061906
2024-02-12 17:00:00,46.37814672757031
2024-02-12 18:00:00,47.97952868175639
2024-02-12 19:00:00,51.400936068930356
2024-02-12 20:00:00,5.4002643623145214
2024-02-12 21:00:00,5.904535250606278
2024-02-12 22:00:00,6.2123254027187675
2024-02-12 23:00:00,6.169394523762103
2024-02-13 00:00:00,6.0064253046853935
2024-02-13 01:00:00,6.00933061955842
2024-02-13 02:00:00,5.824750877792654
2024-02-13 03:00:00,5.731504577108823
2024-02-13 04:00:00,6.12506374297926
2024-02-13 05:00:00,5.903249462959148
2024-02-13 06:00:00,6.260509820651012
2024-02-13 07:00:00,6.647717939445818
2024-02-13 08:00:00,62.61211952706886
2024-02-13 09:00:00,63.41027274385809
2024-02-13 10:00:00,60.019730070785975
2024-02-13 11:00:00,56.2515615935382
2024-02-13 12:00:00,51.96953617458313
2024-02-13 13:00:00,46.86193387824481
2024-02-13 14:00:00,44.23188650816601
2024-02-13 15:00:00,42.12756030895697
2024-02-13 16:00:00,41.04519302671068
2024-02-13 17:00:00,42.049695876529896
2024-02-13 18:00:00,44.02979115728546
2024-02-13 19:00:00,46.92714854692265
2024-02-13 20:00:00,5.944749633188668
2024-02-13 21:00:00,6.528772901023019
2024-02-13 22:00:00,6.127376892324805
2024-02-13 23:00:00,6.4936757310641005
2024-02-14 00:00:00,6.319269680935887
2024-02-14 01:00:00,6.349378596406846
2024-02-14 02:00:00,6.107682834441702
2024-02-14 03:00:00,6.534995879014917
2024-02-14 04:00:00,6.307149308071097
2024-02-14 05:00:00,6.914888056015853
2024-02-14 06:00:00,6.900444260602353
2024-02-14 07:00:00,7.004024212581655
2024-02-14 08:00:00,59.96747555487623
2024-02-14 09:00:00,58.269375346417576
2024-02-14 10:00:00,56.785352159759725
2024-02-14 11:00:00,53.73802293133768
2024-02-14 12:00:00,50.957098343939556
2024-02-14 13:00:00,46.887453195342424
2024-02-14 14:00:00,45.23662681079212
2024-02-14 15:00:00,42.03797058851075
2024-02-14 16:00:00,40.65686984806737
2024-02-14 17:00:00,40.930665246105086
2024-02-14 18:00:00,43.195036509818024
2024-02-14 19:00:00,45.640460250961034
2024-02-14 20:00:00,6.333688505043651
2024-02-14 21:00:00,6.635346411472584
2024-02-14 22:00:00,6.625510510607004
2024-02-14 23:00:00,6.92517563764365
2024-02-15 00:00:00,6.8678554450641
2024-02-15 01:00:00,6.640246090315398
2024-02-15 02:00:00,6.35968110868902
2024-02-15 03:00:00,6.811304063485671
2024-02-15 04:00:00,6.68834318122664
2024-02-15 05:00:00,6.350366045761267
2024-02-15 06:00:00,6.104644120903858
2024-02-15 07:00:00,5.9657774319574886
2024-02-15 08:00:00,61.51498793690285
2024-02-15 09:00:00,59.43395652004716
2024-02-15 10:00:00,55.29185762153651
2024-02-15 11:00:00,49.864425043142674
2024-02-15 12:00:00,47.87304450209119
2024-02-15 13:00:00,46.744170842554645
2024-02-15 14:00:00,48.532165723943805
2024-02-15 15:00:00,50.73254430663167
2024-02-15 16:00:00,51.169988187880655
2024-02-15 17:00:00,51.0616599470224
2024-02-15 18:00:00,52.9107035838383
2024-02-15 19:00:00,54.648985945157875
2024-02-15 20:00:00,7.660676981427142
2024-02-15 21:00:00,7.286258446513255
2024-02-15 22:00:00,7.365521758441653
2024-02-15 23:00:00,7.588563363384494
2024-02-16 00:00:00,6.752953812672627
2024-02-16 01:00:00,6.8470551599371285
2024-02-16 02:00:00,6.514226858423367
2024-02-16 03:00:00,6.31847417365235
2024-02-16 04:00:00,6.521866347226371
2024-02-16 05:00:00,6.844581389789783
2024-02-16 06:00:00,7.3073320027813295
2024-02-16 07:00:00,7.437298525050089
2024-02-16 08:00:00,63.58618899231327
2024-02-16 09:00:00,62.55184067498847
2024-02-16 10:00:00,59.660934499636
2024-02-16 11:00:00,55.7607259630827
2024-02-16 12:00:00,52.48959762635745
2024-02-16 13:00:00,50.192590440221466
2024-02-16 14:00:00,49.20717135464804
2024-02-16 15:00:00,47.01475220218971
2024-02-16 16:00:00,46.261844952625566
2024-02-16 17:00:00,46.34915201930939
2024-02-16 18:00:00,48.25240413490767
2024-02-16 19:00:00,51.45178777334515
2024-02-16 20:00:00,6.149522499155146
2024-02-16 21:00:00,6.133397578801652
2024-02-16 22:00:00,6.470986146365003
2024-02-16 23:00:00,6.28408807192263
2024-02-17 00:00:00,5.774232084613361
2024-02-17 01:00:00,5.2208711321745955
2024-02-17 02:00:00,5.018043306575787
2024-02-17 03:00:00,4.809147192599109
2024-02-17 04:00:00,4.6330642041833165
2024-02-17 05:00:00,5.3956771792118685
2024-02-17 06:00:00,5.348123163514739
2024-02-17 07:00:00,6.145940219004995
2024-02-17 08:00:00,6.264451494998521
2024-02-17 09:00:00,6.385035582842461
2024-02-17 10:00:00,6.011398298994508
2024-02-17 11:00:00,6.316370579126041
2024-02-17 12:00:00,6.850062043140061
2024-02-17 13:00:00,6.245928887494189
2024-02-17 14:00:00,5.607678752013463
2024-02-17 15:00:00,5.767206957474685
2024-02-17 16:00:00,5.610179082315979
2024-02-17 17:00:00,5.801912642968441
2024-02-17 18:00:00,5.627465392318452
2024-02-17 19:00:00,5.786507254333336
2024-02-17 20:00:00,5.83333756804532
2024-02-17 21:00:00,6.098897454635317
2024-02-17 22:00:00,5.990718931813706
2024-02-17 23:00:00,6.114868856305368
2024-02-18 00:00:00,6.038408092526634
2024-02-18 01:00:00,5.933756633907091
2024-02-18 02:00:00,5.916543633018526
2024-02-18 03:00:00,5.724743099407252
2024-02-18 04:00:00,6.025721879687681
2024-02-18 05:00:00,6.212154682056859
2024-02-18 06:00:00,5.533356092404059
2024-02-18 07:00:00,5.317510671223451
2024-02-18 08:00:00,5.352669560757209
2024-02-18 09:00:00,5.367387369152884
2024-02-18 10:00:00,5.156949317526057
2024-02-18 11:00:00,5.187629503852743
2024-02-18 12:00:00,5.331607001734706
2024-02-18 13:00:00,5.022296501071971
2024-02-18 14:00:00,5.81279300908155
2024-02-18 15:00:00,6.477107575937607
2024-02-18 16:00:00,6.29365587266391
2024-02-18 17:00:00,6.180339643223185
2024-02-18 18:00:00,5.2566268000355985
2024-02-18 19:00:00,5.401782327890298
2024-02-18 20:00:00,5.190643647386734
2024-02-18 21:00:00,5.191896072116898
2024-02-18 22:00:00,4.68502046771721
2024-02-18 23:00:00,4.144720669517191
2024-02-19 00:00:00,4.77705186797267
2024-02-19 01:00:00,4.8596219287264075
2024-02-19 02:00:00,5.188170294823256
2024-02-19 03:00:00,5.460345538410759
2024-02-19 04:00:00,5.067302426229631
2024-02-19 05:00:00,5.4188485517151594
2024-02-19 06:00:00,5.482372772732475
2024-02-19 07:00:00,5.699805880581494
2024-02-19 08:00:00,72.87821420374324
2024-02-19 09:00:00,69.09008468330137
2024-02-19 10:00:00,62.36845206052269
2024-02-19 11:00:00,54.319888761418106
2024-02-19 12:00:00,47.85345971738104
2024-02-19 13:00:00,41.69447895275494
2024-02-19 14:00:00,40.16076724968585
2024-02-19 15:00:00,36.488441451057234
2024-02-19 16:00:00,35.26307523141921
2024-02-19 17:00:00,34.22376899291159
2024-02-19 18:00:00,37.315042326301885
2024-02-19 19:00:00,41.51023240321885
2024-02-19 20:00:00,6.986758061751112
2024-02-19 21:00:00,6.94922193608832
2024-02-19 22:00:00,6.8481923032476395
2024-02-19 23:00:00,6.566913619331933
2024-02-20 00:00:00,6.270867711370019
2024-02-20 01:00:00,6.095917337048079
2024-02-20 02:00:00,6.174911751872293
2024-02-20 03:00:00,6.08357653902832
2024-02-20 04:00:00,6.0216146327972
2024-02-20 05:00:00,6.02804926021258
2024-02-20 06:00:00,5.820105000512776
2024-02-20 07:00:00,5.401731073044252
2024-02-20 08:00:00,78.68416488094601
2024-02-20 09:00:00,74.23184867077623
2024-02-20 10:00:00,67.13654806057343
2024-02-20 11:00:00,59.031112321555256
2024-02-20 12:00:00,51.51440826215031
2024-02-20 13:00:00,45.596364680658475
2024-02-20 14:00:00,41.181454858303596
2024-02-20 15:00:00,36.21425142293031
2024-02-20 16:00:00,33.623645761488646
2024-02-20 17:00:00,33.22631542839105
2024-02-20 18:00:00,36.07023118686051
2024-02-20 19:00:00,41.79552028925289
2024-02-20 20:00:00,5.25822946710797
2024-02-20 21:00:00,5.489424170311666
2024-02-20 22:00:00,5.787646305527997
2024-02-20 23:00:00,5.507200100570871
2024-02-21 00:00:00,5.238653509564335
2024-02-21 01:00:00,5.754777928168975
2024-02-21 02:00:00,5.975175393830578
2024-02-21 03:00:00,5.70125422583277
2024-02-21 04:00:00,5.99848494278298
2024-02-21 05:00:00,6.266837623674707
2024-02-21 06:00:00,5.974641724393871
2024-02-21 07:00:00,5.816802102378318
2024-02-21 08:00:00,79.6988286978846
2024-02-21 09:00:00,74.90552791142163
2024-02-21 10:00:00,68.64357106770647
2024-02-21 11:00:00,60.952369198567006
2024-02-21 12:00:00,54.71133374113549
2024-02-21 13:00:00,48.923159607872044
2024-02-21 14:00:00,46.59320778641788
2024-02-21 15:00:00,44.784408607109526
2024-02-21 16:00:00,44.717813717628026
2024-02-21 17:00:00,45.33531042624455
2024-02-21 18:00:00,47.652588987393834
2024-02-21 19:00:00,49.34706503770188
2024-02-21 20:00:00,6.964858660346738
2024-02-21 21:00:00,6.995592737608881
2024-02-21 22:00:00,6.704590998618116
2024-02-21 23:00:00,6.16601125573991
2024-02-22 00:00:00,6.0563798315581865
2024-02-22 01:00:00,5.865069351264344
2024-02-22 02:00:00,5.714100303545784
2024-02-22 03:00:00,5.993565487150506
2024-02-22 04:00:00,5.89734358301454
2024-02-22 05:00:00,6.088305222325599
2024-02-22 06:00:00,5.9415292181629304
2024-02-22 07:00:00,6.052310759361443
2024-02-22 08:00:00,61.32024746482949
2024-02-22 09:00:00,59.52801012850221
2024-02-22 10:00:00,57.892015524764
2024-02-22 11:00:00,56.302096226875356
2024-02-22 12:00:00,54.73823893863183
2024-02-22 13:00:00,53.07544920880244
2024-02-22 14:00:00,52.75715583340025
2024-02-22 15:00:00,50.941139748142355
2024-02-22 16:00:00,50.710316107384216
2024-02-22 17:00:00,50.92294728181774
2024-02-22 18:00:00,51.93276830779125
2024-02-22 19:00:00,52.544848487813574
2024-02-22 20:00:00,6.585807878961082
2024-02-22 21:00:00,6.769874442766057
2024-02-22 22:00:00,7.162310964089939
2024-02-22 23:00:00,7.213074107016203
2024-02-23 00:00:00,6.818949252887158
2024-02-23 01:00:00,6.720665946715702
2024-02-23 02:00:00,6.527410981930946
2024-02-23 03:00:00,6.66228371381202
2024-02-23 04:00:00,6.48601639887941
2024-02-23 05:00:00,6.744896398655349
2024-02-23 06:00:00,6.632344282885819
2024-02-23 07:00:00,6.992529391048526
2024-02-23 08:00:00,79.84446947281327
2024-02-23 09:00:00,77.1335576199938
2024-02-23 10:00:00,72.34436720113284
2024-02-23 11:00:00,70.38952545547482
2024-02-23 12:00:00,68.21008552184715
2024-02-23 13:00:00,66.36961712303949
2024-02-23 14:00:00,65.63381354812313
2024-02-23 15:00:00,63.45377062122768
2024-02-23 16:00:00,63.92661724033616
2024-02-23 17:00:00,63.893082321487874
2024-02-23 18:00:00,66.59674970496452
2024-02-23 19:00:00,67.77574441271697
2024-02-23 20:00:00,6.808465915328429
2024-02-23 21:00:00,6.127367162060092
2024-02-23 22:00:00,5.964941072317491
2024-02-23 23:00:00,6.0842117941552045
2024-02-24 00:00:00,4.879055023369406
2024-02-24 01:00:00,4.917763769102102
2024-02-24 02:00:00,4.972818807992028
2024-02-24 03:00:00,4.575568294119839
2024-02-24 04:00:00,4.620266877675413
2024-02-24 05:00:00,4.068582757986596
2024-02-24 06:00:00,4.904235931264468
2024-02-24 07:00:00,5.071894644182627
2024-02-24 08:00:00,4.931055624126353
2024-02-24 09:00:00,4.609819770151841
2024-02-24 10:00:00,4.52970344487509
2024-02-24 11:00:00,5.230507399874426
2024-02-24 12:00:00,4.7436960314044985
2024-02-24 13:00:00,4.7435734398293885
2024-02-24 14:00:00,4.800973896916203
2024-02-24 15:00:00,5.045308458681556
2024-02-24 16:00:00,5.1093845441542864
2024-02-24 17:00:00,5.063516878311136
2024-02-24 18:00:00,5.738991893387706
2024-02-24 19:00:00,5.641884518579852
2024-02-24 20:00:00,5.46449220347172
2024-02-24 21:00:00,5.466530923861872
2024-02-24 22:00:00,5.138698283210514
2024-02-24 23:00:00,5.180135717693244
2024-02-25 00:00:00,5.246465012460512
2024-02-25 01:00:00,4.77146723568782
2024-02-25 02:00:00,5.107958508370634
2024-02-25 03:00:00,4.545557904320801
2024-02-25 04:00:00,4.8647427314172385
2024-02-25 05:00:00,5.381217129260713
2024-02-25 06:00:00,5.824880012134706
2024-02-25 07:00:00,5.038894836395064
2024-02-25 08:00:00,5.310210338301548
2024-02-25 09:00:00,5.5699532027135055
2024-02-25 10:00:00,5.20751270742435
2024-02-25 11:00:00,5.12109913975238
2024-02-25 12:00:00,5.7301082179755705
2024-02-25 13:00:00,5.70476508603502
2024-02-25 14:00:00,6.282832621910872
2024-02-25 15:00:00,6.494533066258884
2024-02-25 16:00:00,6.343236019587358
2024-02-25 17:00:00,6.515803649285877
2024-02-25 18:00:00,7.0065793760183
2024-02-25 19:00:00,6.9942575585322615
2024-02-25 20:00:00,6.23836003890491
2024-02-25 21:00:00,6.228038063106132
2024-02-25 22:00:00,6.290453388926113
2024-02-25 23:00:00,6.199187234574213
2024-02-26 00:00:00,6.4120787600912035
2024-02-26 01:00:00,6.9543489959662255
2024-02-26 02:00:00,6.821455293668469
2024-02-26 03:00:00,6.485911452788857
2024-02-26 04:00:00,6.838009978285591
2024-02-26 05:00:00,6.516899548177332
2024-02-26 06:00:00,6.374356673058146
2024-02-26 07:00:00,6.9084859673151096
2024-02-26 08:00:00,68.29044046825635
2024-02-26 09:00:00,65.98259275931977
2024-02-26 10:00:00,64.53917846149633
2024-02-26 11:00:00,61.777476365699194
2024-02-26 12:00:00,59.760830181557026
2024-02-26 13:00:00,56.943096532889015
2024-02-26 14:00:00,58.74579599040487
2024-02-26 15:00:00,60.53892252220468
2024-02-26 16:00:00,61.70631876249651
2024-02-26 17:00:00,62.31897231189884
2024-02-26 18:00:00,63.84429515300158
2024-02-26 19:00:00,66.17866554703927
2024-02-26 20:00:00,6.374546953533633
2024-02-26 21:00:00,6.410742729499459
2024-02-26 22:00:00,5.85449116058158
2024-02-26 23:00:00,6.386607998844742
2024-02-27 00:00:00,6.583835170898099
2024-02-27 01:00:00,6.743214206231278
2024-02-27 02:00:00,6.206578481258413
2024-02-27 03:00:00,6.532948766436756
2024-02-27 04:00:00,6.673327914218993
2024-02-27 05:00:00,6.144391080258436
2024-02-27 06:00:00,6.163025859554842
2024-02-27 07:00:00,6.5039875947989225
2024-02-27 08:00:00,75.98423373846154
2024-02-27 09:00:00,73.44458135544716
2024-02-27 10:00:00,69.51321838270788
2024-02-27 11:00:00,66.5646503801888
2024-02-27 12:00:00,64.5587761798029
2024-02-27 13:00:00,62.18732763577673
2024-02-27 14:00:00,61.32439869375695
2024-02-27 15:00:00,59.70588926463605
2024-02-27 16:00:00,59.06967008672996
2024-02-27 17:00:00,59.97048657687037
2024-02-27 18:00:00,62.99786439605066
2024-02-27 19:00:00,65.56486852598614
2024-02-27 20:00:00,6.117775354666328
2024-02-27 21:00:00,5.757884342468425
2024-02-27 22:00:00,5.813895098973145
2024-02-27 23:00:00,5.677351450015708
2024-02-28 00:00:00,5.775362625654145
2024-02-28 01:00:00,5.836214925871805
2024-02-28 02:00:00,5.498642353446784
2024-02-28 03:00:00,5.753306407749271
2024-02-28 04:00:00,6.091323740844785
2024-02-28 05:00:00,6.1576098999549425
2024-02-28 06:00:00,6.554623584330765
2024-02-28 07:00:00,6.168546558239029
2024-02-28 08:00:00,84.5885869069251
2024-02-28 09:00:00,79.49922677506565
2024-02-28 10:00:00,70.81523778948993
2024-02-28 11:00:00,63.12786409027828
2024-02-28 12:00:00,56.520301734245294
2024-02-28 13:00:00,53.18715291560786
2024-02-28 14:00:00,51.73797664539971
2024-02-28 15:00:00,51.33814572932913
2024-02-28 16:00:00,51.30758108952647
2024-02-28 17:00:00,53.194183996909395
2024-02-28 18:00:00,55.191733493224234
2024-02-28 19:00:00,58.66058456620558
2024-02-28 20:00:00,6.745873177964339
2024-02-28 21:00:00,6.717241641930716
2024-02-28 22:00:00,6.991839069332738
2024-02-28 23:00:00,6.489865528004318
2024-02-29 00:00:00,6.895547854684045
2024-02-29 01:00:00,7.3302782843005065
2024-02-29 02:00:00,7.204700979770173
2024-02-29 03:00:00,6.81761437645208
2024-02-29 04:00:00,7.313510623025125
2024-02-29 05:00:00,6.840096407264459
2024-02-29 06:00:00,7.019604768896297
2024-02-29 07:00:00,7.663809579454265
2024-02-29 08:00:00,81.29506157058556
2024-02-29 09:00:00,76.63359152587101
2024-02-29 10:00:00,70.44010612110905
2024-02-29 11:00:00,63.72461289106721
2024-02-29 12:00:00,57.48106715258214
2024-02-29 13:00:00,50.7848971301715
2024-02-29 14:00:00,47.315080163498045
2024-02-29 15:00:00,45.50615438601023
2024-02-29 16:00:00,45.036623515718034
2024-02-29 17:00:00,46.688076190009916
2024-02-29 18:00:00,50.937107471680335
2024-02-29 19:00:00,55.13670636893752
2024-02-29 20:00:00,6.548623674685798
2024-02-29 21:00:00,5.426006709339614
2024-02-29 22:00:00,4.962341372129185
2024-02-29 23:00:00,5.403126577718837
2024-03-01 00:00:00,5.202483352744166
2024-03-01 01:00:00,5.447240905048429
2024-03-01 02:00:00,5.087927001488611
2024-03-01 03:00:00,5.359817907923134
2024-03-01 04:00:00,5.353883649480444
2024-03-01 05:00:00,5.820193390842207
2024-03-01 06:00:00,6.686152014760493
2024-03-01 07:00:00,6.938300939954198
2024-03-01 08:00:00,82.08796327291154
2024-03-01 09:00:00,77.94874521287647
2024-03-01 10:00:00,72.45496385606445
2024-03-01 11:00:00,67.12102648896061
2024-03-01 12:00:00,61.788688273541744
2024-03-01 13:00:00,56.352037028316445
2024-03-01 14:00:00,54.55154062909571
2024-03-01 15:00:00,53.148714273877516
2024-03-01 16:00:00,54.73942606270911
2024-03-01 17:00:00,55.88303541137802
2024-03-01 18:00:00,58.592362722611306
2024-03-01 19:00:00,61.33298692771561
2024-03-01 20:00:00,7.884012856451538
2024-03-01 21:00:00,6.941180757973552
2024-03-01 22:00:00,6.888246931779179
2024-03-01 23:00:00,6.835458887407613
2024-03-02 00:00:00,6.252206428498744
2024-03-02 01:00:00,6.438366462578836
2024-03-02 02:00:00,5.811301176983047
2024-03-02 03:00:00,5.497988765706373
2024-03-02 04:00:00,5.508245618365249
2024-03-02 05:00:00,5.03635245106572
2024-03-02 06:00:00,5.154473585232072
2024-03-02 07:00:00,5.566320392506933
2024-03-02 08:00:00,5.613402373218149
2024-03-02 09:00:00,5.502624457438516
2024-03-02 10:00:00,5.451906254265191
2024-03-02 11:00:00,5.338133474815919
2024-03-02 12:00:00,5.901345431829967
2024-03-02 13:00:00,5.885567103428084
2024-03-02 14:00:00,5.756704195221094
2024-03-02 15:00:00,6.017068883842418
2024-03-02 16:00:00,6.373728022238994
2024-03-02 17:00:00,6.340043849088629
2024-03-02 18:00:00,6.386045537679755
2024-03-02 19:00:00,6.338075753858033
2024-03-02 20:00:00,6.244621172604957
2024-03-02 21:00:00,6.08130221515231
2024-03-02 22:00:00,6.015741689008535
2024-03-02 23:00:00,5.560358958590243
2024-03-03 00:00:00,5.563161677538709
2024-03-03 01:00:00,5.808432369518018
2024-03-03 02:00:00,5.416481752020252
2024-03-03 03:00:00,5.676535676943165
2024-03-03 04:00:00,5.626813108184605
2024-03-03 05:00:00,5.063554570535093
2024-03-03 06:00:00,4.7749316555761405
2024-03-03 07:00:00,5.23892451210938
2024-03-03 08:00:00,5.286601710213018
2024-03-03 09:00:00,5.0801860278684545
2024-03-03 10:00:00,5.4756142744423375
2024-03-03 11:00:00,5.342780663616264
2024-03-03 12:00:00,5.599359418134481
2024-03-03 13:00:00,5.396739428074438
2024-03-03 14:00:00,6.001570647229995
2024-03-03 15:00:00,6.001203602253947
2024-03-03 16:00:00,5.823722330746996
2024-03-03 17:00:00,5.9102960923038745
2024-03-03 18:00:00,5.464849490059597
2024-03-03 19:00:00,5.46835542473313
2024-03-03 20:00:00,5.956485013369315
2024-03-03 21:00:00,5.706597731316065
2024-03-03 22:00:00,5.697679684210096
2024-03-03 23:00:00,5.816054368998711
2024-03-04 00:00:00,6.320058313500809
2024-03-04 01:00:00,5.635678897206096
2024-03-04 02:00:00,5.271538929059848
2024-03-04 03:00:00,5.483278806032362
2024-03-04 04:00:00,5.529425776532062
2024-03-04 05:00:00,6.0728646078626864
2024-03-04 06:00:00,5.707973947619843
2024-03-04 07:00:00,5.4634808719782475
2024-03-04 08:00:00,70.53683096133662
2024-03-04 09:00:00,66.77864963140216
2024-03-04 10:00:00,61.7527621285928
2024-03-04 11:00:00,59.13941120870644
2024-03-04 12:00:00,56.51134287946186
2024-03-04 13:00:00,55.02187051680737
2024-03-04 14:00:00,54.49846572048076
2024-03-04 15:00:00,52.463502214200304
2024-03-04 16:00:00,51.11273839664443
2024-03-04 17:00:00,51.84804906012691
2024-03-04 18:00:00,53.407701806163935
2024-03-04 19:00:00,56.19124465666464
2024-03-04 20:00:00,6.462182263558748
2024-03-04 21:00:00,5.903541538841574
2024-03-04 22:00:00,6.43878460046485
2024-03-04 23:00:00,6.062052473103023
2024-03-05 00:00:00,6.131764546611456
2024-03-05 01:00:00,5.614675279881143
2024-03-05 02:00:00,5.580128961997208
2024-03-05 03:00:00,6.076928049099552
2024-03-05 04:00:00,6.051046239787582
2024-03-05 05:00:00,6.000662528085477
2024-03-05 06:00:00,6.510168886902985
2024-03-05 07:00:00,6.319531565633004
2024-03-05 08:00:00,73.04025633447574
2024-03-05 09:00:00,70.36223398225908
2024-03-05 10:00:00,66.46798497340626
2024-03-05 11:00:00,62.03073908847285
2024-03-05 12:00:00,58.76162052250313
2024-03-05 13:00:00,55.85910213614742
2024-03-05 14:00:00,55.1558573368545
2024-03-05 15:00:00,52.27311394522888
2024-03-05 16:00:00,51.59288720267402
2024-03-05 17:00:00,51.01627077576035
2024-03-05 18:00:00,52.08677056289121
2024-03-05 19:00:00,54.98705400266314
2024-03-05 20:00:00,5.418589019959025
2024-03-05 21:00:00,5.419677759004549
2024-03-05 22:00:00,5.916820243151178
2024-03-05 23:00:00,5.400458241587543
2024-03-06 00:00:00,5.472848106711872
2024-03-06 01:00:00,5.445342196744002
2024-03-06 02:00:00,5.232581107012467
2024-03-06 03:00:00,5.094908077990916
2024-03-06 04:00:00,5.322986992028614
2024-03-06 05:00:00,5.083390333012599
2024-03-06 06:00:00,4.840630112210082
2024-03-06 07:00:00,4.946140696400826
2024-03-06 08:00:00,82.91355319748742
2024-03-06 09:00:00,76.66026045567908
2024-03-06 10:00:00,70.57065858999341
2024-03-06 11:00:00,63.714615532315605
2024-03-06 12:00:00,57.76866402890113
2024-03-06 13:00:00,54.80783763437519
2024-03-06 14:00:00,52.50954770581154
2024-03-06 15:00:00,48.71284384385024
2024-03-06 16:00:00,46.695239344508806
2024-03-06 17:00:00,46.58147433202915
2024-03-06 18:00:00,47.07874896260928
2024-03-06 19:00:00,49.593250316910094
2024-03-06 20:00:00,5.626284519892811
2024-03-06 21:00:00,5.978880751283291
2024-03-06 22:00:00,5.831140988573239
2024-03-06 23:00:00,5.585069429944388
2024-03-07 00:00:00,5.800401025966922
2024-03-07 01:00:00,5.163107860966785
2024-03-07 02:00:00,4.710656485455508
2024-03-07 03:00:00,4.922251255829519
2024-03-07 04:00:00,4.720882991402015
2024-03-07 05:00:00,4.897302697955441
2024-03-07 06:00:00,5.1659655021643
2024-03-07 07:00:00,4.813060312121386
2024-03-07 08:00:00,71.82160430492155
2024-03-07 09:00:00,68.55179410429827
2024-03-07 10:00:00,63.94104817590256
2024-03-07 11:00:00,58.30480660672683
2024-03-07 12:00:00,56.01014959273935
2024-03-07 13:00:00,55.040120263744356
2024-03-07 14:00:00,56.187197737081426
2024-03-07 15:00:00,57.26490638715147
2024-03-07 16:00:00,59.228021972214556
2024-03-07 17:00:00,61.81903509826427
2024-03-07 18:00:00,64.29906174514042
2024-03-07 19:00:00,66.02359130274606
2024-03-07 20:00:00,6.200956205548711
2024-03-07 21:00:00,6.553424957530788
2024-03-07 22:00:00,6.588293126996573
2024-03-07 23:00:00,6.362878057743648
2024-03-08 00:00:00,6.330373498422664
2024-03-08 01:00:00,5.986625138730708
2024-03-08 02:00:00,6.222893315257667
2024-03-08 03:00:00,6.002554568238776
2024-03-08 04:00:00,6.170372700054034
2024-03-08 05:00:00,6.236659838602436
2024-03-08 06:00:00,6.09725727878671
2024-03-08 07:00:00,6.44692874459246
2024-03-08 08:00:00,76.25776778832476
2024-03-08 09:00:00,74.49139096059977
2024-03-08 10:00:00,71.26151115327596
2024-03-08 11:00:00,67.9574619137963
2024-03-08 12:00:00,66.52764803611046
2024-03-08 13:00:00,64.02006548562521
2024-03-08 14:00:00,64.02017175816339
2024-03-08 15:00:00,63.117401684742916
2024-03-08 16:00:00,62.860329738165284
2024-03-08 17:00:00,63.491518464519686
2024-03-08 18:00:00,64.55458594862043
2024-03-08 19:00:00,67.1101048605323
2024-03-08 20:00:00,7.095569475169321
2024-03-08 21:00:00,7.2724833924332195
2024-03-08 22:00:00,6.592485284706512
2024-03-08 23:00:00,6.033436835278114
2024-03-09 00:00:00,5.47946960330674
2024-03-09 01:00:00,5.625603398722895
2024-03-09 02:00:00,5.364923980510751
2024-03-09 03:00:00,6.24807241469204
2024-03-09 04:00:00,5.620484112182902
2024-03-09 05:00:00,5.744880864118167
2024-03-09 06:00:00,5.736389603603798
2024-03-09 07:00:00,6.082297849508877
2024-03-09 08:00:00,5.4836224608942485
2024-03-09 09:00:00,5.752157001412776
2024-03-09 10:00:00,5.292808204358969
2024-03-09 11:00:00,5.738984413297121
2024-03-09 12:00:00,5.551629048290356
2024-03-09 13:00:00,5.769524987496369
2024-03-09 14:00:00,5.800781925281578
2024-03-09 15:00:00,5.988503531119925
2024-03-09 16:00:00,6.086640095120931
2024-03-09 17:00:00,5.627094603881083
2024-03-09 18:00:00,5.2906310739905305
2024-03-09 19:00:00,5.738463528016942
2024-03-09 20:00:00,5.765180178813038
2024-03-09 21:00:00,5.5927741561673585
2024-03-09 22:00:00,5.3989720371030065
2024-03-09 23:00:00,5.014787000082424
2024-03-10 00:00:00,5.263827505087745
2024-03-10 01:00:00,4.9864758839986285
2024-03-10 02:00:00,4.723149029523393
2024-03-10 03:00:00,4.8863807741681
2024-03-10 04:00:00,5.640931018417436
2024-03-10 05:00:00,5.642436987576185
2024-03-10 06:00:00,5.562968937385668
2024-03-10 07:00:00,6.041767872172677
2024-03-10 08:00:00,6.623878047539973
2024-03-10 09:00:00,6.527664431843072
2024-03-10 10:00:00,6.495788309645509
2024-03-10 11:00:00,6.419651740788458
2024-03-10 12:00:00,6.680758784523852
2024-03-10 13:00:00,6.431136009383825
2024-03-10 14:00:00,6.4032982318794724
2024-03-10 15:00:00,5.935502400508736
2024-03-10 16:00:00,6.172331404084155
2024-03-10 17:00:00,6.1412862947039555
2024-03-10 18:00:00,6.127365672574759
2024-03-10 19:00:00,5.685023303478714
2024-03-10 20:00:00,5.748922168297249
2024-03-10 21:00:00,5.6136996218949475
2024-03-10 22:00:00,5.578424086859579
2024-03-10 23:00:00,5.366994517981569
2024-03-11 00:00:00,5.780916426914901
2024-03-11 01:00:00,5.206931850530878
2024-03-11 02:00:00,5.2023084422579
2024-03-11 03:00:00,5.552188169014023
2024-03-11 04:00:00,5.42434462623586
2024-03-11 05:00:00,5.685449588796303
2024-03-11 06:00:00,5.755957456321541
2024-03-11 07:00:00,5.99727442660452
2024-03-11 08:00:00,70.00159198305067
2024-03-11 09:00:00,66.03484194612183
2024-03-11 10:00:00,61.69416794704254
2024-03-11 11:00:00,57.678581785509465
2024-03-11 12:00:00,53.93335183951192
2024-03-11 13:00:00,51.489966542057196
2024-03-11 14:00:00,48.76605144230809
2024-03-11 15:00:00,47.35005401710908
2024-03-11 16:00:00,46.56041654360627
2024-03-11 17:00:00,47.47895297217321
2024-03-11 18:00:00,48.26976334120908
2024-03-11 19:00:00,50.963565417033784
2024-03-11 20:00:00,5.4689822788871965
2024-03-11 21:00:00,5.725228185248957
2024-03-11 22:00:00,5.5049864256330245
2024-03-11 23:00:00,5.063707643161651
2024-03-12 00:00:00,5.2205165826673285
2024-03-12 01:00:00,5.491001128718918
2024-03-12 02:00:00,5.535264939171513
2024-03-12 03:00:00,5.609898416863555
2024-03-12 04:00:00,5.766803609264973
2024-03-12 05:00:00,5.946463173241147
2024-03-12 06:00:00,6.014301035294277
2024-03-12 07:00:00,5.40624143485948
2024-03-12 08:00:00,80.27367935921508
2024-03-12 09:00:00,73.52349691731563
2024-03-12 10:00:00,65.79123591934665
2024-03-12 11:00:00,58.97184071099997
2024-03-12 12:00:00,53.57538151926648
2024-03-12 13:00:00,49.4478403862168
2024-03-12 14:00:00,46.79086091504146
2024-03-12 15:00:00,43.088537876161155
2024-03-12 16:00:00,41.953400065336695
2024-03-12 17:00:00,41.10659014841241
2024-03-12 18:00:00,42.71043688197323
2024-03-12 19:00:00,47.095280075546164
2024-03-12 20:00:00,6.597772581640581
2024-03-12 21:00:00,6.450032640513389
2024-03-12 22:00:00,5.910932058988237
2024-03-12 23:00:00,5.872580277226628
2024-03-13 00:00:00,5.859919847590818
2024-03-13 01:00:00,5.658970681732717
2024-03-13 02:00:00,5.532783588051164
2024-03-13 03:00:00,5.493884677700517
2024-03-13 04:00:00,5.815778600856864
2024-03-13 05:00:00,5.577907955813849
2024-03-13 06:00:00,5.368045317764518
2024-03-13 07:00:00,6.09281454430955
2024-03-13 08:00:00,70.8537992136288
2024-03-13 09:00:00,65.85990388074399
2024-03-13 10:00:00,58.52119313484372
2024-03-13 11:00:00,52.07102611451373
2024-03-13 12:00:00,46.57218631805942
2024-03-13 13:00:00,42.553252015976994
2024-03-13 14:00:00,38.47732386771699
2024-03-13 15:00:00,33.88042277648737
2024-03-13 16:00:00,32.51648959106085
2024-03-13 17:00:00,31.683033701515775
2024-03-13 18:00:00,32.79689453776607
2024-03-13 19:00:00,35.641153403103296
2024-03-13 20:00:00,6.203117937406299
2024-03-13 21:00:00,5.791047530200979
2024-03-13 22:00:00,5.858470878776255
2024-03-13 23:00:00,5.851255929731772
2024-03-14 00:00:00,5.323672239288176
2024-03-14 01:00:00,5.311605085418099
2024-03-14 02:00:00,5.604012532382351
2024-03-14 03:00:00,5.766284697147368
2024-03-14 04:00:00,6.387467379743638
2024-03-14 05:00:00,6.757220828931573
2024-03-14 06:00:00,6.676614528217834
2024-03-14 07:00:00,6.835410160319131
2024-03-14 08:00:00,68.36918273938753
2024-03-14 09:00:00,62.95085278386417
2024-03-14 10:00:00,56.194104979101304
2024-03-14 11:00:00,50.15670078088058
2024-03-14 12:00:00,45.45189223449972
2024-03-14 13:00:00,43.693299432525045
2024-03-14 14:00:00,43.16803354488059
2024-03-14 15:00:00,43.48071358106969
2024-03-14 16:00:00,43.87124503485911
2024-03-14 17:00:00,46.42421654386515
2024-03-14 18:00:00,48.20996670529698
2024-03-14 19:00:00,50.926902241436544
2024-03-14 20:00:00,6.148457998893491
2024-03-14 21:00:00,6.289545967541411
2024-03-14 22:00:00,6.5763391549189105
2024-03-14 23:00:00,6.2724187812288354
2024-03-15 00:00:00,5.980392835256597
2024-03-15 01:00:00,6.228752941433669
2024-03-15 02:00:00,5.669543494922469
2024-03-15 03:00:00,6.300680270501092
2024-03-15 04:00:00,6.054623092040384
2024-03-15 05:00:00,6.372725885384986
2024-03-15 06:00:00,5.870732499431924
2024-03-15 07:00:00,6.0387915594778745
2024-03-15 08:00:00,70.52406932254036
2024-03-15 09:00:00,67.31152575324641
2024-03-15 10:00:00,63.01701761629451
2024-03-15 11:00:00,56.5227816637414
2024-03-15 12:00:00,51.68513359677784
2024-03-15 13:00:00,46.62902917170945
2024-03-15 14:00:00,42.59184588422506
2024-03-15 15:00:00,40.29373021031149
2024-03-15 16:00:00,39.672320254672826
2024-03-15 17:00:00,39.566578677219184
2024-03-15 18:00:00,39.153493277036226
2024-03-15 19:00:00,40.83649055096369
2024-03-15 20:00:00,5.8337227048951075
2024-03-15 21:00:00,5.787244013067648
2024-03-15 22:00:00,5.413089119566792
2024-03-15 23:00:00,5.603508508213256
2024-03-16 00:00:00,5.071644269356511
2024-03-16 01:00:00,5.114373945900412
2024-03-16 02:00:00,4.846689398085701
2024-03-16 03:00:00,4.784003891543109
2024-03-16 04:00:00,5.008754805827243
2024-03-16 05:00:00,4.699783053845704
2024-03-16 06:00:00,4.720144903479052
2024-03-16 07:00:00,5.227412392691659
2024-03-16 08:00:00,5.524105157857452
2024-03-16 09:00:00,5.81806955236642
2024-03-16 10:00:00,5.265651929083004
2024-03-16 11:00:00,4.91057759995308
2024-03-16 12:00:00,5.322044831850449
2024-03-16 13:00:00,5.389186696272276
2024-03-16 14:00:00,5.622231142688007
2024-03-16 15:00:00,5.59129423750802
2024-03-16 16:00:00,5.869481290399351
2024-03-16 17:00:00,5.759542703479209
2024-03-16 18:00:00,6.026105070474895
2024-03-16 19:00:00,5.787375258313413
2024-03-16 20:00:00,5.212814398286038
2024-03-16 21:00:00,5.5132914512572935
2024-03-16 22:00:00,5.779843014770275
2024-03-16 23:00:00,5.928550158510253
2024-03-17 00:00:00,5.4889814602841795
2024-03-17 01:00:00,5.549973525106387
2024-03-17 02:00:00,5.7247623933846485
2024-03-17 03:00:00,5.87954522849693
2024-03-17 04:00:00,6.099038542598608
2024-03-17 05:00:00,5.822298481961329
2024-03-17 06:00:00,6.190785932639719
2024-03-17 07:00:00,6.286085614955251
2024-03-17 08:00:00,5.782858151851065
2024-03-17 09:00:00,6.031369660816466
2024-03-17 10:00:00,6.626427995992078
2024-03-17 11:00:00,6.51333627285028
2024-03-17 12:00:00,6.472453953384801
2024-03-17 13:00:00,6.484560280789285
2024-03-17 14:00:00,7.027933071402451
2024-03-17 15:00:00,6.709842238657377
2024-03-17 16:00:00,6.134659969050328
2024-03-17 17:00:00,6.528077532092532
2024-03-17 18:00:00,6.554743730335442
2024-03-17 19:00:00,5.8851524112332125
2024-03-17 20:00:00,5.307713918629731
2024-03-17 21:00:00,5.072966607617916
2024-03-17 22:00:00,4.986191568042317
2024-03-17 23:00:00,4.412165775210392
2024-03-18 00:00:00,5.034951019634996
2024-03-18 01:00:00,5.762455761583449
2024-03-18 02:00:00,5.193999719028635
2024-03-18 03:00:00,5.23252659589469
2024-03-18 04:00:00,5.224654131756897
2024-03-18 05:00:00,5.941105622173905
2024-03-18 06:00:00,6.048266078694354
2024-03-18 07:00:00,6.083596764734855
2024-03-18 08:00:00,6.018472518383162
2024-03-18 09:00:00,6.5761866059634535
2024-03-18 10:00:00,6.467696651491613
2024-03-18 11:00:00,6.3539410841055135
2024-03-18 12:00:00,6.635911456096805
2024-03-18 13:00:00,6.584883655291256
2024-03-18 14:00:00,6.838486380006232
2024-03-18 15:00:00,6.941162210802098
2024-03-18 16:00:00,7.053249383723645
2024-03-18 17:00:00,6.739194274699264
2024-03-18 18:00:00,6.477628814336916
2024-03-18 19:00:00,7.00205652330197
2024-03-18 20:00:00,6.5785388044587805
2024-03-18 21:00:00,6.527427603436184
2024-03-18 22:00:00,6.785776628226664
2024-03-18 23:00:00,6.601278373090178
2024-03-19 00:00:00,6.226827421739984
2024-03-19 01:00:00,6.0880071748625895
2024-03-19 02:00:00,5.615935106338039
2024-03-19 03:00:00,5.188341423767499
2024-03-19 04:00:00,5.488547120387311
2024-03-19 05:00:00,5.835570651398888
2024-03-19 06:00:00,6.61984595508779
2024-03-19 07:00:00,5.771932904617664
2024-03-19 08:00:00,6.3563281223925525
2024-03-19 09:00:00,6.902833203992567
2024-03-19 10:00:00,6.724112586333105
2024-03-19 11:00:00,6.8592604230368055
2024-03-19 12:00:00,6.740606222867491
2024-03-19 13:00:00,6.765618709154707
2024-03-19 14:00:00,6.269016231714955
2024-03-19 15:00:00,6.381545453800019
2024-03-19 16:00:00,5.864607928621002
2024-03-19 17:00:00,6.304079859945941
2024-03-19 18:00:00,6.383606072908463
2024-03-19 19:00:00,5.852723378401065
2024-03-19 20:00:00,5.801636051313715
2024-03-19 21:00:00,5.271180115149756
2024-03-19 22:00:00,5.295842573042905
2024-03-19 23:00:00,5.016989869128445
2024-03-20 00:00:00,4.629686531691876
2024-03-20 01:00:00,5.193621691497093
2024-03-20 02:00:00,4.882342415894132
2024-03-20 03:00:00,4.845848997794034
2024-03-20 04:00:00,4.685872338782649
2024-03-20 05:00:00,5.330361972125736
2024-03-20 06:00:00,5.331136300247674
2024-03-20 07:00:00,5.609188318924034
2024-03-20 08:00:00,5.822358580642859
2024-03-20 09:00:00,5.766293375564993
2024-03-20 10:00:00,6.214323611440383
2024-03-20 11:00:00,6.112402206565831
2024-03-20 12:00:00,6.306456992948297
2024-03-20 13:00:00,6.630402263165606
2024-03-20 14:00:00,6.261052979105669
2024-03-20 15:00:00,6.582561191749648
2024-03-20 16:00:00,6.647450964045422
2024-03-20 17:00:00,5.811258399817643
2024-03-20 18:00:00,6.210978897255013
2024-03-20 19:00:00,5.567198593173325
2024-03-20 20:00:00,5.05030964220487
2024-03-20 21:00:00,5.280239236670057
2024-03-20 22:00:00,5.182873427602318
2024-03-20 23:00:00,5.121779535874036
2024-03-21 00:00:00,4.919472964125663
2024-03-21 01:00:00,5.016630750017605
2024-03-21 02:00:00,4.374422793426929
2024-03-21 03:00:00,5.020006276994962
2024-03-21 04:00:00,5.318823547045849
2024-03-21 05:00:00,5.073800007767065
2024-03-21 06:00:00,5.15125946591783
2024-03-21 07:00:00,4.995451207456315
2024-03-21 08:00:00,5.6734021083358925
2024-03-21 09:00:00,5.947773206411399
2024-03-21 10:00:00,5.712169373682034
2024-03-21 11:00:00,5.728084402843504
2024-03-21 12:00:00,5.729012624592728
2024-03-21 13:00:00,6.192586090541207
2024-03-21 14:00:00,5.732451032366619
2024-03-21 15:00:00,6.408883074921438
2024-03-21 16:00:00,6.4677106545161065
2024-03-21 17:00:00,6.208947171298141
2024-03-21 18:00:00,5.911647441245103
2024-03-21 19:00:00,5.483643562141458
2024-03-21 20:00:00,5.163060969779186
2024-03-21 21:00:00,5.251189596997404
2024-03-21 22:00:00,5.039431183051234
2024-03-21 23:00:00,4.483640757292374
2024-03-22 00:00:00,4.336447907396363
2024-03-22 01:00:00,3.9997337061119427
2024-03-22 02:00:00,3.8371873543444615
2024-03-22 03:00:00,3.6552017672757504
2024-03-22 04:00:00,4.114562549770954
2024-03-22 05:00:00,5.238098605449518
2024-03-22 06:00:00,5.379235905848545
2024-03-22 07:00:00,5.2298275019412275
2024-03-22 08:00:00,5.155466769143631
2024-03-22 09:00:00,4.980533055205788
2024-03-22 10:00:00,5.284532355161733
2024-03-22 11:00:00,5.240803500913216
2024-03-22 12:00:00,5.803924580001836
2024-03-22 13:00:00,5.641032541547475
2024-03-22 14:00:00,5.765641798962014
2024-03-22 15:00:00,5.775302731984267
2024-03-22 16:00:00,5.738463136561679
2024-03-22 17:00:00,5.667477092311616
2024-03-22 18:00:00,5.450488393042575
2024-03-22 19:00:00,5.356924783599432
2024-03-22 20:00:00,5.13212175602223
2024-03-22 21:00:00,5.576403866389032
2024-03-22 22:00:00,5.473200799330845
2024-03-22 23:00:00,5.205834040678103
2024-03-23 00:00:00,4.868922225536937
2024-03-23 01:00:00,4.917758634304388
2024-03-23 02:00:00,5.322405210021535
2024-03-23 03:00:00,4.966145637747895
2024-03-23 04:00:00,5.267393547682516
2024-03-23 05:00:00,5.855068442566923
2024-03-23 06:00:00,5.288781710951557
2024-03-23 07:00:00,5.759162553807639
2024-03-23 08:00:00,5.465882188692592
2024-03-23 09:00:00,5.609753636595614
2024-03-23 10:00:00,6.177940504222436
2024-03-23 11:00:00,6.126963285850939
2024-03-23 12:00:00,6.5013803482750765
2024-03-23 13:00:00,6.228011612612662
2024-03-23 14:00:00,6.373288803715407
2024-03-23 15:00:00,6.380136961698015
2024-03-23 16:00:00,6.110428759573379
2024-03-23 17:00:00,5.950009357167999
2024-03-23 18:00:00,5.98928735186725
2024-03-23 19:00:00,5.728656305687282
2024-03-23 20:00:00,5.582435045643078
2024-03-23 21:00:00,4.963602801933472
2024-03-23 22:00:00,5.077289027943089
2024-03-23 23:00:00,5.31072405539762
2024-03-24 00:00:00,5.1363278799540675
2024-03-24 01:00:00,5.245298736403974
2024-03-24 02:00:00,5.534714704496767
2024-03-24 03:00:00,5.5453860116118365
2024-03-24 04:00:00,5.50481398847333
2024-03-24 05:00:00,5.788471507650339
2024-03-24 06:00:00,5.86857413286816
2024-03-24 07:00:00,6.0640629165160025
2024-03-24 08:00:00,6.401207729169431
2024-03-24 09:00:00,5.769571144797309
2024-03-24 10:00:00,6.280402750041637
2024-03-24 11:00:00,6.7382848732467355
2024-03-24 12:00:00,6.097391963876421
2024-03-24 13:00:00,6.490738022205328
2024-03-24 14:00:00,6.562670525363222
2024-03-24 15:00:00,5.884583065325069
2024-03-24 16:00:00,6.424535795954894
2024-03-24 17:00:00,6.499473839051492
2024-03-24 18:00:00,6.3395118972047415
2024-03-24 19:00:00,6.226609579551455
2024-03-24 20:00:00,6.375067222168137
2024-03-24 21:00:00,6.1337382921012775
2024-03-24 22:00:00,6.371260281740984
2024-03-24 23:00:00,6.569871989607699
2024-03-25 00:00:00,6.755810658730707
2024-03-25 01:00:00,6.393620346464822
2024-03-25 02:00:00,6.484778905455374
2024-03-25 03:00:00,6.554506561337637
2024-03-25 04:00:00,6.549014254903065
2024-03-25 05:00:00,6.239839301140285
2024-03-25 06:00:00,6.474786965889203
2024-03-25 07:00:00,6.50737843931722
2024-03-25 08:00:00,6.196270269351394
2024-03-25 09:00:00,6.078277266436413
2024-03-25 10:00:00,6.37411520567486
2024-03-25 11:00:00,5.713692156859362
2024-03-25 12:00:00,5.979554544514802
2024-03-25 13:00:00,6.3204311801666675
2024-03-25 14:00:00,6.739867202064619
2024-03-25 15:00:00,6.165511741654566
2024-03-25 16:00:00,6.358643525781026
2024-03-25 17:00:00,6.200164209946351
2024-03-25 18:00:00,6.4966039194858505
2024-03-25 19:00:00,6.39319860147568
2024-03-25 20:00:00,6.265817547992224
2024-03-25 21:00:00,6.692035973383227
2024-03-25 22:00:00,6.036422453865701
2024-03-25 23:00:00,6.150935762139617
2024-03-26 00:00:00,6.2973699312938205
2024-03-26 01:00:00,6.239551722048848
2024-03-26 02:00:00,6.920724668732112
2024-03-26 03:00:00,6.3809800868654305
2024-03-26 04:00:00,6.355109478487181
2024-03-26 05:00:00,5.8709397704511295
2024-03-26 06:00:00,6.1511255984931
2024-03-26 07:00:00,6.278218622898481
2024-03-26 08:00:00,74.11009507934101
2024-03-26 09:00:00,73.24807335807552
2024-03-26 10:00:00,72.27768841858777
2024-03-26 11:00:00,69.64155306363092
2024-03-26 12:00:00,66.81040798597033
2024-03-26 13:00:00,66.46871485630545
2024-03-26 14:00:00,65.80442281788196
2024-03-26 15:00:00,65.0670820589744
2024-03-26 16:00:00,64.39518530058413
2024-03-26 17:00:00,63.167699197309005
2024-03-26 18:00:00,64.9391581855643
2024-03-26 19:00:00,66.60654647365108
2024-03-26 20:00:00,5.65695676083889
2024-03-26 21:00:00,5.9862035192386704
2024-03-26 22:00:00,5.919026591611042
2024-03-26 23:00:00,6.2053289883965235
2024-03-27 00:00:00,6.04467878844273
2024-03-27 01:00:00,6.127414282064788
2024-03-27 02:00:00,6.326582322908474
2024-03-27 03:00:00,6.5184467715648315
2024-03-27 04:00:00,6.305907043271863
2024-03-27 05:00:00,6.266135086419817
2024-03-27 06:00:00,6.088679335664466
2024-03-27 07:00:00,6.124572524370998
2024-03-27 08:00:00,68.66736839129534
2024-03-27 09:00:00,65.52584714005309
2024-03-27 10:00:00,62.42436746972525
2024-03-27 11:00:00,58.83548597949047
2024-03-27 12:00:00,55.929595090488434
2024-03-27 13:00:00,53.480633878773
2024-03-27 14:00:00,55.322228407238704
2024-03-27 15:00:00,55.93631074301739
2024-03-27 16:00:00,55.855698023475256
2024-03-27 17:00:00,55.39089244747423
2024-03-27 18:00:00,55.61542362488485
2024-03-27 19:00:00,55.8429007091142
2024-03-27 20:00:00,5.926383286657063
2024-03-27 21:00:00,5.693700044036678
2024-03-27 22:00:00,5.807409220164682
2024-03-27 23:00:00,5.520748400045783
2024-03-28 00:00:00,5.504402323765374
2024-03-28 01:00:00,5.791242458536366
2024-03-28 02:00:00,5.456793364593805
2024-03-28 03:00:00,5.87891003632015
2024-03-28 04:00:00,5.936835064680914
2024-03-28 05:00:00,6.523231065058411
2024-03-28 06:00:00,6.440437111873992
2024-03-28 07:00:00,6.474167658627705
2024-03-28 08:00:00,65.83769542418186
2024-03-28 09:00:00,63.99712868751501
2024-03-28 10:00:00,60.83041891031277
2024-03-28 11:00:00,57.70573522571934
2024-03-28 12:00:00,54.09623735132182
2024-03-28 13:00:00,48.02021063216055
2024-03-28 14:00:00,49.231708420273094
2024-03-28 15:00:00,46.419554507139466
2024-03-28 16:00:00,45.42188324077083
2024-03-28 17:00:00,47.4112575285756
2024-03-28 18:00:00,49.128903006289086
2024-03-28 19:00:00,51.23709639132484
2024-03-28 20:00:00,6.052404460821931
2024-03-28 21:00:00,6.350233262342383
2024-03-28 22:00:00,6.047880652784929
2024-03-28 23:00:00,6.267229342513238
2024-03-29 00:00:00,6.179054550576078
2024-03-29 01:00:00,6.2180369996871585
2024-03-29 02:00:00,6.343214390551489
2024-03-29 03:00:00,6.139905747254645
2024-03-29 04:00:00,6.256863164347872
2024-03-29 05:00:00,6.487696366567662
2024-03-29 06:00:00,6.347318144594238
2024-03-29 07:00:00,6.7302562343814465
2024-03-29 08:00:00,67.42275149617596
2024-03-29 09:00:00,68.79330464055245
2024-03-29 10:00:00,68.96618049051875
2024-03-29 11:00:00,67.84864846891674
2024-03-29 12:00:00,67.61641016207876
2024-03-29 13:00:00,67.34317856128465
2024-03-29 14:00:00,69.18328855202147
2024-03-29 15:00:00,69.84854923982488
2024-03-29 16:00:00,70.04207314383
2024-03-29 17:00:00,69.3573631752066
2024-03-29 18:00:00,69.69620952707427
2024-03-29 19:00:00,70.515859211432
2024-03-29 20:00:00,7.421191797845078
2024-03-29 21:00:00,7.496800308862053
2024-03-29 22:00:00,6.782632895715124
2024-03-29 23:00:00,6.818273133533125
2024-03-30 00:00:00,6.226520202271039
2024-03-30 01:00:00,6.273053648014066
2024-03-30 02:00:00,6.176862202871496
2024-03-30 03:00:00,6.334014945609895
2024-03-30 04:00:00,6.667651999333803
2024-03-30 05:00:00,6.391874272783107
2024-03-30 06:00:00,7.039032542360374
2024-03-30 07:00:00,6.9922504433823125
2024-03-30 08:00:00,6.857745329232152
2024-03-30 09:00:00,6.711527394288786
2024-03-30 10:00:00,6.539274341254245
2024-03-30 11:00:00,6.868499784399394
2024-03-30 12:00:00,6.555900535200789
2024-03-30 13:00:00,6.482396396915447
2024-03-30 14:00:00,6.67117900918204
2024-03-30 15:00:00,6.529844025244061
2024-03-30 16:00:00,6.441175654838159
2024-03-30 17:00:00,6.056554344738186
2024-03-30 18:00:00,6.184917651727947
2024-03-30 19:00:00,6.461196875146857
2024-03-30 20:00:00,5.835696216293488
2024-03-30 21:00:00,6.139883033123541
2024-03-30 22:00:00,5.836464543610104
2024-03-30 23:00:00,5.6376465938075215
2024-03-31 00:00:00,5.182466557206698
2024-03-31 01:00:00,5.284163411965449
2024-03-31 02:00:00,5.490413173868181
2024-03-31 03:00:00,5.648538007136848
2024-03-31 04:00:00,5.543946019568147
2024-03-31 05:00:00,6.192897218373735
2024-03-31 06:00:00,7.038239928526284
2024-03-31 07:00:00,6.423953172617392
2024-03-31 08:00:00,6.488166084010137
2024-03-31 09:00:00,6.390250686728245
2024-03-31 10:00:00,5.986240700606378
2024-03-31 11:00:00,6.136878486609054
2024-03-31 12:00:00,5.921582965932041
2024-03-31 13:00:00,5.691221893104003
2024-03-31 14:00:00,5.856258572747944
2024-03-31 15:00:00,5.896962523935731
2024-03-31 16:00:00,5.612322671906954
2024-03-31 17:00:00,6.066338128158483
2024-03-31 18:00:00,5.966348980478391
2024-03-31 19:00:00,6.217972595272373
2024-03-31 20:00:00,6.641643459125708
2024-03-31 21:00:00,6.43622882027863
2024-03-31 22:00:00,5.659377815849139
2024-03-31 23:00:00,5.2109942488982455
2024-04-01 00:00:00,5.290362222715007
2024-04-01 01:00:00,5.7112281937142155
2024-04-01 02:00:00,5.331301100448017
2024-04-01 03:00:00,5.034801579435008
2024-04-01 04:00:00,6.1479062846568535
2024-04-01 05:00:00,6.42529093099533
2024-04-01 06:00:00,6.705159302221101
2024-04-01 07:00:00,6.450105464842376
2024-04-01 08:00:00,72.94017374457864
2024-04-01 09:00:00,69.27246462889545
2024-04-01 10:00:00,66.12787680680012
2024-04-01 11:00:00,62.16417209003201
2024-04-01 12:00:00,59.6551698597732
2024-04-01 13:00:00,56.16540326636081
2024-04-01 14:00:00,55.266645400370834
2024-04-01 15:00:00,53.78013226280353
2024-04-01 16:00:00,53.66497398130113
2024-04-01 17:00:00,54.95637573566261
2024-04-01 18:00:00,56.92242332086826
2024-04-01 19:00:00,59.53224351689334
2024-04-01 20:00:00,6.346886463247704
2024-04-01 21:00:00,5.989948872757015
2024-04-01 22:00:00,6.038891857880297
2024-04-01 23:00:00,6.258773649001529
2024-04-02 00:00:00,5.866818537757849
2024-04-02 01:00:00,6.013014040762006
2024-04-02 02:00:00,6.215273394328347
2024-04-02 03:00:00,6.458645034145186
2024-04-02 04:00:00,6.9522210537628455
2024-04-02 05:00:00,7.454127954620425
2024-04-02 06:00:00,6.876784555396675
2024-04-02 07:00:00,7.041549381485391
2024-04-02 08:00:00,70.00548289322671
2024-04-02 09:00:00,65.16611996184575
2024-04-02 10:00:00,61.819407555724645
2024-04-02 11:00:00,56.779050273977084
2024-04-02 12:00:00,53.54728681686924
2024-04-02 13:00:00,49.89747441250985
2024-04-02 14:00:00,50.76610069179171
2024-04-02 15:00:00,48.686386281311655
2024-04-02 16:00:00,48.547611659380024
2024-04-02 17:00:00,49.66621993186842
2024-04-02 18:00:00,50.73113905511498
2024-04-02 19:00:00,52.86734587012411
2024-04-02 20:00:00,6.609700505465679
2024-04-02 21:00:00,6.58368243374818
2024-04-02 22:00:00,6.890904528806875
2024-04-02 23:00:00,6.235039775613082
2024-04-03 00:00:00,5.864683813668651
2024-04-03 01:00:00,6.208988361683572
2024-04-03 02:00:00,6.138546503192613
2024-04-03 03:00:00,5.900147646070396
2024-04-03 04:00:00,5.950468330301306
2024-04-03 05:00:00,5.855501874938745
2024-04-03 06:00:00,5.604431477904585
2024-04-03 07:00:00,6.090778226019747
2024-04-03 08:00:00,58.919704413835184
2024-04-03 09:00:00,54.22658557169801
2024-04-03 10:00:00,49.53326729798497
2024-04-03 11:00:00,45.44398053988746
2024-04-03 12:00:00,43.26772401602201
2024-04-03 13:00:00,40.936622307295025
2024-04-03 14:00:00,38.209594906704126
2024-04-03 15:00:00,36.09261418554653
2024-04-03 16:00:00,35.04369493575401
2024-04-03 17:00:00,35.51723275628413
2024-04-03 18:00:00,35.857335180931514
2024-04-03 19:00:00,38.799535225335944
2024-04-03 20:00:00,6.072275815805427
2024-04-03 21:00:00,5.217657441181781
2024-04-03 22:00:00,5.637099184593469
2024-04-03 23:00:00,5.331501892700478
2024-04-04 00:00:00,5.270332584792292
2024-04-04 01:00:00,5.560145147460813
2024-04-04 02:00:00,5.964538477824588
2024-04-04 03:00:00,6.025871243366881
2024-04-04 04:00:00,5.356850930342634
2024-04-04 05:00:00,5.344775600212389
2024-04-04 06:00:00,5.55876998947255
2024-04-04 07:00:00,5.703831998243613
2024-04-04 08:00:00,6.128162531721415
2024-04-04 09:00:00,6.347679345613218
2024-04-04 10:00:00,6.365233127920829
2024-04-04 11:00:00,6.523499676031456
2024-04-04 12:00:00,6.242733678287778
2024-04-04 13:00:00,6.365897014270596
2024-04-04 14:00:00,6.574086213175888
2024-04-04 15:00:00,6.40242964086699
2024-04-04 16:00:00,6.3396918618829865
2024-04-04 17:00:00,6.641757999775902
2024-04-04 18:00:00,6.274524533791833
2024-04-04 19:00:00,5.706489274994183
2024-04-04 20:00:00,5.1348197729839775
2024-04-04 21:00:00,5.765137241617595
2024-04-04 22:00:00,6.048082475193362
2024-04-04 23:00:00,5.1209006623479825
2024-04-05 00:00:00,5.2952189181413765
2024-04-05 01:00:00,5.512217874542958
2024-04-05 02:00:00,5.692351712999438
2024-04-05 03:00:00,5.731679413204638
2024-04-05 04:00:00,6.359645777172351
2024-04-05 05:00:00,6.359457911203818
2024-04-05 06:00:00,6.500253509494194
2024-04-05 07:00:00,7.030637214731234
2024-04-05 08:00:00,7.314777655222404
2024-04-05 09:00:00,7.205571538507657
2024-04-05 10:00:00,7.181756485865435
2024-04-05 11:00:00,6.988485002752275
2024-04-05 12:00:00,8.101982896044618
2024-04-05 13:00:00,7.60086719976051
2024-04-05 14:00:00,7.856575226286391
2024-04-05 15:00:00,8.0868730403022
2024-04-05 16:00:00,8.484098583847164
2024-04-05 17:00:00,8.109468769482998
2024-04-05 18:00:00,7.5937221237109265
2024-04-05 19:00:00,7.195081136765161
2024-04-05 20:00:00,7.098899915298485
2024-04-05 21:00:00,6.879887890629035
2024-04-05 22:00:00,5.743966719570065
2024-04-05 23:00:00,5.576302212866411
2024-04-06 00:00:00,5.440595914575788
2024-04-06 01:00:00,5.055205295666046
2024-04-06 02:00:00,5.571407475064671
2024-04-06 03:00:00,5.58069429764725
2024-04-06 04:00:00,5.97733259732802
2024-04-06 05:00:00,5.836607591713897
2024-04-06 06:00:00,6.23564722730851
2024-04-06 07:00:00,6.45573139308412
2024-04-06 08:00:00,6.837915275830868
2024-04-06 09:00:00,7.005198040325226
2024-04-06 10:00:00,7.245113328308968
2024-04-06 11:00:00,7.283582508368563
2024-04-06 12:00:00,7.098017205597891
2024-04-06 13:00:00,7.008273989457439
2024-04-06 14:00:00,7.434928663857091
2024-04-06 15:00:00,7.327002981783588
2024-04-06 16:00:00,7.373268997945554
2024-04-06 17:00:00,7.5556979387980885
2024-04-06 18:00:00,7.603134281191405
2024-04-06 19:00:00,7.256984680812067
2024-04-06 20:00:00,6.566652205366719
2024-04-06 21:00:00,6.608539544834975
2024-04-06 22:00:00,5.8377981513564805
2024-04-06 23:00:00,5.985036321357892
2024-04-07 00:00:00,5.806293895304957
2024-04-07 01:00:00,5.974916284669325
2024-04-07 02:00:00,5.703219128549761
2024-04-07 03:00:00,5.438925675840329
2024-04-07 04:00:00,5.594810251454106
2024-04-07 05:00:00,5.363501444785824
2024-04-07 06:00:00,5.464187131663019
2024-04-07 07:00:00,5.709938280063788
2024-04-07 08:00:00,6.346182756971513
2024-04-07 09:00:00,6.800265896979751
2024-04-07 10:00:00,6.974747798210167
2024-04-07 11:00:00,7.114089732275456
2024-04-07 12:00:00,7.560040566840261
2024-04-07 13:00:00,7.472779093140542
2024-04-07 14:00:00,6.673840377809932
2024-04-07 15:00:00,6.653839683747396
2024-04-07 16:00:00,6.882970934792456
2024-04-07 17:00:00,6.3358472012126885
2024-04-07 18:00:00,6.047831200926108
2024-04-07 19:00:00,5.7769443597276915
2024-04-07 20:00:00,6.216312220038369
2024-04-07 21:00:00,6.1271917590470855
2024-04-07 22:00:00,6.28636077756503
2024-04-07 23:00:00,6.596966199138846
2024-04-08 00:00:00,6.494548502738697
2024-04-08 01:00:00,6.603601592559791
2024-04-08 02:00:00,6.592675923724994
2024-04-08 03:00:00,5.773785903768946
2024-04-08 04:00:00,5.764994677605536
2024-04-08 05:00:00,5.9645294554321175
2024-04-08 06:00:00,6.450534625141495
2024-04-08 07:00:00,7.111189349567954
2024-04-08 08:00:00,7.222187640341511
2024-04-08 09:00:00,6.952514290601084
2024-04-08 10:00:00,6.811977824839511
2024-04-08 11:00:00,7.195809912602324
2024-04-08 12:00:00,7.616785741202745
2024-04-08 13:00:00,8.060433554366327
2024-04-08 14:00:00,8.158314330149613
2024-04-08 15:00:00,8.196697029847972
2024-04-08 16:00:00,7.574638151137479
2024-04-08 17:00:00,7.754647935477122
2024-04-08 18:00:00,6.99625999010962
2024-04-08 19:00:00,7.0378309847904745
2024-04-08 20:00:00,6.644951058093793
2024-04-08 21:00:00,7.013735722825829
2024-04-08 22:00:00,7.146005614669199
2024-04-08 23:00:00,6.2000637401460486
2024-04-09 00:00:00,6.109211379408227
2024-04-09 01:00:00,6.386110578187899
2024-04-09 02:00:00,5.776757212565881
2024-04-09 03:00:00,6.089366026094837
2024-04-09 04:00:00,5.66612118037396
2024-04-09 05:00:00,6.136343278697686
2024-04-09 06:00:00,5.664812282222288
2024-04-09 07:00:00,5.906092883258467
2024-04-09 08:00:00,70.9915399807239
2024-04-09 09:00:00,65.76190319803555
2024-04-09 10:00:00,60.727537893981236
2024-04-09 11:00:00,55.7634522323519
2024-04-09 12:00:00,52.12115807245141
2024-04-09 13:00:00,48.204522684491074
2024-04-09 14:00:00,44.184702511167266
2024-04-09 15:00:00,41.711235184429604
2024-04-09 16:00:00,39.8605153635243
2024-04-09 17:00:00,39.70928085713246
2024-04-09 18:00:00,40.170189257926786
2024-04-09 19:00:00,42.75806202585222
2024-04-09 20:00:00,5.360171165184315
2024-04-09 21:00:00,5.226636227743745
2024-04-09 22:00:00,5.243393476515065
2024-04-09 23:00:00,5.314271747444114
2024-04-10 00:00:00,5.218481540823761
2024-04-10 01:00:00,5.529990999104306
2024-04-10 02:00:00,5.730437645677309
2024-04-10 03:00:00,5.437604877585789
2024-04-10 04:00:00,5.278962466162294
2024-04-10 05:00:00,5.1771185475948
2024-04-10 06:00:00,4.914506928118691
2024-04-10 07:00:00,5.36880286615787
2024-04-10 08:00:00,66.42858510609923
2024-04-10 09:00:00,60.91464644168932
2024-04-10 10:00:00,53.78812137472047
2024-04-10 11:00:00,48.127716211038624
2024-04-10 12:00:00,42.88086813883099
2024-04-10 13:00:00,38.286234570811985
2024-04-10 14:00:00,36.54056407586535
2024-04-10 15:00:00,33.376850748425866
2024-04-10 16:00:00,30.84860978104412
2024-04-10 17:00:00,29.55660822950505
2024-04-10 18:00:00,29.640975756634646
2024-04-10 19:00:00,32.24848819323327
2024-04-10 20:00:00,4.951520257062966
2024-04-10 21:00:00,4.960461358396169
2024-04-10 22:00:00,5.129448154937062
2024-04-10 23:00:00,5.351520464145012
2024-04-11 00:00:00,5.401765950274979
2024-04-11 01:00:00,5.753492427600707
2024-04-11 02:00:00,6.2059979946677135
2024-04-11 03:00:00,6.109893035001606
2024-04-11 04:00:00,6.377765479666112
2024-04-11 05:00:00,6.524222440773322
2024-04-11 06:00:00,6.069660510110292
2024-04-11 07:00:00,6.34712147883358
2024-04-11 08:00:00,6.6664544778665595
2024-04-11 09:00:00,6.797756848120137
2024-04-11 10:00:00,6.427175304006694
2024-04-11 11:00:00,6.304020429164674
2024-04-11 12:00:00,6.209784278702186
2024-04-11 13:00:00,6.60038794793724
2024-04-11 14:00:00,6.528630680208368
2024-04-11 15:00:00,6.3894967599675425
2024-04-11 16:00:00,6.998373045048126
2024-04-11 17:00:00,6.807644362930416
2024-04-11 18:00:00,6.49640839431055
2024-04-11 19:00:00,6.504106602944731
2024-04-11 20:00:00,6.69391390993799
2024-04-11 21:00:00,6.921889628387705
2024-04-11 22:00:00,6.747129183367944
2024-04-11 23:00:00,6.62435106134402
2024-04-12 00:00:00,6.347475754470848
2024-04-12 01:00:00,6.744095664567967
2024-04-12 02:00:00,6.509862829545816
2024-04-12 03:00:00,6.375474202045686
2024-04-12 04:00:00,6.472733537486069
2024-04-12 05:00:00,6.212502811616233
2024-04-12 06:00:00,6.044318107130433
2024-04-12 07:00:00,6.4464432270801755
2024-04-12 08:00:00,6.724398982427593
2024-04-12 09:00:00,6.479061554413148
2024-04-12 10:00:00,6.312927447939095
2024-04-12 11:00:00,5.893143508746786
2024-04-12 12:00:00,5.691992295067691
2024-04-12 13:00:00,5.248306321617434
2024-04-12 14:00:00,5.776185638901839
2024-04-12 15:00:00,5.2915860969499455
2024-04-12 16:00:00,5.40236803999028
2024-04-12 17:00:00,5.150901580939489
2024-04-12 18:00:00,5.162933278637601
2024-04-12 19:00:00,5.767115605327094
2024-04-12 20:00:00,5.817899329649375
2024-04-12 21:00:00,5.874351667297395
2024-04-12 22:00:00,5.601837218103512
2024-04-12 23:00:00,5.48532211553999
2024-04-13 00:00:00,4.7462245672674275
2024-04-13 01:00:00,5.125868209676079
2024-04-13 02:00:00,4.93323984404208
2024-04-13 03:00:00,5.22657814687816
2024-04-13 04:00:00,4.5462094260413215
2024-04-13 05:00:00,4.87151324799347
2024-04-13 06:00:00,5.217565242651088
2024-04-13 07:00:00,5.43543797635042
2024-04-13 08:00:00,5.852853025003494
2024-04-13 09:00:00,5.88300922210044
2024-04-13 10:00:00,5.6784125392851
2024-04-13 11:00:00,5.782511689331695
2024-04-13 12:00:00,5.736428795578045
2024-04-13 13:00:00,6.224955791966593
2024-04-13 14:00:00,6.266445241833548
2024-04-13 15:00:00,6.511739833515159
2024-04-13 16:00:00,6.571000775449708
2024-04-13 17:00:00,6.4813234030810545
2024-04-13 18:00:00,6.630383426956533
2024-04-13 19:00:00,6.538327292936754
2024-04-13 20:00:00,6.631983383833104
2024-04-13 21:00:00,6.155164022699265
2024-04-13 22:00:00,6.2379762732802195
2024-04-13 23:00:00,6.809615894632435
2024-04-14 00:00:00,6.377628580127774
2024-04-14 01:00:00,5.683026166402762
2024-04-14 02:00:00,5.548862402438383
2024-04-14 03:00:00,5.73618544612117
2024-04-14 04:00:00,5.998034269431555
2024-04-14 05:00:00,5.935400732667512
2024-04-14 06:00:00,6.543187448362397
2024-04-14 07:00:00,6.619631498400764
2024-04-14 08:00:00,7.0863110635030955
2024-04-14 09:00:00,6.863680150249456
2024-04-14 10:00:00,7.759770112603569
2024-04-14 11:00:00,7.2737344348908985
2024-04-14 12:00:00,7.48706553166155
2024-04-14 13:00:00,7.3948267534839465
2024-04-14 14:00:00,7.427214590403732
2024-04-14 15:00:00,7.584849103152084
2024-04-14 16:00:00,7.402065416263166
2024-04-14 17:00:00,7.338175416838303
2024-04-14 18:00:00,7.071348868608155
2024-04-14 19:00:00,7.086758030951503
2024-04-14 20:00:00,6.844544295223785
2024-04-14 21:00:00,7.100612008424613
2024-04-14 22:00:00,6.8894776005286165
2024-04-14 23:00:00,5.809933022142738
2024-04-15 00:00:00,6.343273277500587
2024-04-15 01:00:00,6.95766760456248
2024-04-15 02:00:00,6.6779697460330985
2024-04-15 03:00:00,6.13976827134826
2024-04-15 04:00:00,6.550336452321227
2024-04-15 05:00:00,7.025901415802348
2024-04-15 06:00:00,6.940870804757254
2024-04-15 07:00:00,6.88399434960529
2024-04-15 08:00:00,30.841656600919247
2024-04-15 09:00:00,28.65800217623274
2024-04-15 10:00:00,31.76212762212061
2024-04-15 11:00:00,32.28593046172382
2024-04-15 12:00:00,34.36512153984675
2024-04-15 13:00:00,41.55777251178445
2024-04-15 14:00:00,45.295183939706455
2024-04-15 15:00:00,48.80963326901785
2024-04-15 16:00:00,49.306462458278894
2024-04-15 17:00:00,48.89907360933677
2024-04-15 18:00:00,46.04716838012071
2024-04-15 19:00:00,40.552213051877516
2024-04-15 20:00:00,6.870890866099772
2024-04-15 21:00:00,6.90023424460553
2024-04-15 22:00:00,6.5178208691349635
2024-04-15 23:00:00,6.569050013843647
2024-04-16 00:00:00,6.530165327801008
2024-04-16 01:00:00,6.210930923540821
2024-04-16 02:00:00,6.2971077691291395
2024-04-16 03:00:00,6.447469440825823
2024-04-16 04:00:00,6.360646373424851
2024-04-16 05:00:00,6.404203897492985
2024-04-16 06:00:00,6.001048955113912
2024-04-16 07:00:00,5.872897740213924
2024-04-16 08:00:00,28.390210565966377
2024-04-16 09:00:00,29.126029244930468
2024-04-16 10:00:00,28.38490306323097
2024-04-16 11:00:00,29.90466658844987
2024-04-16 12:00:00,28.13223646936106
2024-04-16 13:00:00,29.418384656635496
2024-04-16 14:00:00,36.25170088174558
2024-04-16 15:00:00,40.699440324272956
2024-04-16 16:00:00,42.87491692130631
2024-04-16 17:00:00,43.69601533137165
2024-04-16 18:00:00,40.91954695573437
2024-04-16 19:00:00,35.30417437981549
2024-04-16 20:00:00,7.5217302660667515
2024-04-16 21:00:00,6.966408371862383
2024-04-16 22:00:00,6.838726872228309
2024-04-16 23:00:00,7.126196876513465
2024-04-17 00:00:00,6.109704731351823
2024-04-17 01:00:00,6.47191953922888
2024-04-17 02:00:00,6.661650246547151
2024-04-17 03:00:00,7.023197985265885
2024-04-17 04:00:00,7.34838203018948
2024-04-17 05:00:00,7.156043573985194
2024-04-17 06:00:00,7.002970844821261
2024-04-17 07:00:00,6.983258384384243
2024-04-17 08:00:00,26.99289219636128
2024-04-17 09:00:00,26.958659918855332
2024-04-17 10:00:00,27.094011468986732
2024-04-17 11:00:00,27.631060708626308
2024-04-17 12:00:00,27.117977251042127
2024-04-17 13:00:00,27.52751520613198
2024-04-17 14:00:00,27.310308714457438
2024-04-17 15:00:00,27.474754168932595
2024-04-17 16:00:00,27.41737572326243
2024-04-17 17:00:00,27.425390143040865
2024-04-17 18:00:00,27.351840644684152
2024-04-17 19:00:00,27.48254908726094
2024-04-17 20:00:00,7.2784950036049745
2024-04-17 21:00:00,7.582955661646316
2024-04-17 22:00:00,6.949322387752569
2024-04-17 23:00:00,7.049501978518728
2024-04-18 00:00:00,7.213964605667219
2024-04-18 01:00:00,7.457565982381565
2024-04-18 02:00:00,6.659806352450516
2024-04-18 03:00:00,6.729224878129852
2024-04-18 04:00:00,6.676401716454561
2024-04-18 05:00:00,6.9405713430623175
2024-04-18 06:00:00,6.5501634164294416
2024-04-18 07:00:00,6.798774825918373
2024-04-18 08:00:00,6.454176216017063
2024-04-18 09:00:00,6.949801858963848
2024-04-18 10:00:00,7.282931803622029
2024-04-18 11:00:00,7.070506705087593
2024-04-18 12:00:00,7.645520423203512
2024-04-18 13:00:00,7.175437285673685
2024-04-18 14:00:00,6.986752593011657
2024-04-18 15:00:00,6.679312929478863
2024-04-18 16:00:00,6.953736046676947
2024-04-18 17:00:00,6.488536861488329
2024-04-18 18:00:00,6.161122393083153
2024-04-18 19:00:00,6.298991687708825
2024-04-18 20:00:00,6.1129888957344845
2024-04-18 21:00:00,5.804069773432896
2024-04-18 22:00:00,5.219321079064796
2024-04-18 23:00:00,5.217791852552116
2024-04-19 00:00:00,5.063162360852961
2024-04-19 01:00:00,5.655597284889497
2024-04-19 02:00:00,5.322197913250536
2024-04-19 03:00:00,5.784492077201766
2024-04-19 04:00:00,5.789581582609629
2024-04-19 05:00:00,5.634928522854115
2024-04-19 06:00:00,5.911934949668314
2024-04-19 07:00:00,6.15470137161579
2024-04-19 08:00:00,6.44134925043549
2024-04-19 09:00:00,6.3722506377927655
2024-04-19 10:00:00,6.5570595548485615
2024-04-19 11:00:00,7.2910754800710835
2024-04-19 12:00:00,6.958697405546021
2024-04-19 13:00:00,6.911645345430969
2024-04-19 14:00:00,6.88711330508431
2024-04-19 15:00:00,6.923759516120729
2024-04-19 16:00:00,6.427323930967043
2024-04-19 17:00:00,6.537708289150284
2024-04-19 18:00:00,6.886517233678299
2024-04-19 19:00:00,7.284786732366785
2024-04-19 20:00:00,6.881830568454023
2024-04-19 21:00:00,6.474957058765197
2024-04-19 22:00:00,6.870325625852443
2024-04-19 23:00:00,6.164422012300661
2024-04-20 00:00:00,5.966030212481772
2024-04-20 01:00:00,5.900196698777948
2024-04-20 02:00:00,5.407542417272947
2024-04-20 03:00:00,5.414798228325411
2024-04-20 04:00:00,5.6551476341048765
2024-04-20 05:00:00,5.843100465331068
2024-04-20 06:00:00,5.943653831896839
2024-04-20 07:00:00,6.185943570520888
2024-04-20 08:00:00,6.216287596903642
2024-04-20 09:00:00,7.114445604267656
2024-04-20 10:00:00,6.673672381271864
2024-04-20 11:00:00,6.418016059221449
2024-04-20 12:00:00,6.687209634110473
2024-04-20 13:00:00,6.3887335873677005
2024-04-20 14:00:00,6.522314378553953
2024-04-20 15:00:00,6.3527471314824275
2024-04-20 16:00:00,6.336778585585246
2024-04-20 17:00:00,5.618987185542415
2024-04-20 18:00:00,5.7096216157499295
2024-04-20 19:00:00,6.104902447084162
2024-04-20 20:00:00,5.363913956976683
2024-04-20 21:00:00,5.440895798820166
2024-04-20 22:00:00,5.27997101003349
2024-04-20 23:00:00,4.677693375096393
2024-04-21 00:00:00,4.401123896346513
2024-04-21 01:00:00,4.690128836502927
2024-04-21 02:00:00,5.047467472187514
2024-04-21 03:00:00,4.628482646498345
2024-04-21 04:00:00,4.749385932830526
2024-04-21 05:00:00,4.6870252868016005
2024-04-21 06:00:00,5.352538137689571
2024-04-21 07:00:00,5.642317976002099
2024-04-21 08:00:00,5.584073623316953
2024-04-21 09:00:00,6.137011880383129
2024-04-21 10:00:00,6.056336668118204
2024-04-21 11:00:00,6.018792311912793
2024-04-21 12:00:00,6.430776279780564
2024-04-21 13:00:00,6.9183740454355975
2024-04-21 14:00:00,6.271614988028014
2024-04-21 15:00:00,6.139696722519031
2024-04-21 16:00:00,6.3642761397906344
2024-04-21 17:00:00,6.306837860874932
2024-04-21 18:00:00,6.425246873426253
2024-04-21 19:00:00,5.984139792595343
2024-04-21 20:00:00,5.622460510292752
2024-04-21 21:00:00,5.592550454881598
2024-04-21 22:00:00,5.132024768008002
2024-04-21 23:00:00,5.362435306210258
2024-04-22 00:00:00,5.877481274057007
2024-04-22 01:00:00,5.388578851133142
2024-04-22 02:00:00,5.216590972170728
2024-04-22 03:00:00,4.9462062983747925
2024-04-22 04:00:00,5.169139723736855
2024-04-22 05:00:00,5.21779456925745
2024-04-22 06:00:00,5.720862925434286
2024-04-22 07:00:00,6.50225655342972
2024-04-22 08:00:00,6.477219946050898
2024-04-22 09:00:00,6.32467286142079
2024-04-22 10:00:00,6.739403959151795
2024-04-22 11:00:00,6.424570170748395
2024-04-22 12:00:00,6.902589545857367
2024-04-22 13:00:00,6.382898747120739
2024-04-22 14:00:00,6.670703207517177
2024-04-22 15:00:00,7.168675202675651
2024-04-22 16:00:00,7.247423543083356
2024-04-22 17:00:00,7.031412813123965
2024-04-22 18:00:00,7.075051180760456
2024-04-22 19:00:00,6.1574610318525735
2024-04-22 20:00:00,6.130513536473504
2024-04-22 21:00:00,5.926755100817063
2024-04-22 22:00:00,6.044546282040425
2024-04-22 23:00:00,6.197858710333449
2024-04-23 00:00:00,5.959702838491241
2024-04-23 01:00:00,5.635061367388819
2024-04-23 02:00:00,5.8784337478061115
2024-04-23 03:00:00,5.703205861975143
2024-04-23 04:00:00,5.817051710453257
2024-04-23 05:00:00,6.007169107780506
2024-04-23 06:00:00,6.280811463519487
2024-04-23 07:00:00,5.987846857010339
2024-04-23 08:00:00,6.338602921486272
2024-04-23 09:00:00,6.714414067834189
2024-04-23 10:00:00,6.638214320403752
2024-04-23 11:00:00,6.632210836452808
2024-04-23 12:00:00,6.359233950344964
2024-04-23 13:00:00,6.535483285893782
2024-04-23 14:00:00,6.301256529655681
2024-04-23 15:00:00,6.450965585883773
2024-04-23 16:00:00,6.650419112264832
2024-04-23 17:00:00,6.380445918842116
2024-04-23 18:00:00,5.99610505771863
2024-04-23 19:00:00,5.657688083533131
2024-04-23 20:00:00,5.920924426136474
2024-04-23 21:00:00,5.955608047404006
2024-04-23 22:00:00,5.87175890002274
2024-04-23 23:00:00,5.857402927567874
2024-04-24 00:00:00,5.408696128841235
2024-04-24 01:00:00,5.314015232931269
2024-04-24 02:00:00,6.158900398841451
2024-04-24 03:00:00,6.278972360422844
2024-04-24 04:00:00,6.349129077661333
2024-04-24 05:00:00,6.56098951592412
2024-04-24 06:00:00,6.433976477911583
2024-04-24 07:00:00,5.94972009841664
2024-04-24 08:00:00,69.15989030108713
2024-04-24 09:00:00,64.98564399640462
2024-04-24 10:00:00,60.12100615706378
2024-04-24 11:00:00,54.46986057519521
2024-04-24 12:00:00,51.32232346054194
2024-04-24 13:00:00,45.60327790950636
2024-04-24 14:00:00,41.99524717216888
2024-04-24 15:00:00,38.44296514191181
2024-04-24 16:00:00,35.714698268608515
2024-04-24 17:00:00,35.42185794227745
2024-04-24 18:00:00,36.511706980732995
2024-04-24 19:00:00,38.592256210452234
2024-04-24 20:00:00,6.709447258251727
2024-04-24 21:00:00,6.562910132501835
2024-04-24 22:00:00,6.688946856364789
2024-04-24 23:00:00,6.779588984443971
2024-04-25 00:00:00,6.395456391208414
2024-04-25 01:00:00,5.891242304441597
2024-04-25 02:00:00,5.793030327857799
2024-04-25 03:00:00,6.087159579155295
2024-04-25 04:00:00,5.773663995505258
2024-04-25 05:00:00,5.901622738155981
2024-04-25 06:00:00,5.670659418723798
2024-04-25 07:00:00,6.030358608813693
2024-04-25 08:00:00,60.73968551713962
2024-04-25 09:00:00,56.611234419154435
2024-04-25 10:00:00,51.71020780487094
2024-04-25 11:00:00,46.04019916479648
2024-04-25 12:00:00,43.00303280443967
2024-04-25 13:00:00,40.48313276388596
2024-04-25 14:00:00,40.42375472588912
2024-04-25 15:00:00,39.291632418187476
2024-04-25 16:00:00,38.0591076310395
2024-04-25 17:00:00,38.12198658845084
2024-04-25 18:00:00,40.07083983938457
2024-04-25 19:00:00,42.60184441236727
2024-04-25 20:00:00,7.0829667699334395
2024-04-25 21:00:00,6.878233629595617
2024-04-25 22:00:00,6.800181222147333
2024-04-25 23:00:00,6.914713681510794
2024-04-26 00:00:00,6.884609307043798
2024-04-26 01:00:00,6.870404791337398
2024-04-26 02:00:00,6.665081759019718
2024-04-26 03:00:00,6.671245988498049
2024-04-26 04:00:00,6.29248020639286
2024-04-26 05:00:00,6.736099470790814
2024-04-26 06:00:00,6.739596805562516
2024-04-26 07:00:00,6.823835308084258
2024-04-26 08:00:00,6.740662338820641
2024-04-26 09:00:00,6.543457901057989
2024-04-26 10:00:00,6.968160363201081
2024-04-26 11:00:00,7.181883641621549
2024-04-26 12:00:00,7.199607416339407
2024-04-26 13:00:00,7.319551116459598
2024-04-26 14:00:00,7.122110476706149
2024-04-26 15:00:00,7.401930692840921
2024-04-26 16:00:00,7.118840972790612
2024-04-26 17:00:00,7.250298848647631
2024-04-26 18:00:00,6.9835021071372845
2024-04-26 19:00:00,6.719769437161399
2024-04-26 20:00:00,6.687129162996524
2024-04-26 21:00:00,7.017188785106474
2024-04-26 22:00:00,6.898964137658319
2024-04-26 23:00:00,6.2615917490555635
2024-04-27 00:00:00,5.691922862589264
2024-04-27 01:00:00,5.09612245813188
2024-04-27 02:00:00,5.229348995302294
2024-04-27 03:00:00,4.879407058943793
2024-04-27 04:00:00,4.844737618877587
2024-04-27 05:00:00,4.818140903440912
2024-04-27 06:00:00,5.300971875327505
2024-04-27 07:00:00,5.163198512579262
2024-04-27 08:00:00,4.987318783745575
2024-04-27 09:00:00,5.3611554924980265
2024-04-27 10:00:00,5.543305179120644
2024-04-27 11:00:00,5.943973048348015
2024-04-27 12:00:00,5.643728581108143
2024-04-27 13:00:00,5.691653267057008
2024-04-27 14:00:00,6.047829487919345
2024-04-27 15:00:00,5.707488746939253
2024-04-27 16:00:00,5.960337764284112
2024-04-27 17:00:00,5.9174703433383105
2024-04-27 18:00:00,6.038425570387883
2024-04-27 19:00:00,6.559381157562432
2024-04-27 20:00:00,6.302633357607716
2024-04-27 21:00:00,6.384641636608435
2024-04-27 22:00:00,6.196944562751997
2024-04-27 23:00:00,6.267807902282134
2024-04-28 00:00:00,6.531487559568981
2024-04-28 01:00:00,6.0415952676434905
2024-04-28 02:00:00,5.993903641531169
2024-04-28 03:00:00,5.9994990185365475
2024-04-28 04:00:00,6.132647088985501
2024-04-28 05:00:00,6.171237668793708
2024-04-28 06:00:00,6.312269345793635
2024-04-28 07:00:00,6.730908016568205
2024-04-28 08:00:00,6.691171629945647
2024-04-28 09:00:00,6.689001254864224
2024-04-28 10:00:00,6.957881938155412
2024-04-28 11:00:00,7.144724915336386
2024-04-28 12:00:00,6.802866221312599
2024-04-28 13:00:00,6.401975686888053
2024-04-28 14:00:00,6.413542883283063
2024-04-28 15:00:00,6.270423236020723
2024-04-28 16:00:00,6.2605369095609
2024-04-28 17:00:00,6.6606659629075065
2024-04-28 18:00:00,6.641794800352411
2024-04-28 19:00:00,6.818204514041351
2024-04-28 20:00:00,6.842638027135472
2024-04-28 21:00:00,6.446737144179298
2024-04-28 22:00:00,6.435576273241734
2024-04-28 23:00:00,6.598359105172539
2024-04-29 00:00:00,6.965306860170553
2024-04-29 01:00:00,7.098844308408957
2024-04-29 02:00:00,6.5066962961600465
2024-04-29 03:00:00,5.927335934472446
2024-04-29 04:00:00,5.838847583696681
2024-04-29 05:00:00,6.297229467348603
2024-04-29 06:00:00,6.104637499412796
2024-04-29 07:00:00,6.789548522503925
2024-04-29 08:00:00,61.513612508435415
2024-04-29 09:00:00,56.53632010821225
2024-04-29 10:00:00,51.62146411519482
2024-04-29 11:00:00,48.43678566830613
2024-04-29 12:00:00,45.196346235860695
2024-04-29 13:00:00,42.6757181221
2024-04-29 14:00:00,39.79563049816284
2024-04-29 15:00:00,38.43073805889857
2024-04-29 16:00:00,40.13722822178848
2024-04-29 17:00:00,41.880069460276076
2024-04-29 18:00:00,43.16435962205141
2024-04-29 19:00:00,44.22002521977373
2024-04-29 20:00:00,4.831431769238325
2024-04-29 21:00:00,4.7803781355272825
2024-04-29 22:00:00,4.667093800561572
2024-04-29 23:00:00,5.199704231489568
2024-04-30 00:00:00,4.823150330825167
2024-04-30 01:00:00,5.248930226832021
2024-04-30 02:00:00,5.571168321755407
2024-04-30 03:00:00,5.854118390298795
2024-04-30 04:00:00,6.111595440124388
2024-04-30 05:00:00,6.05396847653437
2024-04-30 06:00:00,6.277474506333184
2024-04-30 07:00:00,6.5554709779343945
2024-04-30 08:00:00,6.700432058998147
2024-04-30 09:00:00,6.6579845191526665
2024-04-30 10:00:00,6.324611248318606
2024-04-30 11:00:00,6.551918186033694
2024-04-30 12:00:00,6.61926659949716
2024-04-30 13:00:00,6.5223905002650024
2024-04-30 14:00:00,6.2554098106486675
2024-04-30 15:00:00,6.249520543419002
2024-04-30 16:00:00,6.413506894749046
2024-04-30 17:00:00,6.369263529204436
2024-04-30 18:00:00,5.918462509169724
2024-04-30 19:00:00,6.274228370803332
2024-04-30 20:00:00,5.752127991408145
2024-04-30 21:00:00,5.530098676803238
2024-04-30 22:00:00,5.759627243137076
2024-04-30 23:00:00,5.705615028295056
2024-05-01 00:00:00,5.8242101853017
2024-05-01 01:00:00,5.649489353187796
2024-05-01 02:00:00,6.097973824061118
2024-05-01 03:00:00,6.008062980015685
2024-05-01 04:00:00,5.830454916512258
2024-05-01 05:00:00,6.178991990610494
2024-05-01 06:00:00,5.773916084218513
2024-05-01 07:00:00,6.364210157879099
2024-05-01 08:00:00,6.673614801507975
2024-05-01 09:00:00,6.100680825249744
2024-05-01 10:00:00,6.360828795746229
2024-05-01 11:00:00,6.887190275466237
2024-05-01 12:00:00,7.2689342632233656
2024-05-01 13:00:00,8.03849022135799
2024-05-01 14:00:00,7.293685458055145
2024-05-01 15:00:00,7.711165431011373
2024-05-01 16:00:00,7.385198404887727
2024-05-01 17:00:00,7.0072016681562594
2024-05-01 18:00:00,6.663234698601486
2024-05-01 19:00:00,6.413076665968323
2024-05-01 20:00:00,6.3146833115194
2024-05-01 21:00:00,6.313052061174783
2024-05-01 22:00:00,6.45181276002063
2024-05-01 23:00:00,6.205901224221403
2024-05-02 00:00:00,6.341523177699033
2024-05-02 01:00:00,5.891541077342827
2024-05-02 02:00:00,5.768829872401637
2024-05-02 03:00:00,5.874536549399598
2024-05-02 04:00:00,6.198042585510351
2024-05-02 05:00:00,6.8862685437520055
2024-05-02 06:00:00,6.157674606279986
2024-05-02 07:00:00,5.874050724249121
2024-05-02 08:00:00,66.89121154729007
2024-05-02 09:00:00,62.16333782659632
2024-05-02 10:00:00,58.45948154822916
2024-05-02 11:00:00,53.736693606771105
2024-05-02 12:00:00,52.67909056387393
2024-05-02 13:00:00,51.80589681211394
2024-05-02 14:00:00,51.773203245871116
2024-05-02 15:00:00,50.784278212467264
2024-05-02 16:00:00,49.303463759116845
2024-05-02 17:00:00,49.11879886306574
2024-05-02 18:00:00,49.108085107831286
2024-05-02 19:00:00,50.461133333168696
2024-05-02 20:00:00,6.980548295036615
2024-05-02 21:00:00,7.178998043823385
2024-05-02 22:00:00,6.909087135705885
2024-05-02 23:00:00,7.138404100744394
2024-05-03 00:00:00,6.677058528743362
2024-05-03 01:00:00,6.008265464318782
2024-05-03 02:00:00,5.573714793534888
2024-05-03 03:00:00,5.181056532301664
2024-05-03 04:00:00,5.639019857848241
2024-05-03 05:00:00,5.679370498207228
2024-05-03 06:00:00,5.766707517431609
2024-05-03 07:00:00,6.427357879979771
2024-05-03 08:00:00,64.24528221354926
2024-05-03 09:00:00,59.903525949530334
2024-05-03 10:00:00,55.30355590017635
2024-05-03 11:00:00,50.40306366069717
2024-05-03 12:00:00,46.25652052734601
2024-05-03 13:00:00,41.03682525761509
2024-05-03 14:00:00,40.49271620819977
2024-05-03 15:00:00,37.22013515000873
2024-05-03 16:00:00,36.14541648822127
2024-05-03 17:00:00,35.44999950234474
2024-05-03 18:00:00,36.51806304154545
2024-05-03 19:00:00,38.2901261270741
2024-05-03 20:00:00,6.763757567007448
2024-05-03 21:00:00,6.238835700045037
2024-05-03 22:00:00,6.312678182982457
2024-05-03 23:00:00,6.486735718471079
2024-05-04 00:00:00,5.687537688638397
2024-05-04 01:00:00,5.352353747923523
2024-05-04 02:00:00,5.228127737689523
2024-05-04 03:00:00,5.769207997026685
2024-05-04 04:00:00,5.796188411615884
2024-05-04 05:00:00,6.100559654125454
2024-05-04 06:00:00,6.254304284372254
2024-05-04 07:00:00,6.473792650780318
2024-05-04 08:00:00,5.9760156107030316
2024-05-04 09:00:00,6.05256471392074
2024-05-04 10:00:00,6.175924141003624
2024-05-04 11:00:00,6.835710491887813
2024-05-04 12:00:00,6.655307053118296
2024-05-04 13:00:00,6.996590105078914
2024-05-04 14:00:00,7.050131079946699
2024-05-04 15:00:00,7.3119250616415234
2024-05-04 16:00:00,7.38759039912846
2024-05-04 17:00:00,7.715754010695873
2024-05-04 18:00:00,7.384732554148708
2024-05-04 19:00:00,7.151968300578592
2024-05-04 20:00:00,6.658818954664369
2024-05-04 21:00:00,6.6353995648709585
2024-05-04 22:00:00,6.979313190297278
2024-05-04 23:00:00,6.631398333436631
2024-05-05 00:00:00,6.678961469181821
2024-05-05 01:00:00,6.809854521328749
2024-05-05 02:00:00,6.854939451471945
2024-05-05 03:00:00,6.798575055795412
2024-05-05 04:00:00,6.5234855573735695
2024-05-05 05:00:00,6.175135973708678
2024-05-05 06:00:00,5.737750310742298
2024-05-05 07:00:00,5.919087871435503
2024-05-05 08:00:00,6.125585988301487
2024-05-05 09:00:00,6.361437240900794
2024-05-05 10:00:00,6.878463903015124
2024-05-05 11:00:00,7.090544539549503
2024-05-05 12:00:00,7.0447183371202335
2024-05-05 13:00:00,6.858042036877013
2024-05-05 14:00:00,7.019163007700148
2024-05-05 15:00:00,6.898448800622252
2024-05-05 16:00:00,6.577871619664657
2024-05-05 17:00:00,6.585779719872907
2024-05-05 18:00:00,6.605495633821088
2024-05-05 19:00:00,5.990937749905859
2024-05-05 20:00:00,5.659568018893577
2024-05-05 21:00:00,5.92328788234713
2024-05-05 22:00:00,5.944910971203772
2024-05-05 23:00:00,5.389904115058614
2024-05-06 00:00:00,6.1120940083134565
2024-05-06 01:00:00,5.980300577679111
2024-05-06 02:00:00,6.536382371226679
2024-05-06 03:00:00,5.7540470770369545
2024-05-06 04:00:00,5.710577634856156
2024-05-06 05:00:00,6.257401220465676
2024-05-06 06:00:00,5.948430052049732
2024-05-06 07:00:00,6.176677273588596
2024-05-06 08:00:00,5.850899391716409
2024-05-06 09:00:00,6.461593650526293
2024-05-06 10:00:00,6.455474136581425
2024-05-06 11:00:00,6.895520923846277
2024-05-06 12:00:00,6.844403864717913
2024-05-06 13:00:00,6.886623291747786
2024-05-06 14:00:00,6.498985432072591
2024-05-06 15:00:00,6.892157510793455
2024-05-06 16:00:00,6.934553316162105
2024-05-06 17:00:00,6.678653612473096
2024-05-06 18:00:00,6.7267195061681
2024-05-06 19:00:00,6.250779648844944
2024-05-06 20:00:00,6.331988965562169
2024-05-06 21:00:00,6.22292442460624
2024-05-06 22:00:00,6.212646597146317
2024-05-06 23:00:00,5.865760197941936
2024-05-07 00:00:00,6.450427557426323
2024-05-07 01:00:00,6.617708265564949
2024-05-07 02:00:00,6.756863971004901
2024-05-07 03:00:00,6.48930510907396
2024-05-07 04:00:00,6.0290343214932784
2024-05-07 05:00:00,6.32229451749809
2024-05-07 06:00:00,6.0412278881298445
2024-05-07 07:00:00,6.010312678552879
2024-05-07 08:00:00,6.099061343912126
2024-05-07 09:00:00,6.254564459097646
2024-05-07 10:00:00,5.9405342411533875
2024-05-07 11:00:00,6.339262040331875
2024-05-07 12:00:00,6.678363961992953
2024-05-07 13:00:00,6.583201610661072
2024-05-07 14:00:00,7.132258346420598
2024-05-07 15:00:00,7.062138612428866
2024-05-07 16:00:00,7.158763434082457
2024-05-07 17:00:00,6.908714486062052
2024-05-07 18:00:00,7.147844471819842
2024-05-07 19:00:00,6.84255938878436
2024-05-07 20:00:00,7.171941495152793
2024-05-07 21:00:00,6.936524146345777
2024-05-07 22:00:00,6.8563615165006455
2024-05-07 23:00:00,6.853719126501335
2024-05-08 00:00:00,6.470465208325918
2024-05-08 01:00:00,6.465968038056197
2024-05-08 02:00:00,6.726329131245748
2024-05-08 03:00:00,6.467473590802584
2024-05-08 04:00:00,6.178156246454177
2024-05-08 05:00:00,6.085272515372713
2024-05-08 06:00:00,5.827693730409783
2024-05-08 07:00:00,6.335747969921627
2024-05-08 08:00:00,6.29407438369232
2024-05-08 09:00:00,6.019417066735247
2024-05-08 10:00:00,6.404287593932771
2024-05-08 11:00:00,6.193330794160505
2024-05-08 12:00:00,6.265222730376562
2024-05-08 13:00:00,6.458594525288468
2024-05-08 14:00:00,6.331337279415164
2024-05-08 15:00:00,6.020421807758519
2024-05-08 16:00:00,6.394535351066929
2024-05-08 17:00:00,6.689692774136242
2024-05-08 18:00:00,6.7754518994703625
2024-05-08 19:00:00,6.609381730570923
2024-05-08 20:00:00,6.281655723207084
2024-05-08 21:00:00,5.988514252902488
2024-05-08 22:00:00,6.523041930923288
2024-05-08 23:00:00,6.174047590285454
2024-05-09 00:00:00,6.401613520643323
2024-05-09 01:00:00,5.943167170719593
2024-05-09 02:00:00,6.834322379459345
2024-05-09 03:00:00,7.0800148478607525
2024-05-09 04:00:00,6.660663757045618
2024-05-09 05:00:00,6.522859347972874
2024-05-09 06:00:00,6.647799455194347
2024-05-09 07:00:00,6.805677243734068
2024-05-09 08:00:00,6.970289330610011
2024-05-09 09:00:00,7.334499504251255
2024-05-09 10:00:00,7.200910353900577
2024-05-09 11:00:00,7.236386445752704
2024-05-09 12:00:00,7.1492380839512775
2024-05-09 13:00:00,6.9727388681821445
2024-05-09 14:00:00,6.746378781970906
2024-05-09 15:00:00,7.118225890207851
2024-05-09 16:00:00,7.410090369679126
2024-05-09 17:00:00,7.554247903822153
2024-05-09 18:00:00,7.613232296941349
2024-05-09 19:00:00,7.3340383280361765
2024-05-09 20:00:00,7.243765363631771
2024-05-09 21:00:00,6.885696406849243
2024-05-09 22:00:00,6.859474843909121
2024-05-09 23:00:00,6.132287688619866
2024-05-10 00:00:00,6.093014497545853
2024-05-10 01:00:00,6.194781405251574
2024-05-10 02:00:00,6.206791259473994
2024-05-10 03:00:00,6.112493534346079
2024-05-10 04:00:00,6.409512080204558
2024-05-10 05:00:00,6.570667788657484
2024-05-10 06:00:00,6.393240695103897
2024-05-10 07:00:00,6.77761943506315
2024-05-10 08:00:00,6.356289464053
2024-05-10 09:00:00,6.784021472147438
2024-05-10 10:00:00,7.103526011569979
2024-05-10 11:00:00,6.950759733514253
2024-05-10 12:00:00,6.926238600350974
2024-05-10 13:00:00,6.835480116609276
2024-05-10 14:00:00,6.612009071996569
2024-05-10 15:00:00,6.444417333509889
2024-05-10 16:00:00,6.763348926366974
2024-05-10 17:00:00,6.822629732947393
2024-05-10 18:00:00,7.022855409075399
2024-05-10 19:00:00,7.381224980388161
2024-05-10 20:00:00,7.073388606497319
2024-05-10 21:00:00,8.046058125360704
2024-05-10 22:00:00,7.369798107319369
2024-05-10 23:00:00,7.210883607448246
2024-05-11 00:00:00,6.412836704675948
2024-05-11 01:00:00,6.291415425351785
2024-05-11 02:00:00,6.642872311344056
2024-05-11 03:00:00,6.3182024626489754
2024-05-11 04:00:00,6.729336432746735
2024-05-11 05:00:00,6.731053309432113
2024-05-11 06:00:00,6.695048849404042
2024-05-11 07:00:00,6.335071797552041
2024-05-11 08:00:00,6.656319512491
2024-05-11 09:00:00,6.844205553053901
2024-05-11 10:00:00,6.616196912780908
2024-05-11 11:00:00,6.6607953487307565
2024-05-11 12:00:00,7.246474163356451
2024-05-11 13:00:00,7.097774239996844
2024-05-11 14:00:00,6.877679267348689
2024-05-11 15:00:00,6.362996848887706
2024-05-11 16:00:00,6.325058074530769
2024-05-11 17:00:00,6.380057713171845
2024-05-11 18:00:00,6.649308337660483
2024-05-11 19:00:00,6.45902484863866
2024-05-11 20:00:00,6.051151257045011
2024-05-11 21:00:00,6.193287400369725
2024-05-11 22:00:00,5.636343481258476
2024-05-11 23:00:00,5.595171476289294
2024-05-12 00:00:00,5.294432850667076
2024-05-12 01:00:00,4.899012240517449
2024-05-12 02:00:00,5.323337782111173
2024-05-12 03:00:00,5.227233546851176
2024-05-12 04:00:00,5.765295629401256
2024-05-12 05:00:00,5.726106071776099
2024-05-12 06:00:00,6.484068694064621
2024-05-12 07:00:00,5.698780032969135
2024-05-12 08:00:00,5.917353573551524
2024-05-12 09:00:00,5.937193458051439
2024-05-12 10:00:00,6.578958319932984
2024-05-12 11:00:00,6.4801762806806655
2024-05-12 12:00:00,6.195798191339394
2024-05-12 13:00:00,6.023587024667462
2024-05-12 14:00:00,5.937538914010536
2024-05-12 15:00:00,6.108765571185004
2024-05-12 16:00:00,6.176467649385681
2024-05-12 17:00:00,5.799121095633862
2024-05-12 18:00:00,5.522690595848664
2024-05-12 19:00:00,5.322274667447032
2024-05-12 20:00:00,5.215865362924042
2024-05-12 21:00:00,4.947046912126598
2024-05-12 22:00:00,4.440715243493441
2024-05-12 23:00:00,4.148205686319546
2024-05-13 00:00:00,4.841721541878718
2024-05-13 01:00:00,4.7603461203285375
2024-05-13 02:00:00,4.473354323979856
2024-05-13 03:00:00,4.878355210177857
2024-05-13 04:00:00,5.0845408553410465
2024-05-13 05:00:00,5.297452909231821
2024-05-13 06:00:00,5.32345865744564
2024-05-13 07:00:00,5.588888971421677
2024-05-13 08:00:00,30.35126373930182
2024-05-13 09:00:00,29.64585301039682
2024-05-13 10:00:00,30.193084049843424
2024-05-13 11:00:00,32.15806489310136
2024-05-13 12:00:00,31.657292557061957
2024-05-13 13:00:00,36.66544551816593
2024-05-13 14:00:00,42.82805562432296
2024-05-13 15:00:00,43.26476658779491
2024-05-13 16:00:00,46.066789277333505
2024-05-13 17:00:00,43.40493629444893
2024-05-13 18:00:00,39.691321503065254
2024-05-13 19:00:00,38.28170108231859
2024-05-13 20:00:00,6.6822941657434205
2024-05-13 21:00:00,6.437266471722011
2024-05-13 22:00:00,6.327886192433796
2024-05-13 23:00:00,6.265241106801971
2024-05-14 00:00:00,5.999813063460696
2024-05-14 01:00:00,6.318153025384587
2024-05-14 02:00:00,6.63834901554877
2024-05-14 03:00:00,6.797941294063745
2024-05-14 04:00:00,7.330907890594509
2024-05-14 05:00:00,7.149809094110612
2024-05-14 06:00:00,6.5984340150285625
2024-05-14 07:00:00,6.53492315833586
2024-05-14 08:00:00,26.45828593430466
2024-05-14 09:00:00,26.666254278407667
2024-05-14 10:00:00,26.367355976892746
2024-05-14 11:00:00,26.498646693194445
2024-05-14 12:00:00,26.663512657834946
2024-05-14 13:00:00,25.979351319555363
2024-05-14 14:00:00,26.15489241442128
2024-05-14 15:00:00,26.7188509316093
2024-05-14 16:00:00,26.48950075509867
2024-05-14 17:00:00,26.35237500659953
2024-05-14 18:00:00,26.415962111168497
2024-05-14 19:00:00,26.314238575534205
2024-05-14 20:00:00,6.681670415081935
2024-05-14 21:00:00,6.700712357136911
2024-05-14 22:00:00,6.90525022464751
2024-05-14 23:00:00,6.523634829556285
2024-05-15 00:00:00,6.622661942315152
2024-05-15 01:00:00,6.379716686215295
2024-05-15 02:00:00,6.225659250551112
2024-05-15 03:00:00,6.75204838766947
2024-05-15 04:00:00,6.275503609574911
2024-05-15 05:00:00,6.486496061860657
2024-05-15 06:00:00,6.52790321970036
2024-05-15 07:00:00,6.245343213673705
2024-05-15 08:00:00,6.5485618952488025
2024-05-15 09:00:00,6.719692249259409
2024-05-15 10:00:00,6.6786907863160385
2024-05-15 11:00:00,7.262656206664578
2024-05-15 12:00:00,6.672312248522899
2024-05-15 13:00:00,7.176124035862485
2024-05-15 14:00:00,6.590460980945137
2024-05-15 15:00:00,6.997297441404358
2024-05-15 16:00:00,6.656217614352065
2024-05-15 17:00:00,7.175635678009253
2024-05-15 18:00:00,6.795696810342221
2024-05-15 19:00:00,6.608399967364047
2024-05-15 20:00:00,6.303989584167952
2024-05-15 21:00:00,6.071429185726869
2024-05-15 22:00:00,6.0607567796590995
2024-05-15 23:00:00,6.493435066312018
2024-05-16 00:00:00,6.351151992905287
2024-05-16 01:00:00,6.269237607137235
2024-05-16 02:00:00,5.330948204648484
2024-05-16 03:00:00,5.590170833914274
2024-05-16 04:00:00,5.971354609961461
2024-05-16 05:00:00,5.732926689463414
2024-05-16 06:00:00,5.4561844255943575
2024-05-16 07:00:00,5.9565228586144725
2024-05-16 08:00:00,6.185942660256033
2024-05-16 09:00:00,6.063892605779502
2024-05-16 10:00:00,5.681225029698471
2024-05-16 11:00:00,5.595516271140902
2024-05-16 12:00:00,6.127458327694954
2024-05-16 13:00:00,5.4555099416687645
2024-05-16 14:00:00,5.749493556915929
2024-05-16 15:00:00,5.573112600945548
2024-05-16 16:00:00,5.958689084486101
2024-05-16 17:00:00,6.461925485738668
2024-05-16 18:00:00,5.879324956618799
2024-05-16 19:00:00,6.307359660916649
2024-05-16 20:00:00,6.018521986765236
2024-05-16 21:00:00,6.6041845455301225
2024-05-16 22:00:00,5.74503635877547
2024-05-16 23:00:00,5.7452374890619025
2024-05-17 00:00:00,5.82097664597699
2024-05-17 01:00:00,5.694029328664145
2024-05-17 02:00:00,5.714187175080612
2024-05-17 03:00:00,6.0613637122146065
2024-05-17 04:00:00,5.876565146345116
2024-05-17 05:00:00,5.9345806581013925
2024-05-17 06:00:00,5.730850692287632
2024-05-17 07:00:00,6.393276306325398
2024-05-17 08:00:00,6.328150811658087
2024-05-17 09:00:00,6.375165078718154
2024-05-17 10:00:00,6.400918293083805
2024-05-17 11:00:00,6.410516102647637
2024-05-17 12:00:00,6.738685547003341
2024-05-17 13:00:00,7.323179428450456
2024-05-17 14:00:00,7.664551409009795
2024-05-17 15:00:00,7.652612194028614
2024-05-17 16:00:00,8.161428926353395
2024-05-17 17:00:00,8.016890394381933
2024-05-17 18:00:00,8.17074849463263
2024-05-17 19:00:00,8.076806993895552
2024-05-17 20:00:00,7.461758546971706
2024-05-17 21:00:00,7.145793412068805
2024-05-17 22:00:00,6.959226272512053
2024-05-17 23:00:00,7.1185006292166335
2024-05-18 00:00:00,6.106509773583392
2024-05-18 01:00:00,6.164468411732153
2024-05-18 02:00:00,6.489357200771833
2024-05-18 03:00:00,6.374055186784751
2024-05-18 04:00:00,6.389973165288387
2024-05-18 05:00:00,6.198814502430667
2024-05-18 06:00:00,6.3157452974883626
2024-05-18 07:00:00,6.746415620871702
2024-05-18 08:00:00,6.3353690749449
2024-05-18 09:00:00,6.396075406592158
2024-05-18 10:00:00,6.24170253030565
2024-05-18 11:00:00,6.666807650898343
2024-05-18 12:00:00,7.115418087368176
2024-05-18 13:00:00,7.264544840271765
2024-05-18 14:00:00,7.23822585465782
2024-05-18 15:00:00,6.7974296231435005
2024-05-18 16:00:00,6.764463158403048
2024-05-18 17:00:00,6.450410213594593
2024-05-18 18:00:00,6.453368424257243
2024-05-18 19:00:00,6.158730301428802
2024-05-18 20:00:00,5.415517427940187
2024-05-18 21:00:00,5.440708562217887
2024-05-18 22:00:00,5.548764207221274
2024-05-18 23:00:00,5.356351175326821
2024-05-19 00:00:00,5.278720600627813
2024-05-19 01:00:00,5.366299785471418
2024-05-19 02:00:00,5.129135635250822
2024-05-19 03:00:00,4.797656742481145
2024-05-19 04:00:00,4.709485454654254
2024-05-19 05:00:00,5.09800752057387
2024-05-19 06:00:00,5.904952000054105
2024-05-19 07:00:00,5.962426015524135
2024-05-19 08:00:00,5.66950266579435
2024-05-19 09:00:00,5.747674811474412
2024-05-19 10:00:00,5.887315383137448
2024-05-19 11:00:00,5.999938591943789
2024-05-19 12:00:00,6.3066974250288705
2024-05-19 13:00:00,6.007337749980817
2024-05-19 14:00:00,6.1115507622492595
2024-05-19 15:00:00,6.122914033484474
2024-05-19 16:00:00,6.428638488572849
2024-05-19 17:00:00,6.218466313188858
2024-05-19 18:00:00,5.93511847738169
2024-05-19 19:00:00,4.906531568220771
2024-05-19 20:00:00,5.117024883855721
2024-05-19 21:00:00,4.899018472152855
2024-05-19 22:00:00,4.47218581785803
2024-05-19 23:00:00,4.803604343256079
2024-05-20 00:00:00,4.993250567811516
2024-05-20 01:00:00,4.8401194008780415
2024-05-20 02:00:00,4.8479827295638565
2024-05-20 03:00:00,4.412147825740361
2024-05-20 04:00:00,5.066724642179668
2024-05-20 05:00:00,4.823512449423137
2024-05-20 06:00:00,5.01452985625952
2024-05-20 07:00:00,5.123274210548624
2024-05-20 08:00:00,5.505407726135861
2024-05-20 09:00:00,5.674464720567131
2024-05-20 10:00:00,5.577549283997453
2024-05-20 11:00:00,5.8205323553932775
2024-05-20 12:00:00,5.393146036179617
2024-05-20 13:00:00,5.346158914114934
2024-05-20 14:00:00,5.436787429018745
2024-05-20 15:00:00,5.6763640370942765
2024-05-20 16:00:00,5.605893855608803
2024-05-20 17:00:00,5.782959218463949
2024-05-20 18:00:00,5.444216038163656
2024-05-20 19:00:00,5.394777645309906
2024-05-20 20:00:00,5.354987708150676
2024-05-20 21:00:00,5.4931151208042435
2024-05-20 22:00:00,6.031638230075462
2024-05-20 23:00:00,5.832511520691365
2024-05-21 00:00:00,5.629432960188448
2024-05-21 01:00:00,5.830834290328822
2024-05-21 02:00:00,5.975172727934414
2024-05-21 03:00:00,5.496794956404814
2024-05-21 04:00:00,5.424638811777908
2024-05-21 05:00:00,5.281621443349216
2024-05-21 06:00:00,5.150045343873815
2024-05-21 07:00:00,5.101125611349928
2024-05-21 08:00:00,5.013243921479319
2024-05-21 09:00:00,4.885262696515636
2024-05-21 10:00:00,5.6529191078026395
2024-05-21 11:00:00,5.940478065070893
2024-05-21 12:00:00,5.4387541785665325
2024-05-21 13:00:00,5.584619873130505
2024-05-21 14:00:00,5.547430280803337
2024-05-21 15:00:00,5.413624816109315
2024-05-21 16:00:00,5.875228837836984
2024-05-21 17:00:00,5.995886876362263
2024-05-21 18:00:00,5.766192391851114
2024-05-21 19:00:00,5.823357236344787
2024-05-21 20:00:00,5.611591183721138
2024-05-21 21:00:00,5.017288464502793
2024-05-21 22:00:00,5.594164754601714
2024-05-21 23:00:00,5.8767986501501115
2024-05-22 00:00:00,5.779911765863305
2024-05-22 01:00:00,5.989287549572364
2024-05-22 02:00:00,5.656893436021227
2024-05-22 03:00:00,4.863973572887786
2024-05-22 04:00:00,5.163192022701233
2024-05-22 05:00:00,5.08720340736412
2024-05-22 06:00:00,5.067682503117872
2024-05-22 07:00:00,5.056162046589396
2024-05-22 08:00:00,5.520900778622682
2024-05-22 09:00:00,5.9555503697343735
2024-05-22 10:00:00,6.405437774276783
2024-05-22 11:00:00,6.303220134627777
2024-05-22 12:00:00,6.607441250187606
2024-05-22 13:00:00,6.864101411274445
2024-05-22 14:00:00,6.93137447046773
2024-05-22 15:00:00,6.6679350559113075
2024-05-22 16:00:00,7.242572530907077
2024-05-22 17:00:00,7.196802375789954
2024-05-22 18:00:00,7.010794671653718
2024-05-22 19:00:00,7.157624787263357
2024-05-22 20:00:00,7.385512371298167
2024-05-22 21:00:00,7.532829126534192
2024-05-22 22:00:00,6.777371602459435
2024-05-22 23:00:00,7.022055885500676
2024-05-23 00:00:00,6.779688405825635
2024-05-23 01:00:00,6.747730099018901
2024-05-23 02:00:00,6.268100854685732
2024-05-23 03:00:00,6.29855353435659
2024-05-23 04:00:00,6.303383833088021
2024-05-23 05:00:00,6.5155583046721
2024-05-23 06:00:00,6.362695859264745
2024-05-23 07:00:00,6.815335853563678
2024-05-23 08:00:00,7.431395997878785
2024-05-23 09:00:00,7.1529421578197585
2024-05-23 10:00:00,7.456892525210392
2024-05-23 11:00:00,7.319951459400769
2024-05-23 12:00:00,7.510838392749244
2024-05-23 13:00:00,7.405828166525288
2024-05-23 14:00:00,7.2976758360811385
2024-05-23 15:00:00,7.684177198013719
2024-05-23 16:00:00,7.450688763689034
2024-05-23 17:00:00,7.021607765321234
2024-05-23 18:00:00,6.558146143008001
2024-05-23 19:00:00,6.638958684823573
2024-05-23 20:00:00,7.186036166466252
2024-05-23 21:00:00,7.096748613274042
2024-05-23 22:00:00,7.2799734948612596
2024-05-23 23:00:00,6.94552065941282
2024-05-24 00:00:00,6.696340479618469
2024-05-24 01:00:00,6.6414140616996304
2024-05-24 02:00:00,6.323678180447567
2024-05-24 03:00:00,6.36984156304825
2024-05-24 04:00:00,6.480737839635771
2024-05-24 05:00:00,6.364220914453557
2024-05-24 06:00:00,5.863518343685291
2024-05-24 07:00:00,5.848175766617595
2024-05-24 08:00:00,5.90240402189086
2024-05-24 09:00:00,6.541736999164509
2024-05-24 10:00:00,7.177807214665283
2024-05-24 11:00:00,6.509231371359768
2024-05-24 12:00:00,7.187296272239284
2024-05-24 13:00:00,7.359468900503921
2024-05-24 14:00:00,6.756455126568984
2024-05-24 15:00:00,6.779598309804063
2024-05-24 16:00:00,6.942524572602625
2024-05-24 17:00:00,7.124385072914175
2024-05-24 18:00:00,6.907172262891594
2024-05-24 19:00:00,6.623209740090397
2024-05-24 20:00:00,6.0944503232928815
2024-05-24 21:00:00,5.8973784282625115
2024-05-24 22:00:00,6.125613802857542
2024-05-24 23:00:00,6.0267797059667405
2024-05-25 00:00:00,5.241205701938984
2024-05-25 01:00:00,5.620842857684773
2024-05-25 02:00:00,5.751624667510965
2024-05-25 03:00:00,5.970861917139288
2024-05-25 04:00:00,6.457958469129218
2024-05-25 05:00:00,6.579370806590193
2024-05-25 06:00:00,6.7016381638514115
2024-05-25 07:00:00,6.9961307431576625
2024-05-25 08:00:00,6.5457499016990575
2024-05-25 09:00:00,6.964181727652127
2024-05-25 10:00:00,6.357637624511216
2024-05-25 11:00:00,6.326443951375479
2024-05-25 12:00:00,6.188381200101545
2024-05-25 13:00:00,6.23544575588366
2024-05-25 14:00:00,6.936059151688637
2024-05-25 15:00:00,6.949432064170076
2024-05-25 16:00:00,6.810261710326171
2024-05-25 17:00:00,7.040324688680844
2024-05-25 18:00:00,6.777131682116551
2024-05-25 19:00:00,7.013500891416941
2024-05-25 20:00:00,6.197502945446458
2024-05-25 21:00:00,6.7366028329771845
2024-05-25 22:00:00,6.545097628789787
2024-05-25 23:00:00,5.824891663952854
2024-05-26 00:00:00,6.044907568593634
2024-05-26 01:00:00,6.693722548826542
2024-05-26 02:00:00,6.168881867438293
2024-05-26 03:00:00,6.434733574391348
2024-05-26 04:00:00,6.592100548510572
2024-05-26 05:00:00,6.128935934759661
2024-05-26 06:00:00,6.3080601809295604
2024-05-26 07:00:00,5.7215615623202485
2024-05-26 08:00:00,5.800449873631935
2024-05-26 09:00:00,6.415596511361104
2024-05-26 10:00:00,6.446706911836186
2024-05-26 11:00:00,6.465669019307104
2024-05-26 12:00:00,6.5829516353318684
2024-05-26 13:00:00,6.88505891340038
2024-05-26 14:00:00,6.481465843025928
2024-05-26 15:00:00,6.912825904577405
2024-05-26 16:00:00,6.431673370532451
2024-05-26 17:00:00,6.595770613169309
2024-05-26 18:00:00,5.981104487016428
2024-05-26 19:00:00,5.69319068590021
2024-05-26 20:00:00,5.306601756392269
2024-05-26 21:00:00,5.728534140685166
2024-05-26 22:00:00,5.899564085560029
2024-05-26 23:00:00,5.3576685345228245
2024-05-27 00:00:00,5.566879473602539
2024-05-27 01:00:00,5.282264538916682
2024-05-27 02:00:00,5.699122694746624
2024-05-27 03:00:00,5.809648973791537
2024-05-27 04:00:00,6.188785089081484
2024-05-27 05:00:00,6.304154844524946
2024-05-27 06:00:00,6.367406671701746
2024-05-27 07:00:00,6.422421280607746
2024-05-27 08:00:00,26.53649119449629
2024-05-27 09:00:00,26.806031424186692
2024-05-27 10:00:00,26.897917497215737
2024-05-27 11:00:00,27.701243302506317
2024-05-27 12:00:00,32.960742229118644
2024-05-27 13:00:00,37.38228324644879
2024-05-27 14:00:00,41.00389348810467
2024-05-27 15:00:00,44.45379964770613
2024-05-27 16:00:00,45.64496983483122
2024-05-27 17:00:00,46.11453317005648
2024-05-27 18:00:00,46.36222459091597
2024-05-27 19:00:00,44.48724067446331
2024-05-27 20:00:00,6.759903496354328
2024-05-27 21:00:00,6.819419312051894
2024-05-27 22:00:00,6.52558730489829
2024-05-27 23:00:00,5.808146948686392
2024-05-28 00:00:00,6.253570474947241
2024-05-28 01:00:00,5.706589763747318
2024-05-28 02:00:00,5.921499550583917
2024-05-28 03:00:00,6.1270494676139
2024-05-28 04:00:00,5.817853877654232
2024-05-28 05:00:00,5.89719211212453
2024-05-28 06:00:00,6.454982302087526
2024-05-28 07:00:00,5.998889890720364
2024-05-28 08:00:00,28.219168869013743
2024-05-28 09:00:00,29.16613470368258
2024-05-28 10:00:00,30.824024878296136
2024-05-28 11:00:00,30.9865453654912
2024-05-28 12:00:00,36.02855363994046
2024-05-28 13:00:00,43.10610127488184
2024-05-28 14:00:00,51.11616486573976
2024-05-28 15:00:00,55.06835735440473
2024-05-28 16:00:00,57.21712107028433
2024-05-28 17:00:00,58.33672297266912
2024-05-28 18:00:00,57.94944484407862
2024-05-28 19:00:00,56.34512700223829
2024-05-28 20:00:00,7.254054944996088
2024-05-28 21:00:00,7.084093683600945
2024-05-28 22:00:00,6.779471736747792
2024-05-28 23:00:00,6.045182741172119
2024-05-29 00:00:00,6.147745158196898
2024-05-29 01:00:00,6.155448036404485
2024-05-29 02:00:00,5.870835847233577
2024-05-29 03:00:00,5.9878750622778965
2024-05-29 04:00:00,6.126875218071168
2024-05-29 05:00:00,6.761115536103826
2024-05-29 06:00:00,6.5300018202901065
2024-05-29 07:00:00,6.704415599529474
2024-05-29 08:00:00,28.328299444996947
2024-05-29 09:00:00,29.56662805778413
2024-05-29 10:00:00,32.47184276854482
2024-05-29 11:00:00,40.50149426128433
2024-05-29 12:00:00,44.76794711860841
2024-05-29 13:00:00,51.50978852650124
2024-05-29 14:00:00,59.52829811374064
2024-05-29 15:00:00,63.47521627187565
2024-05-29 16:00:00,65.70197188715709
2024-05-29 17:00:00,66.70855493732465
2024-05-29 18:00:00,66.00096993364373
2024-05-29 19:00:00,64.13984796312562
2024-05-29 20:00:00,7.392396255919237
2024-05-29 21:00:00,6.977252893492273
2024-05-29 22:00:00,6.481617046994704
2024-05-29 23:00:00,6.617807335391267
2024-05-30 00:00:00,6.752542622958288
2024-05-30 01:00:00,7.395587562435919
2024-05-30 02:00:00,6.993075593841325
2024-05-30 03:00:00,7.171766645807415
2024-05-30 04:00:00,7.328829242228418
2024-05-30 05:00:00,7.11833782748073
2024-05-30 06:00:00,6.508666607026729
2024-05-30 07:00:00,7.296613543681055
2024-05-30 08:00:00,30.689506435391213
2024-05-30 09:00:00,33.129612480936935
2024-05-30 10:00:00,40.93808837008336
2024-05-30 11:00:00,51.170966834773694
2024-05-30 12:00:00,54.560259832452374
2024-05-30 13:00:00,61.08754844835921
2024-05-30 14:00:00,64.61353623495596
2024-05-30 15:00:00,67.90460591785326
2024-05-30 16:00:00,69.12946180221756
2024-05-30 17:00:00,68.82189020094378
2024-05-30 18:00:00,67.0932175572807
2024-05-30 19:00:00,60.73209944459916
2024-05-30 20:00:00,6.602063423592644
2024-05-30 21:00:00,6.291674303929602
2024-05-30 22:00:00,5.9846270795859295
2024-05-30 23:00:00,6.2200876814131165
2024-05-31 00:00:00,5.998861950260384
2024-05-31 01:00:00,6.535953895952621
2024-05-31 02:00:00,6.68387752936956
2024-05-31 03:00:00,6.132182286440126
2024-05-31 04:00:00,6.40756649732657
2024-05-31 05:00:00,6.723215096120757
2024-05-31 06:00:00,6.765915767109462
2024-05-31 07:00:00,6.997655745518443
2024-05-31 08:00:00,33.45377159857717
2024-05-31 09:00:00,31.32440508110383
2024-05-31 10:00:00,30.695072690086928
2024-05-31 11:00:00,33.03821961643456
2024-05-31 12:00:00,35.747994706670994
2024-05-31 13:00:00,41.46737092560048
2024-05-31 14:00:00,48.11343839312056
2024-05-31 15:00:00,50.96353063381955
2024-05-31 16:00:00,52.13612700253645
2024-05-31 17:00:00,51.18772398725132
2024-05-31 18:00:00,49.57128912428264
2024-05-31 19:00:00,45.307326876374006
2024-05-31 20:00:00,6.40745945366779
2024-05-31 21:00:00,5.738054448318477
2024-05-31 22:00:00,5.9538306159248
2024-05-31 23:00:00,5.887829814319944
2024-06-01 00:00:00,5.841210783218834
2024-06-01 01:00:00,5.4860808411272615
2024-06-01 02:00:00,6.084925830243469
2024-06-01 03:00:00,5.924429007750329
2024-06-01 04:00:00,6.264458822750081
2024-06-01 05:00:00,6.319384427641836
2024-06-01 06:00:00,6.478959371536719
2024-06-01 07:00:00,6.889530962008984
2024-06-01 08:00:00,6.408559240744343
2024-06-01 09:00:00,7.203121223957984
2024-06-01 10:00:00,7.147074226720847
2024-06-01 11:00:00,6.995385920605721
2024-06-01 12:00:00,6.689210504703959
2024-06-01 13:00:00,6.77296184895565
2024-06-01 14:00:00,6.690833767329016
2024-06-01 15:00:00,6.8419629100843835
2024-06-01 16:00:00,6.716806672883089
2024-06-01 17:00:00,5.98945469650055
2024-06-01 18:00:00,5.969104273250963
2024-06-01 19:00:00,5.606680014552675
2024-06-01 20:00:00,5.191678830773344
2024-06-01 21:00:00,5.515306797516519
2024-06-01 22:00:00,5.1610098629288546
2024-06-01 23:00:00,5.243177253576291
2024-06-02 00:00:00,5.320718747888721
2024-06-02 01:00:00,5.069204058242222
2024-06-02 02:00:00,4.66776296133423
2024-06-02 03:00:00,5.129143827171043
2024-06-02 04:00:00,5.012321636821163
2024-06-02 05:00:00,5.212977022477417
2024-06-02 06:00:00,5.315740938848047
2024-06-02 07:00:00,5.833268579798028
2024-06-02 08:00:00,5.495041846423065
2024-06-02 09:00:00,5.6911355964421215
2024-06-02 10:00:00,5.7658478363064765
2024-06-02 11:00:00,5.658295000267536
2024-06-02 12:00:00,5.803186661372133
2024-06-02 13:00:00,5.957267742776815
2024-06-02 14:00:00,5.539000007691348
2024-06-02 15:00:00,5.9532643299627015
2024-06-02 16:00:00,6.442601941410876
2024-06-02 17:00:00,6.810322500757296
2024-06-02 18:00:00,6.784155632204559
2024-06-02 19:00:00,6.531308885333722
2024-06-02 20:00:00,5.7709956358999195
2024-06-02 21:00:00,5.456875788965983
2024-06-02 22:00:00,5.861016320635159
2024-06-02 23:00:00,5.37473584898011
2024-06-03 00:00:00,5.795156968701368
2024-06-03 01:00:00,5.517851997046967
2024-06-03 02:00:00,5.551466624587491
2024-06-03 03:00:00,5.244890773071101
2024-06-03 04:00:00,5.126542619267305
2024-06-03 05:00:00,5.18861520047503
2024-06-03 06:00:00,5.3490155737831335
2024-06-03 07:00:00,5.020689237971097
2024-06-03 08:00:00,29.196712081063957
2024-06-03 09:00:00,28.477190807371123
2024-06-03 10:00:00,30.941535576884647
2024-06-03 11:00:00,29.23107484478375
2024-06-03 12:00:00,33.800781889946514
2024-06-03 13:00:00,36.10904633713512
2024-06-03 14:00:00,45.53279801575815
2024-06-03 15:00:00,48.74160483787799
2024-06-03 16:00:00,48.54338046295106
2024-06-03 17:00:00,46.20903279928541
2024-06-03 18:00:00,44.23872533731953
2024-06-03 19:00:00,43.42506041016858
2024-06-03 20:00:00,6.262979343504366
2024-06-03 21:00:00,6.171625549571984
2024-06-03 22:00:00,6.357286144983944
2024-06-03 23:00:00,6.268758974373036
2024-06-04 00:00:00,6.114306774450742
2024-06-04 01:00:00,6.156227127961688
2024-06-04 02:00:00,6.3739452952369895
2024-06-04 03:00:00,6.423056466978546
2024-06-04 04:00:00,6.555336557711247
2024-06-04 05:00:00,6.973432981253008
2024-06-04 06:00:00,7.265366627051668
2024-06-04 07:00:00,7.261062594735878
2024-06-04 08:00:00,29.742601823544575
2024-06-04 09:00:00,29.534970982092972
2024-06-04 10:00:00,31.94819293419854
2024-06-04 11:00:00,36.45382012785338
2024-06-04 12:00:00,43.628586036768844
2024-06-04 13:00:00,47.89278730800883
2024-06-04 14:00:00,54.27847559096482
2024-06-04 15:00:00,57.195843203842685
2024-06-04 16:00:00,58.28624408836976
2024-06-04 17:00:00,59.693911306434146
2024-06-04 18:00:00,58.400206146264566
2024-06-04 19:00:00,56.20840028110026
2024-06-04 20:00:00,6.393863128748847
2024-06-04 21:00:00,6.1209169209226655
2024-06-04 22:00:00,5.59437159248298
2024-06-04 23:00:00,5.800932340626739
2024-06-05 00:00:00,6.503033754246956
2024-06-05 01:00:00,6.42344790868694
2024-06-05 02:00:00,6.020460460328244
2024-06-05 03:00:00,6.116744132753085
2024-06-05 04:00:00,6.176916842755918
2024-06-05 05:00:00,6.335588183142139
2024-06-05 06:00:00,6.475145305164501
2024-06-05 07:00:00,6.305002736368126
2024-06-05 08:00:00,29.027930079475663
2024-06-05 09:00:00,30.189838745959612
2024-06-05 10:00:00,36.867373181120094
2024-06-05 11:00:00,44.717059053058755
2024-06-05 12:00:00,50.044281980958054
2024-06-05 13:00:00,57.791064879971756
2024-06-05 14:00:00,62.291155471331585
2024-06-05 15:00:00,63.458052053647926
2024-06-05 16:00:00,63.91443431850163
2024-06-05 17:00:00,63.89089337686872
2024-06-05 18:00:00,63.58928438158376
2024-06-05 19:00:00,61.97428694164793
2024-06-05 20:00:00,6.173294048033942
2024-06-05 21:00:00,6.345881592553413
2024-06-05 22:00:00,6.441062626372516
2024-06-05 23:00:00,6.442826239470311
2024-06-06 00:00:00,6.750126809603038
2024-06-06 01:00:00,7.061158066992789
2024-06-06 02:00:00,6.681896354587669
2024-06-06 03:00:00,6.348974222671615
2024-06-06 04:00:00,6.252328208156521
2024-06-06 05:00:00,6.499194287014401
2024-06-06 06:00:00,6.866293833609975
2024-06-06 07:00:00,6.505547704829142
2024-06-06 08:00:00,33.19174083082325
2024-06-06 09:00:00,36.34819667972542
2024-06-06 10:00:00,42.045701449555764
2024-06-06 11:00:00,50.215761454102314
2024-06-06 12:00:00,55.23184301700664
2024-06-06 13:00:00,59.54761304892982
2024-06-06 14:00:00,65.71548528381062
2024-06-06 15:00:00,69.79632535761755
2024-06-06 16:00:00,72.35386651363223
2024-06-06 17:00:00,72.2356128200419
2024-06-06 18:00:00,69.71347753563293
2024-06-06 19:00:00,66.70448206821017
2024-06-06 20:00:00,6.658836351007497
2024-06-06 21:00:00,6.191301941272636
2024-06-06 22:00:00,6.110342538257142
2024-06-06 23:00:00,6.519314092256678
2024-06-07 00:00:00,6.503311638194781
2024-06-07 01:00:00,6.345014764801573
2024-06-07 02:00:00,6.048296850856815
2024-06-07 03:00:00,6.071648008960503
2024-06-07 04:00:00,5.542862471567541
2024-06-07 05:00:00,5.592450113463036
2024-06-07 06:00:00,5.962854910935799
2024-06-07 07:00:00,6.11532969689554
2024-06-07 08:00:00,30.24460803455422
2024-06-07 09:00:00,33.53598116354412
2024-06-07 10:00:00,40.114888586718486
2024-06-07 11:00:00,45.429323295293656
2024-06-07 12:00:00,51.223280039254576
2024-06-07 13:00:00,57.15476114465507
2024-06-07 14:00:00,63.74398194912581
2024-06-07 15:00:00,66.93601867913677
2024-06-07 16:00:00,67.08712705170824
2024-06-07 17:00:00,66.4954402235163
2024-06-07 18:00:00,64.76144408504369
2024-06-07 19:00:00,60.40443486311444
2024-06-07 20:00:00,5.8192562011091855
2024-06-07 21:00:00,5.614101313379007
2024-06-07 22:00:00,5.950547578655801
2024-06-07 23:00:00,6.17759326660538
2024-06-08 00:00:00,5.455259211615186
2024-06-08 01:00:00,5.0231470548773265
2024-06-08 02:00:00,5.726339542016769
2024-06-08 03:00:00,5.687073185083353
2024-06-08 04:00:00,5.790850406769361
2024-06-08 05:00:00,6.2110488969753614
2024-06-08 06:00:00,6.235889686943166
2024-06-08 07:00:00,5.986844051508347
2024-06-08 08:00:00,6.0161642168057945
2024-06-08 09:00:00,6.209193600173356
2024-06-08 10:00:00,6.490309671271052
2024-06-08 11:00:00,6.472170162342316
2024-06-08 12:00:00,6.542126839290425
2024-06-08 13:00:00,6.36498335434924
2024-06-08 14:00:00,6.273922043759547
2024-06-08 15:00:00,6.667658631798693
2024-06-08 16:00:00,6.7988484050195375
2024-06-08 17:00:00,6.162902388450017
2024-06-08 18:00:00,6.562730743927852
2024-06-08 19:00:00,6.411223287184962
2024-06-08 20:00:00,6.547488856336695
2024-06-08 21:00:00,6.148087673742085
2024-06-08 22:00:00,6.331409517160048
2024-06-08 23:00:00,5.629238702594543
2024-06-09 00:00:00,5.704333279841111
2024-06-09 01:00:00,5.4092253523582885
2024-06-09 02:00:00,5.550759627779523
2024-06-09 03:00:00,6.147530559874843
2024-06-09 04:00:00,6.094088768446447
2024-06-09 05:00:00,5.294773728920626
2024-06-09 06:00:00,5.574925502201019
2024-06-09 07:00:00,6.5678903731517275
2024-06-09 08:00:00,6.4256650076899255
2024-06-09 09:00:00,6.711452546830602
2024-06-09 10:00:00,6.65677658840237
2024-06-09 11:00:00,6.381384284420522
2024-06-09 12:00:00,6.011138037896371
2024-06-09 13:00:00,6.074634084212318
2024-06-09 14:00:00,5.86917099352128
2024-06-09 15:00:00,5.632261253412128
2024-06-09 16:00:00,5.387041086230563
2024-06-09 17:00:00,5.28632756606896
2024-06-09 18:00:00,5.448315696103499
2024-06-09 19:00:00,5.381940517840184
2024-06-09 20:00:00,4.971068795151521
2024-06-09 21:00:00,5.175994907996352
2024-06-09 22:00:00,4.942816701400206
2024-06-09 23:00:00,5.309419566942384
2024-06-10 00:00:00,5.232655192240766
2024-06-10 01:00:00,5.115129578265497
2024-06-10 02:00:00,5.271128006030572
2024-06-10 03:00:00,5.609624808585418
2024-06-10 04:00:00,5.879298188805209
2024-06-10 05:00:00,6.226858157044679
2024-06-10 06:00:00,6.310725080463289
2024-06-10 07:00:00,6.027792025900616
2024-06-10 08:00:00,6.173214196579972
2024-06-10 09:00:00,5.758585313123864
2024-06-10 10:00:00,5.600320249994277
2024-06-10 11:00:00,5.974493280961451
2024-06-10 12:00:00,6.087155518087651
2024-06-10 13:00:00,6.095745968721923
2024-06-10 14:00:00,5.795138545297869
2024-06-10 15:00:00,6.2258858607987735
2024-06-10 16:00:00,5.869304101084439
2024-06-10 17:00:00,6.620047815846253
2024-06-10 18:00:00,6.2470328613525155
2024-06-10 19:00:00,6.4130668288079145
2024-06-10 20:00:00,6.232302692805062
2024-06-10 21:00:00,6.14467686802404
2024-06-10 22:00:00,5.730580626690078
2024-06-10 23:00:00,6.090616849391266
2024-06-11 00:00:00,5.660704873098761
2024-06-11 01:00:00,5.505191494860901
2024-06-11 02:00:00,5.106574345611249
2024-06-11 03:00:00,4.831870542973048
2024-06-11 04:00:00,4.636888715997432
2024-06-11 05:00:00,4.188213017499249
2024-06-11 06:00:00,4.675632599525504
2024-06-11 07:00:00,4.6421075165141925
2024-06-11 08:00:00,4.81008465363852
2024-06-11 09:00:00,5.2822595169178514
2024-06-11 10:00:00,5.455217221469105
2024-06-11 11:00:00,5.6812785557642185
2024-06-11 12:00:00,6.196777097322668
2024-06-11 13:00:00,6.045128766710542
2024-06-11 14:00:00,6.08213612294057
2024-06-11 15:00:00,5.954338049223304
2024-06-11 16:00:00,5.759608275574248
2024-06-11 17:00:00,6.159548797762457
2024-06-11 18:00:00,5.845578705558122
2024-06-11 19:00:00,5.544919327257478
2024-06-11 20:00:00,5.131575409859598
2024-06-11 21:00:00,4.723991968338121
2024-06-11 22:00:00,5.208710157648721
2024-06-11 23:00:00,5.928453607880877
2024-06-12 00:00:00,5.6337417109180175
2024-06-12 01:00:00,5.358332683788818
2024-06-12 02:00:00,4.612691666028716
2024-06-12 03:00:00,4.903010144062414
2024-06-12 04:00:00,5.178516646075155
2024-06-12 05:00:00,5.134360234366519
2024-06-12 06:00:00,5.262588831091049
2024-06-12 07:00:00,5.5998779858955965
2024-06-12 08:00:00,5.701703680811384
2024-06-12 09:00:00,6.152010668678053
2024-06-12 10:00:00,6.099594441912521
2024-06-12 11:00:00,6.145011590874086
2024-06-12 12:00:00,6.6323422771925955
2024-06-12 13:00:00,6.454528672236624
2024-06-12 14:00:00,6.608524129063884
2024-06-12 15:00:00,6.3220536637065345
2024-06-12 16:00:00,6.03384527656265
2024-06-12 17:00:00,6.230090304799042
2024-06-12 18:00:00,5.575153627496019
2024-06-12 19:00:00,5.679986937060653
2024-06-12 20:00:00,5.718925511906586
2024-06-12 21:00:00,6.250596603970693
2024-06-12 22:00:00,6.253525781283773
2024-06-12 23:00:00,6.010035422174358
2024-06-13 00:00:00,6.041284542502511
2024-06-13 01:00:00,6.203928561996815
2024-06-13 02:00:00,6.598840948281312
2024-06-13 03:00:00,6.793653046040208
2024-06-13 04:00:00,6.701236240094242
2024-06-13 05:00:00,6.8954415880154025
2024-06-13 06:00:00,6.732456518292942
2024-06-13 07:00:00,6.681674626060243
2024-06-13 08:00:00,7.063160737336768
2024-06-13 09:00:00,7.003290616640706
2024-06-13 10:00:00,7.413151413647047
2024-06-13 11:00:00,6.738147924204543
2024-06-13 12:00:00,6.759917423674136
2024-06-13 13:00:00,6.731806468882805
2024-06-13 14:00:00,6.969853429768836
2024-06-13 15:00:00,7.155607847432039
2024-06-13 16:00:00,7.566459413465475
2024-06-13 17:00:00,6.947152752324799
2024-06-13 18:00:00,7.204573065552838
2024-06-13 19:00:00,6.2586395535616415
2024-06-13 20:00:00,5.79498808128111
2024-06-13 21:00:00,6.401773696257426
2024-06-13 22:00:00,6.174504537041543
2024-06-13 23:00:00,5.561833070392164
2024-06-14 00:00:00,5.953748497241358
2024-06-14 01:00:00,6.167739728108459
2024-06-14 02:00:00,6.372150118069038
2024-06-14 03:00:00,6.267230918104761
2024-06-14 04:00:00,6.154698802193662
2024-06-14 05:00:00,5.78172086814029
2024-06-14 06:00:00,5.80783238391052
2024-06-14 07:00:00,5.86636392747161
2024-06-14 08:00:00,5.737078824795872
2024-06-14 09:00:00,5.6278036568023
2024-06-14 10:00:00,5.32601015821559
2024-06-14 11:00:00,5.625749650506637
2024-06-14 12:00:00,6.147874451794923
2024-06-14 13:00:00,6.312211798466858
2024-06-14 14:00:00,6.473666123238502
2024-06-14 15:00:00,6.477442153919119
2024-06-14 16:00:00,6.577922092041853
2024-06-14 17:00:00,6.325841177994923
2024-06-14 18:00:00,6.511883509185479
2024-06-14 19:00:00,6.6656619904112935
2024-06-14 20:00:00,6.541445888564477
2024-06-14 21:00:00,6.479868611232796
2024-06-14 22:00:00,6.299546597581316
2024-06-14 23:00:00,6.128962477015674
2024-06-15 00:00:00,5.111148174588731
2024-06-15 01:00:00,4.6355382387094615
2024-06-15 02:00:00,4.8613303923160665
2024-06-15 03:00:00,4.8612198420820985
2024-06-15 04:00:00,5.594889302132344
2024-06-15 05:00:00,5.376339940603922
2024-06-15 06:00:00,5.279759838061895
2024-06-15 07:00:00,5.336224965714007
2024-06-15 08:00:00,5.222996634659931
2024-06-15 09:00:00,5.302229763348672
2024-06-15 10:00:00,5.720340303515616
2024-06-15 11:00:00,5.747144023147322
2024-06-15 12:00:00,6.091222291062527
2024-06-15 13:00:00,5.975666711581235
2024-06-15 14:00:00,6.22035580026429
2024-06-15 15:00:00,5.51134894767717
2024-06-15 16:00:00,5.420389704659264
2024-06-15 17:00:00,5.667996092860109
2024-06-15 18:00:00,6.11705392085277
2024-06-15 19:00:00,6.368095081868571
2024-06-15 20:00:00,6.619764349449843
2024-06-15 21:00:00,6.264527011058645
2024-06-15 22:00:00,6.047077659632827
2024-06-15 23:00:00,5.99000181662926
2024-06-16 00:00:00,5.856575682800962
2024-06-16 01:00:00,5.999676658570631
2024-06-16 02:00:00,6.106239516176547
2024-06-16 03:00:00,6.1155499935520625
2024-06-16 04:00:00,6.157350555027055
2024-06-16 05:00:00,6.429933438499415
2024-06-16 06:00:00,6.4392960689394805
2024-06-16 07:00:00,7.096259435500851
2024-06-16 08:00:00,7.26011630580298
2024-06-16 09:00:00,7.47099386729801
2024-06-16 10:00:00,7.058358996657022
2024-06-16 11:00:00,7.139160800638392
2024-06-16 12:00:00,7.032353436930375
2024-06-16 13:00:00,6.997434177238657
2024-06-16 14:00:00,6.689622554106988
2024-06-16 15:00:00,6.529821647026683
2024-06-16 16:00:00,6.190745675848715
2024-06-16 17:00:00,5.6325522398451895
2024-06-16 18:00:00,5.527516643835739
2024-06-16 19:00:00,5.801838900577422
2024-06-16 20:00:00,5.489470527712048
2024-06-16 21:00:00,5.565113583227583
2024-06-16 22:00:00,5.23523420263847
2024-06-16 23:00:00,5.087847696592637
2024-06-17 00:00:00,5.70937181173755
2024-06-17 01:00:00,5.7202073511492015
2024-06-17 02:00:00,5.560379386784185
2024-06-17 03:00:00,5.562720805771974
2024-06-17 04:00:00,6.116326065445593
2024-06-17 05:00:00,6.362788538344175
2024-06-17 06:00:00,6.385701411517563
2024-06-17 07:00:00,6.102925647891896
2024-06-17 08:00:00,33.28113632605074
2024-06-17 09:00:00,33.020101510364775
2024-06-17 10:00:00,31.916142548792305
2024-06-17 11:00:00,35.90731739008132
2024-06-17 12:00:00,39.338565255512506
2024-06-17 13:00:00,45.20144164361687
2024-06-17 14:00:00,50.70437296061317
2024-06-17 15:00:00,53.299374501379766
2024-06-17 16:00:00,54.40050076748363
2024-06-17 17:00:00,54.770756776071316
2024-06-17 18:00:00,54.302306469633294
2024-06-17 19:00:00,50.60034125314265
2024-06-17 20:00:00,6.187562433837205
2024-06-17 21:00:00,6.0429204292207706
2024-06-17 22:00:00,6.029308854778871
2024-06-17 23:00:00,6.100519918474268
2024-06-18 00:00:00,6.108907368498431
2024-06-18 01:00:00,6.474086177540521
2024-06-18 02:00:00,6.52164849888652
2024-06-18 03:00:00,6.192365637035243
2024-06-18 04:00:00,6.642856358577475
2024-06-18 05:00:00,6.752887444644953
2024-06-18 06:00:00,6.65720173304566
2024-06-18 07:00:00,6.643698324338399
2024-06-18 08:00:00,31.108881708259112
2024-06-18 09:00:00,31.216308849091114
2024-06-18 10:00:00,32.05467972840606
2024-06-18 11:00:00,34.3897739802551
2024-06-18 12:00:00,35.69597899463483
2024-06-18 13:00:00,39.64098227176841
2024-06-18 14:00:00,42.06865102846044
2024-06-18 15:00:00,40.90738886590478
2024-06-18 16:00:00,37.232438098534466
2024-06-18 17:00:00,34.530069064314546
2024-06-18 18:00:00,34.12316172527056
2024-06-18 19:00:00,33.94832545678412
2024-06-18 20:00:00,5.130970699052382
2024-06-18 21:00:00,4.978901708909347
2024-06-18 22:00:00,4.73811358250817
2024-06-18 23:00:00,4.728862887380098
2024-06-19 00:00:00,5.588005639700015
2024-06-19 01:00:00,5.443253374966502
2024-06-19 02:00:00,5.880272094673934
2024-06-19 03:00:00,5.61672734100343
2024-06-19 04:00:00,5.891035585478673
2024-06-19 05:00:00,5.747545560257311
2024-06-19 06:00:00,5.866063960836397
2024-06-19 07:00:00,5.850065041483079
2024-06-19 08:00:00,30.87110547315956
2024-06-19 09:00:00,29.84753828564014
2024-06-19 10:00:00,30.349921800225065
2024-06-19 11:00:00,31.465170346834352
2024-06-19 12:00:00,30.340994698757225
2024-06-19 13:00:00,29.012578249926065
2024-06-19 14:00:00,34.85928300176814
2024-06-19 15:00:00,34.208672685381345
2024-06-19 16:00:00,32.89316095819505
2024-06-19 17:00:00,34.35356876434827
2024-06-19 18:00:00,34.41786136181552
2024-06-19 19:00:00,33.62556835284716
2024-06-19 20:00:00,6.524520575418111
2024-06-19 21:00:00,6.259354991602179
2024-06-19 22:00:00,5.993154336973839
2024-06-19 23:00:00,6.372387054405278
2024-06-20 00:00:00,6.504240385364041
2024-06-20 01:00:00,6.709050202787057
2024-06-20 02:00:00,5.780004206431265
2024-06-20 03:00:00,6.07902139632939
2024-06-20 04:00:00,6.425866676812167
2024-06-20 05:00:00,6.540905380942034
2024-06-20 06:00:00,6.638297027728114
2024-06-20 07:00:00,6.890293902406869
2024-06-20 08:00:00,6.853827482161452
2024-06-20 09:00:00,6.932669555822065
2024-06-20 10:00:00,6.810849164419397
2024-06-20 11:00:00,6.718693945232802
2024-06-20 12:00:00,7.038313897075055
2024-06-20 13:00:00,7.269901997331426
2024-06-20 14:00:00,7.2380095784429805
2024-06-20 15:00:00,6.629677919496115
2024-06-20 16:00:00,6.920179183743805
2024-06-20 17:00:00,6.831196362613297
2024-06-20 18:00:00,6.557728248787783
2024-06-20 19:00:00,6.582070496423154
2024-06-20 20:00:00,6.444305918472821
2024-06-20 21:00:00,6.272720549188496
2024-06-20 22:00:00,6.39973728710891
2024-06-20 23:00:00,6.32313945250493
2024-06-21 00:00:00,6.323744774478853
2024-06-21 01:00:00,5.830500616952262
2024-06-21 02:00:00,6.25947580905771
2024-06-21 03:00:00,5.618268831638343
2024-06-21 04:00:00,6.047042323103536
2024-06-21 05:00:00,6.320557684307872
2024-06-21 06:00:00,5.936655353343824
2024-06-21 07:00:00,5.805895992607125
2024-06-21 08:00:00,6.322607216905297
2024-06-21 09:00:00,6.119258949442738
2024-06-21 10:00:00,6.259383363372267
2024-06-21 11:00:00,6.748299283229329
2024-06-21 12:00:00,6.539174566970745
2024-06-21 13:00:00,7.472839615218752
2024-06-21 14:00:00,7.207544977383085
2024-06-21 15:00:00,7.129173574676843
2024-06-21 16:00:00,7.809610539565805
2024-06-21 17:00:00,7.112401483886501
2024-06-21 18:00:00,6.733232377760743
2024-06-21 19:00:00,7.203612292204286
2024-06-21 20:00:00,7.072777807069579
2024-06-21 21:00:00,6.293166253640915
2024-06-21 22:00:00,5.958900654725204
2024-06-21 23:00:00,6.510475253176244
2024-06-22 00:00:00,6.108978093282504
2024-06-22 01:00:00,5.815241513489
2024-06-22 02:00:00,5.651524827477187
2024-06-22 03:00:00,5.158886310111225
2024-06-22 04:00:00,5.543035802878207
2024-06-22 05:00:00,5.894123226251823
2024-06-22 06:00:00,6.235532929399944
2024-06-22 07:00:00,6.372462611443224
2024-06-22 08:00:00,6.01500330997092
2024-06-22 09:00:00,5.41153940476615
2024-06-22 10:00:00,6.282199677760775
2024-06-22 11:00:00,5.903106255020315
2024-06-22 12:00:00,5.671063454068138
2024-06-22 13:00:00,6.115944774627439
2024-06-22 14:00:00,5.731250006655716
2024-06-22 15:00:00,5.515970054398595
2024-06-22 16:00:00,5.4708187193595315
2024-06-22 17:00:00,5.794998528515672
2024-06-22 18:00:00,5.8238607775049
2024-06-22 19:00:00,5.850216655729154
2024-06-22 20:00:00,6.09826868688051
2024-06-22 21:00:00,5.60874775086537
2024-06-22 22:00:00,5.265347114874288
2024-06-22 23:00:00,5.222030699520401
2024-06-23 00:00:00,5.106839144162607
2024-06-23 01:00:00,5.215611199967155
2024-06-23 02:00:00,4.8158658497689775
2024-06-23 03:00:00,4.429011475427429
2024-06-23 04:00:00,5.119811185084355
2024-06-23 05:00:00,5.103355171223819
2024-06-23 06:00:00,5.113667802910604
2024-06-23 07:00:00,5.8242393990241155
2024-06-23 08:00:00,5.906137586701436
2024-06-23 09:00:00,5.808127110425841
2024-06-23 10:00:00,6.225450840436425
2024-06-23 11:00:00,6.041217996613678
2024-06-23 12:00:00,6.090455896992955
2024-06-23 13:00:00,6.334114914081811
2024-06-23 14:00:00,6.675209508737831
2024-06-23 15:00:00,7.21591058621353
2024-06-23 16:00:00,7.121907128779
2024-06-23 17:00:00,6.617066079540064
2024-06-23 18:00:00,6.72163721930079
2024-06-23 19:00:00,6.312260211833359
2024-06-23 20:00:00,6.425078676088313
2024-06-23 21:00:00,5.780629840696529
2024-06-23 22:00:00,5.453914439494461
2024-06-23 23:00:00,5.2387411559842905
2024-06-24 00:00:00,5.544491679338592
2024-06-24 01:00:00,4.8419466467658685
2024-06-24 02:00:00,5.213980739701019
2024-06-24 03:00:00,5.9114756341370995
2024-06-24 04:00:00,6.229229574952538
2024-06-24 05:00:00,6.18838537000629
2024-06-24 06:00:00,6.380912896781874
2024-06-24 07:00:00,6.864311246034736
2024-06-24 08:00:00,33.013831245162336
2024-06-24 09:00:00,33.3226488865101
2024-06-24 10:00:00,32.59760272800299
2024-06-24 11:00:00,37.788045974967304
2024-06-24 12:00:00,44.04370169392661
2024-06-24 13:00:00,46.758179269679424
2024-06-24 14:00:00,56.2279972127339
2024-06-24 15:00:00,60.09702757322528
2024-06-24 16:00:00,61.984589177595176
2024-06-24 17:00:00,63.20188558079328
2024-06-24 18:00:00,64.21881245620787
2024-06-24 19:00:00,61.13262888178309
2024-06-24 20:00:00,7.8875070604577
2024-06-24 21:00:00,7.803703043941307
2024-06-24 22:00:00,8.338754303531339
2024-06-24 23:00:00,7.672579139830319
2024-06-25 00:00:00,7.370018771597113
2024-06-25 01:00:00,7.072715846673866
2024-06-25 02:00:00,7.20293101517652
2024-06-25 03:00:00,7.602099995022136
2024-06-25 04:00:00,7.076123196801214
2024-06-25 05:00:00,7.514339192148721
2024-06-25 06:00:00,7.496687782332398
2024-06-25 07:00:00,7.744056127393942
2024-06-25 08:00:00,31.93130939951959
2024-06-25 09:00:00,33.55916759172497
2024-06-25 10:00:00,38.581671330996386
2024-06-25 11:00:00,46.36748915201726
2024-06-25 12:00:00,50.850620118464974
2024-06-25 13:00:00,56.43983382400654
2024-06-25 14:00:00,65.66849658843807
2024-06-25 15:00:00,70.16100253772626
2024-06-25 16:00:00,71.32478035209917
2024-06-25 17:00:00,70.36768808703859
2024-06-25 18:00:00,67.64136533427934
2024-06-25 19:00:00,64.2916100454915
2024-06-25 20:00:00,6.588330552252874
2024-06-25 21:00:00,6.309901821415272
2024-06-25 22:00:00,6.57808746995905
2024-06-25 23:00:00,6.4050519898460925
2024-06-26 00:00:00,6.30998024061359
2024-06-26 01:00:00,6.6629193433326455
2024-06-26 02:00:00,6.432301117059281
2024-06-26 03:00:00,6.616677460255995
2024-06-26 04:00:00,6.134770537156294
2024-06-26 05:00:00,5.841240090989889
2024-06-26 06:00:00,5.826071670158428
2024-06-26 07:00:00,6.578934364687289
2024-06-26 08:00:00,31.789302246343176
2024-06-26 09:00:00,30.090368084789077
2024-06-26 10:00:00,34.44494806378873
2024-06-26 11:00:00,41.39281133663154
2024-06-26 12:00:00,46.926415439793466
2024-06-26 13:00:00,51.37568834375993
2024-06-26 14:00:00,57.19520719590687
2024-06-26 15:00:00,47.39509547648222
2024-06-26 16:00:00,43.52774692106812
2024-06-26 17:00:00,42.68589923800831
2024-06-26 18:00:00,40.59336721706063
2024-06-26 19:00:00,38.383453999129884
2024-06-26 20:00:00,6.520894114231096
2024-06-26 21:00:00,6.463164297024783
2024-06-26 22:00:00,5.983993343762602
2024-06-26 23:00:00,5.635544273119824
2024-06-27 00:00:00,5.8387526525840325
2024-06-27 01:00:00,6.284033771974485
2024-06-27 02:00:00,6.278958044361614
2024-06-27 03:00:00,6.253246202742273
2024-06-27 04:00:00,6.280456142699068
2024-06-27 05:00:00,6.480963145791397
2024-06-27 06:00:00,6.3099100224544
2024-06-27 07:00:00,6.111063959414727
2024-06-27 08:00:00,26.53632538990492
2024-06-27 09:00:00,26.063001310091423
2024-06-27 10:00:00,29.819444117971216
2024-06-27 11:00:00,36.18676543926329
2024-06-27 12:00:00,41.97418857142978
2024-06-27 13:00:00,47.686990180929996
2024-06-27 14:00:00,52.03505683046987
2024-06-27 15:00:00,56.086359167682005
2024-06-27 16:00:00,57.78623540146499
2024-06-27 17:00:00,59.94982264380428
2024-06-27 18:00:00,57.77069723004299
2024-06-27 19:00:00,53.94232045567743
2024-06-27 20:00:00,5.495737743075157
2024-06-27 21:00:00,5.900684035896828
2024-06-27 22:00:00,6.112026415785537
2024-06-27 23:00:00,5.986979585278105
2024-06-28 00:00:00,6.18909097559578
2024-06-28 01:00:00,5.623687299310193
2024-06-28 02:00:00,6.143334617903324
2024-06-28 03:00:00,6.346654466992225
2024-06-28 04:00:00,5.75818605212358
2024-06-28 05:00:00,6.084046600670812
2024-06-28 06:00:00,6.091380320012138
2024-06-28 07:00:00,6.279432341370685
2024-06-28 08:00:00,26.04094264389606
2024-06-28 09:00:00,26.48783079180362
2024-06-28 10:00:00,30.26650467516515
2024-06-28 11:00:00,35.7654374835902
2024-06-28 12:00:00,38.926822654397384
2024-06-28 13:00:00,39.82151269407712
2024-06-28 14:00:00,40.0100847912607
2024-06-28 15:00:00,35.8240986711876
2024-06-28 16:00:00,30.815880326458508
2024-06-28 17:00:00,26.58061280815003
2024-06-28 18:00:00,26.5709404535368
2024-06-28 19:00:00,26.536074278276782
2024-06-28 20:00:00,6.605215780521195
2024-06-28 21:00:00,6.001739560694231
2024-06-28 22:00:00,5.9531362324550345
2024-06-28 23:00:00,6.684853170537666
2024-06-29 00:00:00,5.963823850094773
2024-06-29 01:00:00,6.07797858536426
2024-06-29 02:00:00,5.44222887275149
2024-06-29 03:00:00,5.3292551000012995
2024-06-29 04:00:00,5.004425419032347
2024-06-29 05:00:00,5.360783434807444
2024-06-29 06:00:00,5.507420115729854
2024-06-29 07:00:00,5.988505218314032
2024-06-29 08:00:00,6.307521964770844
2024-06-29 09:00:00,5.507233241297979
2024-06-29 10:00:00,6.40409283060956
2024-06-29 11:00:00,6.277673798406195
2024-06-29 12:00:00,6.692250215821892
2024-06-29 13:00:00,6.490985121438897
2024-06-29 14:00:00,6.783449914540968
2024-06-29 15:00:00,6.4309450085599895
2024-06-29 16:00:00,6.665770114506947
2024-06-29 17:00:00,6.433866489085232
2024-06-29 18:00:00,5.872698415964239
2024-06-29 19:00:00,6.055578787960242
2024-06-29 20:00:00,5.597913669714632
2024-06-29 21:00:00,5.719139944035877
2024-06-29 22:00:00,5.6120872958415795
2024-06-29 23:00:00,5.3423406667669555
2024-06-30 00:00:00,5.056606078142023
2024-06-30 01:00:00,5.296357832727793
2024-06-30 02:00:00,5.091132816255944
2024-06-30 03:00:00,4.667110876629413
2024-06-30 04:00:00,4.9149210041182
2024-06-30 05:00:00,5.090982809177962
2024-06-30 06:00:00,5.329179976418604
2024-06-30 07:00:00,4.971707312498914
2024-06-30 08:00:00,5.01395646742462
2024-06-30 09:00:00,5.106456713991264
2024-06-30 10:00:00,4.990383224970246
2024-06-30 11:00:00,5.05399161833123
2024-06-30 12:00:00,5.184675487648394
2024-06-30 13:00:00,5.679476731737407
2024-06-30 14:00:00,5.506647048242541
2024-06-30 15:00:00,5.921908443292265
2024-06-30 16:00:00,5.905071695700114
2024-06-30 17:00:00,6.2482459071310945
2024-06-30 18:00:00,5.755756511170701
2024-06-30 19:00:00,6.032559205482877
2024-06-30 20:00:00,4.982261826361565
2024-06-30 21:00:00,5.553551607742541
2024-06-30 22:00:00,5.333509457911624
2024-06-30 23:00:00,5.504540268650352
2024-07-01 00:00:00,5.594296764324915
2024-07-01 01:00:00,5.886334673508043
2024-07-01 02:00:00,5.614926473773121
2024-07-01 03:00:00,5.510263573923077
2024-07-01 04:00:00,5.392218498352673
2024-07-01 05:00:00,5.743076737262821
2024-07-01 06:00:00,6.160771379152704
2024-07-01 07:00:00,5.886302618977571
2024-07-01 08:00:00,5.383086023639145
2024-07-01 09:00:00,5.736809272876687
2024-07-01 10:00:00,5.682176357116358
2024-07-01 11:00:00,5.586673630217505
2024-07-01 12:00:00,6.231438074968511
2024-07-01 13:00:00,6.271873679286839
2024-07-01 14:00:00,6.5284713411474655
2024-07-01 15:00:00,6.426924218988329
2024-07-01 16:00:00,6.569502744096534
2024-07-01 17:00:00,6.679295978848871
2024-07-01 18:00:00,6.466146126610184
2024-07-01 19:00:00,6.443962696550305
2024-07-01 20:00:00,5.776522884688744
2024-07-01 21:00:00,6.114021214024048
2024-07-01 22:00:00,6.488706025237805
2024-07-01 23:00:00,6.279281457260827
2024-07-02 00:00:00,6.084060128685746
2024-07-02 01:00:00,5.849032908358875
2024-07-02 02:00:00,5.465961235427531
2024-07-02 03:00:00,5.487267327799003
2024-07-02 04:00:00,5.613922568815924
2024-07-02 05:00:00,5.629339085934586
2024-07-02 06:00:00,5.474800565293343
2024-07-02 07:00:00,5.622083419595628
2024-07-02 08:00:00,25.605317806654988
2024-07-02 09:00:00,25.595078793080013
2024-07-02 10:00:00,25.698251164680546
2024-07-02 11:00:00,27.65160616391538
2024-07-02 12:00:00,34.28342445240954
2024-07-02 13:00:00,40.66805258403306
2024-07-02 14:00:00,44.70753039331047
2024-07-02 15:00:00,49.12727656570915
2024-07-02 16:00:00,51.25070515327674
2024-07-02 17:00:00,51.93971795351545
2024-07-02 18:00:00,51.005506118683094
2024-07-02 19:00:00,47.42442629050523
2024-07-02 20:00:00,6.213318509702571
2024-07-02 21:00:00,6.051036071068525
2024-07-02 22:00:00,6.129022058202214
2024-07-02 23:00:00,5.613036401799517
2024-07-03 00:00:00,5.806386021176278
2024-07-03 01:00:00,5.941679279215204
2024-07-03 02:00:00,6.092006849765424
2024-07-03 03:00:00,6.436109185513229
2024-07-03 04:00:00,6.750215455959954
2024-07-03 05:00:00,7.107747471806364
2024-07-03 06:00:00,6.784085638090239
2024-07-03 07:00:00,6.780399703027083
2024-07-03 08:00:00,31.075089019226102
2024-07-03 09:00:00,31.084471058454806
2024-07-03 10:00:00,34.87549123477936
2024-07-03 11:00:00,42.68459171677054
2024-07-03 12:00:00,48.42587798666756
2024-07-03 13:00:00,52.8218079252954
2024-07-03 14:00:00,60.76906692921612
2024-07-03 15:00:00,63.65442323829416
2024-07-03 16:00:00,66.93451094483648
2024-07-03 17:00:00,67.56023632527051
2024-07-03 18:00:00,67.25244003372465
2024-07-03 19:00:00,67.11046872563477
2024-07-03 20:00:00,6.26367733231157
2024-07-03 21:00:00,6.802360332075093
2024-07-03 22:00:00,6.219002431702781
2024-07-03 23:00:00,5.741259969831638
2024-07-04 00:00:00,6.040835423450555
2024-07-04 01:00:00,5.1919131447461195
2024-07-04 02:00:00,5.060544393544676
2024-07-04 03:00:00,5.312307416820481
2024-07-04 04:00:00,5.119947623269
2024-07-04 05:00:00,5.150684515945125
2024-07-04 06:00:00,5.493584683918368
2024-07-04 07:00:00,5.695523644607378
2024-07-04 08:00:00,26.853550008714304
2024-07-04 09:00:00,34.71086380827407
2024-07-04 10:00:00,43.066192795163666
2024-07-04 11:00:00,50.81693750014878
2024-07-04 12:00:00,56.26921989252314
2024-07-04 13:00:00,60.72177577495628
2024-07-04 14:00:00,64.88159623659736
2024-07-04 15:00:00,68.0389320769112
2024-07-04 16:00:00,69.62768672959501
2024-07-04 17:00:00,69.81700608199418
2024-07-04 18:00:00,69.3878429104904
2024-07-04 19:00:00,67.39795758849363
2024-07-04 20:00:00,6.3842587978410545
2024-07-04 21:00:00,6.511980870930316
2024-07-04 22:00:00,6.5451010268372105
2024-07-04 23:00:00,6.173435239200909
2024-07-05 00:00:00,6.3932390309166305
2024-07-05 01:00:00,6.654927035186897
2024-07-05 02:00:00,6.545831219947653
2024-07-05 03:00:00,6.13263040390226
2024-07-05 04:00:00,6.818993752716305
2024-07-05 05:00:00,6.764875101858435
2024-07-05 06:00:00,6.846337689523518
2024-07-05 07:00:00,6.485359814646161
2024-07-05 08:00:00,36.38310828476898
2024-07-05 09:00:00,41.50775488126439
2024-07-05 10:00:00,49.05905230985229
2024-07-05 11:00:00,54.45728590749528
2024-07-05 12:00:00,61.324191968075425
2024-07-05 13:00:00,67.23472771375235
2024-07-05 14:00:00,75.25479978784199
2024-07-05 15:00:00,78.71266059155803
2024-07-05 16:00:00,79.27076138937164
2024-07-05 17:00:00,79.19746503722348
2024-07-05 18:00:00,78.80566214842851
2024-07-05 19:00:00,76.53416710271526
2024-07-05 20:00:00,7.022736668671703
2024-07-05 21:00:00,6.673870061631226
2024-07-05 22:00:00,6.989461680517024
2024-07-05 23:00:00,6.435681141065149
2024-07-06 00:00:00,6.058323299974102
2024-07-06 01:00:00,6.2437664656961
2024-07-06 02:00:00,6.430496750792076
2024-07-06 03:00:00,5.923378281946441
2024-07-06 04:00:00,5.698977153076395
2024-07-06 05:00:00,5.14714063107601
2024-07-06 06:00:00,5.904314713542285
2024-07-06 07:00:00,5.610810051668176
2024-07-06 08:00:00,5.425505860897751
2024-07-06 09:00:00,4.89705206055617
2024-07-06 10:00:00,5.184267757505621
2024-07-06 11:00:00,5.456250763743139
2024-07-06 12:00:00,5.147068400188381
2024-07-06 13:00:00,5.684164897751818
2024-07-06 14:00:00,5.350699934294581
2024-07-06 15:00:00,5.764580195025572
2024-07-06 16:00:00,5.526462662298886
2024-07-06 17:00:00,6.009709470726223
2024-07-06 18:00:00,5.706227829197998
2024-07-06 19:00:00,5.494076121500544
2024-07-06 20:00:00,5.324206916595018
2024-07-06 21:00:00,5.640762701370451
2024-07-06 22:00:00,5.6306044277414
2024-07-06 23:00:00,5.2338587653601225
2024-07-07 00:00:00,5.457115705019518
2024-07-07 01:00:00,5.028948758008082
2024-07-07 02:00:00,5.48006594080098
2024-07-07 03:00:00,5.535236270189282
2024-07-07 04:00:00,6.293341079272022
2024-07-07 05:00:00,5.732744468983902
2024-07-07 06:00:00,6.1474127868332635
2024-07-07 07:00:00,5.592482993940626
2024-07-07 08:00:00,5.197079045934659
2024-07-07 09:00:00,5.624125828230807
2024-07-07 10:00:00,5.808435509450946
2024-07-07 11:00:00,5.801242240660225
2024-07-07 12:00:00,6.318889591861921
2024-07-07 13:00:00,6.064036948541127
2024-07-07 14:00:00,6.020151439241838
2024-07-07 15:00:00,5.998707663898752
2024-07-07 16:00:00,5.637456668455454
2024-07-07 17:00:00,6.139752952939026
2024-07-07 18:00:00,6.325141642067786
2024-07-07 19:00:00,5.973512067416893
2024-07-07 20:00:00,6.60019611425925
2024-07-07 21:00:00,6.014558107509429
2024-07-07 22:00:00,5.7129198428505985
2024-07-07 23:00:00,5.845462949276641
2024-07-08 00:00:00,6.02860508308212
2024-07-08 01:00:00,6.397935461921754
2024-07-08 02:00:00,5.841684579651666
2024-07-08 03:00:00,6.169475931702681
2024-07-08 04:00:00,6.300771761913861
2024-07-08 05:00:00,6.142521957473311
2024-07-08 06:00:00,6.113458756282881
2024-07-08 07:00:00,5.787392723293025
2024-07-08 08:00:00,30.926520997000054
2024-07-08 09:00:00,29.55055650640019
2024-07-08 10:00:00,32.82909443879885
2024-07-08 11:00:00,42.473507277782666
2024-07-08 12:00:00,48.58044347521065
2024-07-08 13:00:00,53.16807014881851
2024-07-08 14:00:00,59.56949193123239
2024-07-08 15:00:00,61.123704834148526
2024-07-08 16:00:00,62.142714337384334
2024-07-08 17:00:00,62.435847780016324
2024-07-08 18:00:00,63.00577615399474
2024-07-08 19:00:00,58.3578083550391
2024-07-08 20:00:00,6.866610090552923
2024-07-08 21:00:00,6.865567608179015
2024-07-08 22:00:00,6.996686693143046
2024-07-08 23:00:00,6.245484192418565
2024-07-09 00:00:00,6.341809959263844
2024-07-09 01:00:00,6.2596504095836165
2024-07-09 02:00:00,6.480675085329935
2024-07-09 03:00:00,6.223730027510964
2024-07-09 04:00:00,6.252661935970303
2024-07-09 05:00:00,6.110490799823595
2024-07-09 06:00:00,5.858652102967691
2024-07-09 07:00:00,5.794981251164499
2024-07-09 08:00:00,26.04143145566473
2024-07-09 09:00:00,27.379529690537915
2024-07-09 10:00:00,34.60330857233316
2024-07-09 11:00:00,41.00413203186187
2024-07-09 12:00:00,45.358937793009225
2024-07-09 13:00:00,48.96904052379911
2024-07-09 14:00:00,52.63483432135121
2024-07-09 15:00:00,55.59121764265351
2024-07-09 16:00:00,56.60828055187808
2024-07-09 17:00:00,54.92152776362237
2024-07-09 18:00:00,53.7819687956701
2024-07-09 19:00:00,51.01589231081924
2024-07-09 20:00:00,6.049217147720463
2024-07-09 21:00:00,6.334475517124584
2024-07-09 22:00:00,6.373964946934701
2024-07-09 23:00:00,6.506320740250927
2024-07-10 00:00:00,6.524675851736719
2024-07-10 01:00:00,6.040955155886761
2024-07-10 02:00:00,6.318717020418452
2024-07-10 03:00:00,7.010835373831786
2024-07-10 04:00:00,6.462087029428727
2024-07-10 05:00:00,6.328155892434667
2024-07-10 06:00:00,6.714041000722454
2024-07-10 07:00:00,6.69161564086847
2024-07-10 08:00:00,27.998723724212212
2024-07-10 09:00:00,31.084244481687612
2024-07-10 10:00:00,38.11701238537132
2024-07-10 11:00:00,47.14768092462101
2024-07-10 12:00:00,51.92662511966612
2024-07-10 13:00:00,56.70210348096918
2024-07-10 14:00:00,64.04844893473826
2024-07-10 15:00:00,65.98435972752839
2024-07-10 16:00:00,68.57579291959668
2024-07-10 17:00:00,70.26754449485612
2024-07-10 18:00:00,69.61320472124076
2024-07-10 19:00:00,69.38092460718092
2024-07-10 20:00:00,7.510661641419035
2024-07-10 21:00:00,7.0924640595321975
2024-07-10 22:00:00,6.740885879936123
2024-07-10 23:00:00,7.026282483081008
2024-07-11 00:00:00,6.462333076530075
2024-07-11 01:00:00,6.272486273507801
2024-07-11 02:00:00,6.308021932593091
2024-07-11 03:00:00,6.623768462369
2024-07-11 04:00:00,6.306012013927811
2024-07-11 05:00:00,6.515126841990405
2024-07-11 06:00:00,6.0898501708759705
2024-07-11 07:00:00,6.7316075153333355
2024-07-11 08:00:00,33.64086560463028
2024-07-11 09:00:00,43.01541596570992
2024-07-11 10:00:00,49.81471339438005
2024-07-11 11:00:00,56.3755003263357
2024-07-11 12:00:00,60.71860691752245
2024-07-11 13:00:00,66.43064151277713
2024-07-11 14:00:00,71.8073644847422
2024-07-11 15:00:00,74.30098127999793
2024-07-11 16:00:00,75.52702283089573
2024-07-11 17:00:00,75.19407585042667
2024-07-11 18:00:00,72.78492101458973
2024-07-11 19:00:00,69.12963497262453
2024-07-11 20:00:00,6.5643019306031904
2024-07-11 21:00:00,6.32256666424394
2024-07-11 22:00:00,5.871001305310378
2024-07-11 23:00:00,5.326491358796817
2024-07-12 00:00:00,5.064511333919941
2024-07-12 01:00:00,4.9818486846130785
2024-07-12 02:00:00,5.504835152499337
2024-07-12 03:00:00,4.866811722103319
2024-07-12 04:00:00,4.301021620838234
2024-07-12 05:00:00,4.082441356496564
2024-07-12 06:00:00,4.61442575182612
2024-07-12 07:00:00,4.681445500706618
2024-07-12 08:00:00,25.334126786767605
2024-07-12 09:00:00,29.006739869400523
2024-07-12 10:00:00,34.767872846203744
2024-07-12 11:00:00,40.19797333000011
2024-07-12 12:00:00,45.0052408693084
2024-07-12 13:00:00,48.859039082944605
2024-07-12 14:00:00,51.977399934186174
2024-07-12 15:00:00,55.38082197528305
2024-07-12 16:00:00,57.40739100129028
2024-07-12 17:00:00,58.10347998289424
2024-07-12 18:00:00,57.52117288960128
2024-07-12 19:00:00,55.20926015335076
2024-07-12 20:00:00,6.02879398793492
2024-07-12 21:00:00,5.845673373635709
2024-07-12 22:00:00,5.856738784058624
2024-07-12 23:00:00,5.8245284549169005
2024-07-13 00:00:00,5.220024653787737
2024-07-13 01:00:00,5.091173004377237
2024-07-13 02:00:00,4.912095818174973
2024-07-13 03:00:00,4.917386287901005
2024-07-13 04:00:00,4.792714451217617
2024-07-13 05:00:00,4.677208216039571
2024-07-13 06:00:00,4.903184867767224
2024-07-13 07:00:00,4.942715679951024
2024-07-13 08:00:00,5.741811080923256
2024-07-13 09:00:00,6.050790859057356
2024-07-13 10:00:00,6.7908950887438895
2024-07-13 11:00:00,6.598802976961733
2024-07-13 12:00:00,7.358348723055945
2024-07-13 13:00:00,6.9155737118175935
2024-07-13 14:00:00,6.021026508500883
2024-07-13 15:00:00,6.095371712508953
2024-07-13 16:00:00,6.157472569515744
2024-07-13 17:00:00,6.301129457932813
2024-07-13 18:00:00,6.211048319066721
2024-07-13 19:00:00,6.268069046262425
2024-07-13 20:00:00,6.592226492630832
2024-07-13 21:00:00,6.584138489574744
2024-07-13 22:00:00,6.264749050601224
2024-07-13 23:00:00,5.673010213539677
2024-07-14 00:00:00,5.970035762763913
2024-07-14 01:00:00,6.024014421731747
2024-07-14 02:00:00,5.621937062869453
2024-07-14 03:00:00,5.565492463712398
2024-07-14 04:00:00,5.3940758480965005
2024-07-14 05:00:00,5.100916309743066
2024-07-14 06:00:00,5.130954127891501
2024-07-14 07:00:00,4.8258744695914455
2024-07-14 08:00:00,5.000858490238204
2024-07-14 09:00:00,5.133381075665256
2024-07-14 10:00:00,5.735426935657896
2024-07-14 11:00:00,5.628888631213064
2024-07-14 12:00:00,5.878281138352445
2024-07-14 13:00:00,5.699947062370309
2024-07-14 14:00:00,5.720721030562945
2024-07-14 15:00:00,5.878158571735536
2024-07-14 16:00:00,6.1088677785103025
2024-07-14 17:00:00,6.149983147853578
2024-07-14 18:00:00,6.309181527711377
2024-07-14 19:00:00,5.991999592099794
2024-07-14 20:00:00,6.424636299746139
2024-07-14 21:00:00,6.1131322018259695
2024-07-14 22:00:00,5.269173237272264
2024-07-14 23:00:00,5.601779644695292
2024-07-15 00:00:00,6.104866767206102
2024-07-15 01:00:00,6.136010757144871
2024-07-15 02:00:00,6.290523116820613
2024-07-15 03:00:00,6.135747307785643
2024-07-15 04:00:00,6.047050005677627
2024-07-15 05:00:00,6.203715215373273
2024-07-15 06:00:00,6.3086124856491335
2024-07-15 07:00:00,5.9956773495147955
2024-07-15 08:00:00,26.764204511679814
2024-07-15 09:00:00,26.48387736517262
2024-07-15 10:00:00,32.01822978458901
2024-07-15 11:00:00,37.64542012759366
2024-07-15 12:00:00,41.9303674739059
2024-07-15 13:00:00,45.516896442079506
2024-07-15 14:00:00,48.589233501156464
2024-07-15 15:00:00,50.4891673353752
2024-07-15 16:00:00,50.46366360719705
2024-07-15 17:00:00,49.99790462325247
2024-07-15 18:00:00,48.304561033647154
2024-07-15 19:00:00,45.48086300636324
2024-07-15 20:00:00,5.799268468284462
2024-07-15 21:00:00,6.314234487836464
2024-07-15 22:00:00,5.950170902733783
2024-07-15 23:00:00,5.635982179554407
2024-07-16 00:00:00,5.687659464649586
2024-07-16 01:00:00,5.681831232390024
2024-07-16 02:00:00,5.466284135042317
2024-07-16 03:00:00,5.2927077152478335
2024-07-16 04:00:00,6.336713246208808
2024-07-16 05:00:00,5.432968588247638
2024-07-16 06:00:00,5.900597652800977
2024-07-16 07:00:00,6.1445585746611
2024-07-16 08:00:00,25.837957133583703
2024-07-16 09:00:00,26.440239651837715
2024-07-16 10:00:00,28.658021006970678
2024-07-16 11:00:00,35.63068944758111
2024-07-16 12:00:00,40.39992639645871
2024-07-16 13:00:00,45.124879295267526
2024-07-16 14:00:00,49.716721899141355
2024-07-16 15:00:00,54.01255345298707
2024-07-16 16:00:00,55.96251746404435
2024-07-16 17:00:00,56.39636843427002
2024-07-16 18:00:00,56.05009799029435
2024-07-16 19:00:00,53.68817684693383
2024-07-16 20:00:00,5.931040394606733
2024-07-16 21:00:00,5.842795961788981
2024-07-16 22:00:00,5.576115216937246
2024-07-16 23:00:00,5.838469838503361
2024-07-17 00:00:00,5.9080396513458275
2024-07-17 01:00:00,5.317424300837398
2024-07-17 02:00:00,5.850462861169844
2024-07-17 03:00:00,5.936847750714733
2024-07-17 04:00:00,5.910812429102284
2024-07-17 05:00:00,6.233418178431946
2024-07-17 06:00:00,5.766855076703056
2024-07-17 07:00:00,6.089316252387978
2024-07-17 08:00:00,30.41788713520181
2024-07-17 09:00:00,30.406122731241492
2024-07-17 10:00:00,36.9576094969595
2024-07-17 11:00:00,49.23998605907398
2024-07-17 12:00:00,53.497870259260324
2024-07-17 13:00:00,60.102137828204484
2024-07-17 14:00:00,67.6220793211933
2024-07-17 15:00:00,72.59275870860235
2024-07-17 16:00:00,73.56895709650487
2024-07-17 17:00:00,74.73993877866592
2024-07-17 18:00:00,75.45805445708689
2024-07-17 19:00:00,71.96663177326641
2024-07-17 20:00:00,6.349290581637435
2024-07-17 21:00:00,6.544956965295437
2024-07-17 22:00:00,5.947730553842489
2024-07-17 23:00:00,6.299260815117047
2024-07-18 00:00:00,5.950975383082605
2024-07-18 01:00:00,5.702943148236402
2024-07-18 02:00:00,5.7303424218662835
2024-07-18 03:00:00,5.717283653945819
2024-07-18 04:00:00,5.691665256328965
2024-07-18 05:00:00,6.274710041393876
2024-07-18 06:00:00,6.030675788941201
2024-07-18 07:00:00,6.187885144751857
2024-07-18 08:00:00,29.73101756039778
2024-07-18 09:00:00,35.83711910665489
2024-07-18 10:00:00,43.46599780197014
2024-07-18 11:00:00,51.38122368879907
2024-07-18 12:00:00,58.50184545631967
2024-07-18 13:00:00,63.4956996854546
2024-07-18 14:00:00,72.63676330728252
2024-07-18 15:00:00,74.14500122647814
2024-07-18 16:00:00,75.61241600434612
2024-07-18 17:00:00,74.35821858550729
2024-07-18 18:00:00,73.95714588033525
2024-07-18 19:00:00,71.20819049855601
2024-07-18 20:00:00,6.0487927007157305
2024-07-18 21:00:00,6.314631435118566
2024-07-18 22:00:00,5.753533841551482
2024-07-18 23:00:00,5.794841357615904
2024-07-19 00:00:00,5.451168869018666
2024-07-19 01:00:00,5.643114792845344
2024-07-19 02:00:00,5.773700883348487
2024-07-19 03:00:00,6.30317950057138
2024-07-19 04:00:00,5.928682076321031
2024-07-19 05:00:00,5.655351743006336
2024-07-19 06:00:00,6.394205508338672
2024-07-19 07:00:00,6.320789663944912
2024-07-19 08:00:00,32.69444182902429
2024-07-19 09:00:00,42.61852329597227
2024-07-19 10:00:00,50.56135840908682
2024-07-19 11:00:00,60.26651189230547
2024-07-19 12:00:00,65.69313090561205
2024-07-19 13:00:00,70.55465334414599
2024-07-19 14:00:00,78.74672648203043
2024-07-19 15:00:00,81.14049231605067
2024-07-19 16:00:00,82.16120944110449
2024-07-19 17:00:00,82.52276756144627
2024-07-19 18:00:00,80.20313400962715
2024-07-19 19:00:00,77.593397080381
2024-07-19 20:00:00,5.95408880192705
2024-07-19 21:00:00,5.711420922934433
2024-07-19 22:00:00,6.206492329255227
2024-07-19 23:00:00,5.9934293808831685
2024-07-20 00:00:00,5.73772931550494
2024-07-20 01:00:00,5.3351599428291365
2024-07-20 02:00:00,5.183381396965772
2024-07-20 03:00:00,4.812740823184958
2024-07-20 04:00:00,5.334142311123994
2024-07-20 05:00:00,5.105573779993704
2024-07-20 06:00:00,4.798724081415709
2024-07-20 07:00:00,4.769260304343902
2024-07-20 08:00:00,4.397222829635726
2024-07-20 09:00:00,4.54978533247575
2024-07-20 10:00:00,4.3863837398251855
2024-07-20 11:00:00,4.700136180747231
2024-07-20 12:00:00,4.1544195341139005
2024-07-20 13:00:00,4.2990556337386705
2024-07-20 14:00:00,4.779802156070218
2024-07-20 15:00:00,5.128162234150624
2024-07-20 16:00:00,5.256478105110494
2024-07-20 17:00:00,4.92141417367573
2024-07-20 18:00:00,4.3307633136661305
2024-07-20 19:00:00,4.320664207662081
2024-07-20 20:00:00,4.402912146952299
2024-07-20 21:00:00,4.711732906132484
2024-07-20 22:00:00,4.800081807781227
2024-07-20 23:00:00,5.23558911751542
2024-07-21 00:00:00,4.873810531222359
2024-07-21 01:00:00,4.768052527403548
2024-07-21 02:00:00,4.804177905761332
2024-07-21 03:00:00,5.188234500121035
2024-07-21 04:00:00,5.609319585955626
2024-07-21 05:00:00,5.2943914687838225
2024-07-21 06:00:00,5.053061878693826
2024-07-21 07:00:00,5.5544550866662155
2024-07-21 08:00:00,5.3064902230407425
2024-07-21 09:00:00,5.428083034393376
2024-07-21 10:00:00,5.398846821087922
2024-07-21 11:00:00,5.44604850644825
2024-07-21 12:00:00,5.195777392832669
2024-07-21 13:00:00,5.419666470773848
2024-07-21 14:00:00,5.766757204026607
2024-07-21 15:00:00,6.124806286700813
2024-07-21 16:00:00,5.506154096957654
2024-07-21 17:00:00,5.794485679575434
2024-07-21 18:00:00,5.685857791189648
2024-07-21 19:00:00,5.333859886325231
2024-07-21 20:00:00,5.7810648771829865
2024-07-21 21:00:00,5.923387602650028
2024-07-21 22:00:00,5.244937522491483
2024-07-21 23:00:00,5.382151116820179
2024-07-22 00:00:00,5.351222044819584
2024-07-22 01:00:00,4.941609865104074
2024-07-22 02:00:00,5.004567383304592
2024-07-22 03:00:00,4.837671567666835
2024-07-22 04:00:00,5.398277552289409
2024-07-22 05:00:00,5.840805742409
2024-07-22 06:00:00,6.209641753167637
2024-07-22 07:00:00,5.794123731101962
2024-07-22 08:00:00,29.95781354683377
2024-07-22 09:00:00,30.096310347111487
2024-07-22 10:00:00,34.954196251232666
2024-07-22 11:00:00,42.750092096787455
2024-07-22 12:00:00,51.893873179118394
2024-07-22 13:00:00,56.17659220438501
2024-07-22 14:00:00,65.10782907646046
2024-07-22 15:00:00,70.29923071490133
2024-07-22 16:00:00,72.18104137508588
2024-07-22 17:00:00,72.82785299495517
2024-07-22 18:00:00,74.81389178018388
2024-07-22 19:00:00,70.9624861800795
2024-07-22 20:00:00,6.05852765161922
2024-07-22 21:00:00,5.743167446499264
2024-07-22 22:00:00,5.599465436805391
2024-07-22 23:00:00,5.515748599740385
2024-07-23 00:00:00,5.86828799275752
2024-07-23 01:00:00,6.109621435906222
2024-07-23 02:00:00,5.809755588314728
2024-07-23 03:00:00,6.028243714474249
2024-07-23 04:00:00,5.457397364457312
2024-07-23 05:00:00,5.627974954874999
2024-07-23 06:00:00,5.798510302813714
2024-07-23 07:00:00,6.1270658867423755
2024-07-23 08:00:00,35.01719481895723
2024-07-23 09:00:00,43.02388460590626
2024-07-23 10:00:00,51.006857981199204
2024-07-23 11:00:00,58.99430401360484
2024-07-23 12:00:00,65.11958713486118
2024-07-23 13:00:00,71.68333058292323
2024-07-23 14:00:00,79.77722487805667
2024-07-23 15:00:00,82.4570576198462
2024-07-23 16:00:00,84.20073108563052
2024-07-23 17:00:00,84.2194614974027
2024-07-23 18:00:00,82.9883896946813
2024-07-23 19:00:00,79.50614771469765
2024-07-23 20:00:00,5.916379503758167
2024-07-23 21:00:00,5.8339785019939
2024-07-23 22:00:00,6.239807869429139
2024-07-23 23:00:00,6.069103506841513
2024-07-24 00:00:00,5.9837006128799635
2024-07-24 01:00:00,6.5408497189656645
2024-07-24 02:00:00,6.127019791896497
2024-07-24 03:00:00,5.949668283289285
2024-07-24 04:00:00,5.755580703310469
2024-07-24 05:00:00,6.1383324851069805
2024-07-24 06:00:00,6.181195043620132
2024-07-24 07:00:00,6.433035169863964
2024-07-24 08:00:00,39.071140093945026
2024-07-24 09:00:00,46.0346797556022
2024-07-24 10:00:00,53.04927020510046
2024-07-24 11:00:00,60.845855043415725
2024-07-24 12:00:00,68.3921698768011
2024-07-24 13:00:00,74.43649437634795
2024-07-24 14:00:00,78.46156556595385
2024-07-24 15:00:00,81.11893885744381
2024-07-24 16:00:00,82.35887594694123
2024-07-24 17:00:00,81.84570249890668
2024-07-24 18:00:00,80.64237299769832
2024-07-24 19:00:00,77.58539939084855
2024-07-24 20:00:00,6.476289284140776
2024-07-24 21:00:00,6.083849144286555
2024-07-24 22:00:00,6.360518771711288
2024-07-24 23:00:00,5.844000533640077
2024-07-25 00:00:00,5.9082791212636305
2024-07-25 01:00:00,6.2141825964583575
2024-07-25 02:00:00,6.535516477736132
2024-07-25 03:00:00,6.347656850760086
2024-07-25 04:00:00,6.227818155054272
2024-07-25 05:00:00,6.963151704293734
2024-07-25 06:00:00,7.086589102159916
2024-07-25 07:00:00,6.9073743378736
2024-07-25 08:00:00,42.15142395109945
2024-07-25 09:00:00,47.63550313966946
2024-07-25 10:00:00,56.80007290777969
2024-07-25 11:00:00,64.24415541266279
2024-07-25 12:00:00,68.68244184835353
2024-07-25 13:00:00,75.63186085838149
2024-07-25 14:00:00,82.95362762810778
2024-07-25 15:00:00,85.55943521130719
2024-07-25 16:00:00,87.33317396072506
2024-07-25 17:00:00,87.11396826807393
2024-07-25 18:00:00,86.1316350259277
2024-07-25 19:00:00,82.71903642747246
2024-07-25 20:00:00,6.181046561101231
2024-07-25 21:00:00,6.33895593522952
2024-07-25 22:00:00,5.994166666219372
2024-07-25 23:00:00,5.600965716948113
2024-07-26 00:00:00,5.725810672082556
2024-07-26 01:00:00,5.804691220248077
2024-07-26 02:00:00,5.779073622896301
2024-07-26 03:00:00,4.7159830809302745
2024-07-26 04:00:00,5.723854144110838
2024-07-26 05:00:00,5.108086037837509
2024-07-26 06:00:00,5.146379277346538
2024-07-26 07:00:00,5.289337602329839
2024-07-26 08:00:00,34.1067981136201
2024-07-26 09:00:00,41.6762927408491
2024-07-26 10:00:00,48.2930992569843
2024-07-26 11:00:00,53.053491622442934
2024-07-26 12:00:00,58.78350643773429
2024-07-26 13:00:00,65.48132281338411
2024-07-26 14:00:00,73.79433194342825
2024-07-26 15:00:00,78.02206856168613
2024-07-26 16:00:00,80.66322619361232
2024-07-26 17:00:00,81.10468840733574
2024-07-26 18:00:00,80.0022621993583
2024-07-26 19:00:00,76.93805887943174
2024-07-26 20:00:00,6.489542301795284
2024-07-26 21:00:00,6.489747671164373
2024-07-26 22:00:00,5.741821239523476
2024-07-26 23:00:00,6.122403067351396
2024-07-27 00:00:00,4.787390452717263
2024-07-27 01:00:00,5.034104325734533
2024-07-27 02:00:00,4.985134148081417
2024-07-27 03:00:00,5.6959404719636355
2024-07-27 04:00:00,5.4156821904067804
2024-07-27 05:00:00,5.535012538157393
2024-07-27 06:00:00,5.7056930728837845
2024-07-27 07:00:00,5.507300162594701
2024-07-27 08:00:00,5.6257711793962155
2024-07-27 09:00:00,5.673832956523233
2024-07-27 10:00:00,5.560803874347566
2024-07-27 11:00:00,5.946602545563422
2024-07-27 12:00:00,6.114680568167245
2024-07-27 13:00:00,5.567890051185091
2024-07-27 14:00:00,5.126247298158333
2024-07-27 15:00:00,5.606673762992941
2024-07-27 16:00:00,5.468670605172463
2024-07-27 17:00:00,5.596110640435566
2024-07-27 18:00:00,5.751270924066501
2024-07-27 19:00:00,5.533432215194812
2024-07-27 20:00:00,5.061273242109573
2024-07-27 21:00:00,5.727596285183047
2024-07-27 22:00:00,5.829224481651103
2024-07-27 23:00:00,4.946346397123902
2024-07-28 00:00:00,4.624147978609987
2024-07-28 01:00:00,4.845026803908771
2024-07-28 02:00:00,4.677247026644985
2024-07-28 03:00:00,4.9145509076028056
2024-07-28 04:00:00,4.936012707515671
2024-07-28 05:00:00,5.199201845178395
2024-07-28 06:00:00,5.156072937611873
2024-07-28 07:00:00,5.058350203988598
2024-07-28 08:00:00,5.172379653543456
2024-07-28 09:00:00,4.846177193287454
2024-07-28 10:00:00,4.841307202605304
2024-07-28 11:00:00,5.029854085649235
2024-07-28 12:00:00,5.53944938550833
2024-07-28 13:00:00,5.071730666537115
2024-07-28 14:00:00,5.691634988900635
2024-07-28 15:00:00,5.655309785103226
2024-07-28 16:00:00,5.945145339449191
2024-07-28 17:00:00,6.097627490841051
2024-07-28 18:00:00,6.29629885880272
2024-07-28 19:00:00,5.62806271571847
2024-07-28 20:00:00,6.058652321111224
2024-07-28 21:00:00,5.853823922720438
2024-07-28 22:00:00,4.98472132733448
2024-07-28 23:00:00,5.0002267722284985
2024-07-29 00:00:00,4.941629742757527
2024-07-29 01:00:00,5.289795464501946
2024-07-29 02:00:00,5.168628026763571
2024-07-29 03:00:00,5.075544381218739
2024-07-29 04:00:00,4.401577483183451
2024-07-29 05:00:00,5.092942154198909
2024-07-29 06:00:00,5.391884890049875
2024-07-29 07:00:00,5.384128074891263
2024-07-29 08:00:00,39.636371820610265
2024-07-29 09:00:00,43.858460964526465
2024-07-29 10:00:00,45.65088318817882
2024-07-29 11:00:00,49.40844384155764
2024-07-29 12:00:00,51.51709564387026
2024-07-29 13:00:00,57.08382029211285
2024-07-29 14:00:00,67.19061835730993
2024-07-29 15:00:00,72.37929023526561
2024-07-29 16:00:00,75.05915991104294
2024-07-29 17:00:00,74.71970400051019
2024-07-29 18:00:00,73.4174915718855
2024-07-29 19:00:00,69.3559038938074
2024-07-29 20:00:00,5.831617636838464
2024-07-29 21:00:00,6.262194180371766
2024-07-29 22:00:00,5.91970764947323
2024-07-29 23:00:00,5.65659988567673
2024-07-30 00:00:00,5.52354551304954
2024-07-30 01:00:00,5.807622738022041
2024-07-30 02:00:00,5.018676900250017
2024-07-30 03:00:00,5.57430229761262
2024-07-30 04:00:00,5.483040004405844
2024-07-30 05:00:00,5.817174892009805
2024-07-30 06:00:00,5.907195902727814
2024-07-30 07:00:00,5.982365425660554
2024-07-30 08:00:00,36.396713544385776
2024-07-30 09:00:00,41.7704150343301
2024-07-30 10:00:00,48.0756636328549
2024-07-30 11:00:00,54.67372037464025
2024-07-30 12:00:00,61.09034964321363
2024-07-30 13:00:00,67.31738111955863
2024-07-30 14:00:00,71.88603141536231
2024-07-30 15:00:00,74.38611011199018
2024-07-30 16:00:00,75.23769871587352
2024-07-30 17:00:00,75.12389766367664
2024-07-30 18:00:00,73.94515097378569
2024-07-30 19:00:00,70.44374239365463
2024-07-30 20:00:00,6.518627775060049
2024-07-30 21:00:00,6.633611611482438
2024-07-30 22:00:00,6.244116944562985
2024-07-30 23:00:00,6.059670628427651
2024-07-31 00:00:00,5.513180280857316
2024-07-31 01:00:00,6.207439123187736
2024-07-31 02:00:00,6.189967566099527
2024-07-31 03:00:00,6.204289420871041
2024-07-31 04:00:00,6.174193137424059
2024-07-31 05:00:00,6.075470908906384
2024-07-31 06:00:00,6.3567687429694155
2024-07-31 07:00:00,6.501705011409717
2024-07-31 08:00:00,39.405412327115286
2024-07-31 09:00:00,46.82360450859541
2024-07-31 10:00:00,54.8125358778003
2024-07-31 11:00:00,59.6177075547549
2024-07-31 12:00:00,64.8114636569476
2024-07-31 13:00:00,68.70255293790514
2024-07-31 14:00:00,73.86568165052516
2024-07-31 15:00:00,75.75540682062835
2024-07-31 16:00:00,79.030373622244
2024-07-31 17:00:00,78.55562166969037
2024-07-31 18:00:00,79.22961276937278
2024-07-31 19:00:00,76.13589321858869
2024-07-31 20:00:00,6.6711174979144445
2024-07-31 21:00:00,6.505074223178896
2024-07-31 22:00:00,6.6239815069678345
2024-07-31 23:00:00,6.078251956266667
2024-08-01 00:00:00,6.183741525699134
2024-08-01 01:00:00,6.313782725098704
2024-08-01 02:00:00,6.579140608319772
2024-08-01 03:00:00,6.838231005726518
2024-08-01 04:00:00,7.152102759813571
2024-08-01 05:00:00,7.066116880531557
2024-08-01 06:00:00,6.817218647423379
2024-08-01 07:00:00,6.6633826776766085
2024-08-01 08:00:00,31.05790517036672
2024-08-01 09:00:00,41.220236435856464
2024-08-01 10:00:00,49.83568864189285
2024-08-01 11:00:00,57.119516090252
2024-08-01 12:00:00,63.88527504084811
2024-08-01 13:00:00,68.34591003675199
2024-08-01 14:00:00,76.40109979777915
2024-08-01 15:00:00,79.32410399629069
2024-08-01 16:00:00,81.44835074775727
2024-08-01 17:00:00,81.67029907273616
2024-08-01 18:00:00,78.56127350132682
2024-08-01 19:00:00,76.65947640964275
2024-08-01 20:00:00,6.543391527362985
2024-08-01 21:00:00,6.445426500509354
2024-08-01 22:00:00,6.1085308517178385
2024-08-01 23:00:00,5.7641100245150385
2024-08-02 00:00:00,5.783096239764639
2024-08-02 01:00:00,6.209879844340659
2024-08-02 02:00:00,5.8985884765988335
2024-08-02 03:00:00,6.2023115527804995
2024-08-02 04:00:00,5.97845497273517
2024-08-02 05:00:00,5.416981362856243
2024-08-02 06:00:00,5.424643039567954
2024-08-02 07:00:00,5.7342508439916955
2024-08-02 08:00:00,35.80784811327504
2024-08-02 09:00:00,40.98441146777354
2024-08-02 10:00:00,49.110274637288285
2024-08-02 11:00:00,56.24825298550196
2024-08-02 12:00:00,58.67873900009012
2024-08-02 13:00:00,63.62710555463168
2024-08-02 14:00:00,69.39767108693826
2024-08-02 15:00:00,71.6585034576361
2024-08-02 16:00:00,72.2127960929126
2024-08-02 17:00:00,73.08472505162399
2024-08-02 18:00:00,71.3106727513971
2024-08-02 19:00:00,67.52664715405191
2024-08-02 20:00:00,6.371458981700303
2024-08-02 21:00:00,6.458339342464125
2024-08-02 22:00:00,5.912712432786561
2024-08-02 23:00:00,5.315375814463481
2024-08-03 00:00:00,4.775920944442621
2024-08-03 01:00:00,4.602866558495279
2024-08-03 02:00:00,5.048979591569194
2024-08-03 03:00:00,4.981555420086715
2024-08-03 04:00:00,5.064648518817098
2024-08-03 05:00:00,4.967945797910742
2024-08-03 06:00:00,4.833604841646634
2024-08-03 07:00:00,4.884195706655312
2024-08-03 08:00:00,5.129747168241115
2024-08-03 09:00:00,5.702131231670254
2024-08-03 10:00:00,6.201396157552562
2024-08-03 11:00:00,6.1651762671728845
2024-08-03 12:00:00,6.0852458341132465
2024-08-03 13:00:00,5.805375223544591
2024-08-03 14:00:00,6.428729024036976
2024-08-03 15:00:00,6.3910403302867085
2024-08-03 16:00:00,7.014136864170159
2024-08-03 17:00:00,7.190277446386723
2024-08-03 18:00:00,6.776340120768538
2024-08-03 19:00:00,6.300443559574495
2024-08-03 20:00:00,5.972571665051762
2024-08-03 21:00:00,5.738610919842338
2024-08-03 22:00:00,5.518567772878365
2024-08-03 23:00:00,6.257501543236779
2024-08-04 00:00:00,5.832552515243678
2024-08-04 01:00:00,5.532280759265268
2024-08-04 02:00:00,5.865340569454425
2024-08-04 03:00:00,6.218539935728465
2024-08-04 04:00:00,6.0545459367106895
2024-08-04 05:00:00,5.700575945299525
2024-08-04 06:00:00,5.912301034439991
2024-08-04 07:00:00,5.768587607150268
2024-08-04 08:00:00,6.262828117182759
2024-08-04 09:00:00,6.62616379723321
2024-08-04 10:00:00,6.8228956888437216
2024-08-04 11:00:00,6.818242691832335
2024-08-04 12:00:00,7.013221302137132
2024-08-04 13:00:00,6.931332040548151
2024-08-04 14:00:00,6.59655829956342
2024-08-04 15:00:00,6.250703494243131
2024-08-04 16:00:00,6.824012706378603
2024-08-04 17:00:00,6.075400595851522
2024-08-04 18:00:00,5.902194257694236
2024-08-04 19:00:00,5.40563969610569
2024-08-04 20:00:00,4.933753238345338
2024-08-04 21:00:00,4.940150225179217
2024-08-04 22:00:00,4.718356622981784
2024-08-04 23:00:00,4.591246272373358
2024-08-05 00:00:00,4.799647485728812
2024-08-05 01:00:00,4.451713394751487
2024-08-05 02:00:00,4.897378677179013
2024-08-05 03:00:00,5.217904473937211
2024-08-05 04:00:00,5.167561774727506
2024-08-05 05:00:00,5.219385369876328
2024-08-05 06:00:00,5.472252874956661
2024-08-05 07:00:00,5.492920293551096
2024-08-05 08:00:00,38.800854179388914
2024-08-05 09:00:00,42.781887431851786
2024-08-05 10:00:00,50.72581027476098
2024-08-05 11:00:00,56.70254214335489
2024-08-05 12:00:00,65.66555016340266
2024-08-05 13:00:00,71.3289122949156
2024-08-05 14:00:00,78.68145169299865
2024-08-05 15:00:00,81.17597587858687
2024-08-05 16:00:00,84.55301353025635
2024-08-05 17:00:00,84.03362616679668
2024-08-05 18:00:00,82.05084947805553
2024-08-05 19:00:00,78.45495412090831
2024-08-05 20:00:00,6.59747014220943
2024-08-05 21:00:00,6.579956845728825
2024-08-05 22:00:00,6.660187317786927
2024-08-05 23:00:00,6.246780446353251
2024-08-06 00:00:00,6.02993230876903
2024-08-06 01:00:00,6.37490091700364
2024-08-06 02:00:00,6.112556521047097
2024-08-06 03:00:00,6.119252906585387
2024-08-06 04:00:00,5.982266444232114
2024-08-06 05:00:00,6.160444108827626
2024-08-06 06:00:00,6.034796906858608
2024-08-06 07:00:00,6.047081924810835
2024-08-06 08:00:00,36.39998246841772
2024-08-06 09:00:00,44.18042867090807
2024-08-06 10:00:00,51.79071663482845
2024-08-06 11:00:00,59.65574192064547
2024-08-06 12:00:00,64.16934906922761
2024-08-06 13:00:00,70.46525947949424
2024-08-06 14:00:00,79.97151854847247
2024-08-06 15:00:00,81.89805629607366
2024-08-06 16:00:00,81.26424190300614
2024-08-06 17:00:00,81.33549590362024
2024-08-06 18:00:00,80.00251110040014
2024-08-06 19:00:00,76.5003945522892
2024-08-06 20:00:00,7.615110678039115
2024-08-06 21:00:00,8.035840996543554
2024-08-06 22:00:00,7.855874756445407
2024-08-06 23:00:00,7.219206602585957
2024-08-07 00:00:00,7.186945206995427
2024-08-07 01:00:00,6.569465674591299
2024-08-07 02:00:00,6.39961248555327
2024-08-07 03:00:00,6.246687831262591
2024-08-07 04:00:00,6.422662598143833
2024-08-07 05:00:00,6.799511361244329
2024-08-07 06:00:00,6.853092602686176
2024-08-07 07:00:00,6.946098941653406
2024-08-07 08:00:00,34.58351558921729
2024-08-07 09:00:00,43.62431458192397
2024-08-07 10:00:00,50.34101504730547
2024-08-07 11:00:00,56.80181156355502
2024-08-07 12:00:00,60.808715125981706
2024-08-07 13:00:00,68.41429439115888
2024-08-07 14:00:00,77.57543782959222
2024-08-07 15:00:00,79.25531827615475
2024-08-07 16:00:00,79.43372979053244
2024-08-07 17:00:00,79.36037719735668
2024-08-07 18:00:00,75.14465069043872
2024-08-07 19:00:00,73.65366648005015
2024-08-07 20:00:00,5.952931706448814
2024-08-07 21:00:00,5.776601953429586
2024-08-07 22:00:00,5.810447909412847
2024-08-07 23:00:00,5.950678391100259
2024-08-08 00:00:00,5.64702884677766
2024-08-08 01:00:00,5.918752258699554
2024-08-08 02:00:00,5.551646254376012
2024-08-08 03:00:00,5.740104977580688
2024-08-08 04:00:00,5.6759236130353345
2024-08-08 05:00:00,5.76187329891119
2024-08-08 06:00:00,6.261946021506926
2024-08-08 07:00:00,5.926819135563066
2024-08-08 08:00:00,32.82284663329329
2024-08-08 09:00:00,39.82436462760501
2024-08-08 10:00:00,46.29040606314662
2024-08-08 11:00:00,52.93881060668073
2024-08-08 12:00:00,58.62568791066712
2024-08-08 13:00:00,64.80267468133378
2024-08-08 14:00:00,69.57459903551975
2024-08-08 15:00:00,74.1338816487172
2024-08-08 16:00:00,76.30115872524281
2024-08-08 17:00:00,76.2027856677415
2024-08-08 18:00:00,75.38785129437179
2024-08-08 19:00:00,72.57948675920798
2024-08-08 20:00:00,6.906414116180627
2024-08-08 21:00:00,6.502842382887739
2024-08-08 22:00:00,6.693064113354031
2024-08-08 23:00:00,6.778351543456693
2024-08-09 00:00:00,7.263530697144136
2024-08-09 01:00:00,7.672511393833738
2024-08-09 02:00:00,7.490788112541215
2024-08-09 03:00:00,6.759080077397454
2024-08-09 04:00:00,7.28714996316803
2024-08-09 05:00:00,7.465251203465191
2024-08-09 06:00:00,7.236567920006857
2024-08-09 07:00:00,6.649364588273085
2024-08-09 08:00:00,36.48310113427515
2024-08-09 09:00:00,42.94954545622369
2024-08-09 10:00:00,49.21185511474455
2024-08-09 11:00:00,56.12793134569471
2024-08-09 12:00:00,62.719210717954915
2024-08-09 13:00:00,69.20827573183871
2024-08-09 14:00:00,73.54166154622177
2024-08-09 15:00:00,76.94571645614121
2024-08-09 16:00:00,78.1176719744295
2024-08-09 17:00:00,77.25563342247015
2024-08-09 18:00:00,76.2963134541886
2024-08-09 19:00:00,73.15072644280701
2024-08-09 20:00:00,6.168811165004705
2024-08-09 21:00:00,6.462218030651647
2024-08-09 22:00:00,7.144937322777917
2024-08-09 23:00:00,6.6549969467613375
2024-08-10 00:00:00,6.261450243020964
2024-08-10 01:00:00,6.04802983570701
2024-08-10 02:00:00,6.16426508496704
2024-08-10 03:00:00,6.264703009114753
2024-08-10 04:00:00,6.168684249709791
2024-08-10 05:00:00,6.652564301235018
2024-08-10 06:00:00,6.832838224663693
2024-08-10 07:00:00,6.68963458526632
2024-08-10 08:00:00,6.650694136956346
2024-08-10 09:00:00,7.16642939993647
2024-08-10 10:00:00,7.194744453156946
2024-08-10 11:00:00,7.378526251430161
2024-08-10 12:00:00,7.464418078344824
2024-08-10 13:00:00,7.317268501709656
2024-08-10 14:00:00,7.206865841648745
2024-08-10 15:00:00,6.770015139847066
2024-08-10 16:00:00,6.6762399613122865
2024-08-10 17:00:00,6.247289462162441
2024-08-10 18:00:00,5.840913718573661
2024-08-10 19:00:00,6.181470572830929
2024-08-10 20:00:00,6.128101111330102
2024-08-10 21:00:00,6.297594241532179
2024-08-10 22:00:00,5.851389113135287
2024-08-10 23:00:00,5.786915699120188
2024-08-11 00:00:00,5.812351654668701
2024-08-11 01:00:00,5.7765401316653815
2024-08-11 02:00:00,5.543908012552147
2024-08-11 03:00:00,5.754818070324438
2024-08-11 04:00:00,5.490672203428679
2024-08-11 05:00:00,5.499934404005685
2024-08-11 06:00:00,5.059370853491149
2024-08-11 07:00:00,5.500748498330921
2024-08-11 08:00:00,5.548568361832086
2024-08-11 09:00:00,5.653760722850607
2024-08-11 10:00:00,6.336016630318245
2024-08-11 11:00:00,6.021174765974426
2024-08-11 12:00:00,5.993491552428736
2024-08-11 13:00:00,6.7932977320968275
2024-08-11 14:00:00,6.792756047275001
2024-08-11 15:00:00,6.6616728145786706
2024-08-11 16:00:00,6.894350329591687
2024-08-11 17:00:00,7.0369274939083954
2024-08-11 18:00:00,7.279405689489193
2024-08-11 19:00:00,7.468208981211998
2024-08-11 20:00:00,6.904912757358589
2024-08-11 21:00:00,6.558076836091943
2024-08-11 22:00:00,6.544789421448646
2024-08-11 23:00:00,6.491707938249343
2024-08-12 00:00:00,6.802282415555794
2024-08-12 01:00:00,6.776318065178833
2024-08-12 02:00:00,6.569409795397766
2024-08-12 03:00:00,6.753806737654
2024-08-12 04:00:00,6.966258062917262
2024-08-12 05:00:00,6.73859667595877
2024-08-12 06:00:00,6.776442853151081
2024-08-12 07:00:00,6.735823217223593
2024-08-12 08:00:00,35.04685757267995
2024-08-12 09:00:00,40.47062654920848
2024-08-12 10:00:00,47.27746865379759
2024-08-12 11:00:00,53.79084584508292
2024-08-12 12:00:00,59.333234021555874
2024-08-12 13:00:00,64.24562147339043
2024-08-12 14:00:00,67.72386537194446
2024-08-12 15:00:00,69.55360129987504
2024-08-12 16:00:00,69.56949345139861
2024-08-12 17:00:00,68.60763627325228
2024-08-12 18:00:00,66.49399926624585
2024-08-12 19:00:00,63.269849078316405
2024-08-12 20:00:00,6.1804535940988705
2024-08-12 21:00:00,6.384511829095789
2024-08-12 22:00:00,6.023273465028324
2024-08-12 23:00:00,6.2701109022891535
2024-08-13 00:00:00,5.9657272527230525
2024-08-13 01:00:00,6.4471743144132985
2024-08-13 02:00:00,5.966530474133097
2024-08-13 03:00:00,5.781087999117313
2024-08-13 04:00:00,5.879484539757673
2024-08-13 05:00:00,6.31273276362246
2024-08-13 06:00:00,5.960680895025594
2024-08-13 07:00:00,6.321997294170531
2024-08-13 08:00:00,30.65191855077653
2024-08-13 09:00:00,35.52261504315235
2024-08-13 10:00:00,40.93050271286969
2024-08-13 11:00:00,44.90780097108838
2024-08-13 12:00:00,47.69239479595872
2024-08-13 13:00:00,50.20216178232075
2024-08-13 14:00:00,50.77949784278944
2024-08-13 15:00:00,50.0359249492554
2024-08-13 16:00:00,48.072394583414365
2024-08-13 17:00:00,46.94781174985957
2024-08-13 18:00:00,45.114228750531936
2024-08-13 19:00:00,40.26571903435582
2024-08-13 20:00:00,6.47065389045184
2024-08-13 21:00:00,6.360445047924378
2024-08-13 22:00:00,6.173695245043351
2024-08-13 23:00:00,5.8357819100423685
2024-08-14 00:00:00,6.123913492717875
2024-08-14 01:00:00,5.92514395191005
2024-08-14 02:00:00,5.801387181581741
2024-08-14 03:00:00,5.672756137452727
2024-08-14 04:00:00,5.9413616742309525
2024-08-14 05:00:00,6.848762336123254
2024-08-14 06:00:00,6.181317134988522
2024-08-14 07:00:00,6.530678655593371
2024-08-14 08:00:00,27.726649883411014
2024-08-14 09:00:00,30.91824309625595
2024-08-14 10:00:00,31.922159372136527
2024-08-14 11:00:00,38.58689258569138
2024-08-14 12:00:00,42.81580635866306
2024-08-14 13:00:00,44.526845802516405
2024-08-14 14:00:00,52.792140096805106
2024-08-14 15:00:00,57.026707241881844
2024-08-14 16:00:00,58.211333832121355
2024-08-14 17:00:00,58.78536968863631
2024-08-14 18:00:00,57.19500330134045
2024-08-14 19:00:00,54.85154750731387
2024-08-14 20:00:00,6.711476314529186
2024-08-14 21:00:00,6.188031943309147
2024-08-14 22:00:00,5.706798567975346
2024-08-14 23:00:00,5.587761798017908
2024-08-15 00:00:00,6.132244054990065
2024-08-15 01:00:00,5.954838810389093
2024-08-15 02:00:00,5.831491441882918
2024-08-15 03:00:00,5.835539390844912
2024-08-15 04:00:00,6.125641476555973
2024-08-15 05:00:00,5.996374588893935
2024-08-15 06:00:00,5.9704254959419885
2024-08-15 07:00:00,6.121540162180851
2024-08-15 08:00:00,29.996551508640255
2024-08-15 09:00:00,28.77617819425768
2024-08-15 10:00:00,29.38407578495275
2024-08-15 11:00:00,29.86744639495582
2024-08-15 12:00:00,34.11148928251918
2024-08-15 13:00:00,40.05232052800077
2024-08-15 14:00:00,47.99531188736444
2024-08-15 15:00:00,54.53812350757467
2024-08-15 16:00:00,56.99404660812953
2024-08-15 17:00:00,57.954504666555664
2024-08-15 18:00:00,57.73983971260974
2024-08-15 19:00:00,54.58750413431285
2024-08-15 20:00:00,6.7665002298209815
2024-08-15 21:00:00,6.7971784432126325
2024-08-15 22:00:00,6.762084577963661
2024-08-15 23:00:00,6.258797677917526
2024-08-16 00:00:00,6.696618149455917
2024-08-16 01:00:00,6.2412906720652055
2024-08-16 02:00:00,6.57870364310256
2024-08-16 03:00:00,5.926560460063191
2024-08-16 04:00:00,5.849284771555224
2024-08-16 05:00:00,6.297364225080164
2024-08-16 06:00:00,6.36429913881706
2024-08-16 07:00:00,6.282378655880279
2024-08-16 08:00:00,31.687135652172742
2024-08-16 09:00:00,32.3983497371014
2024-08-16 10:00:00,37.759747801640344
2024-08-16 11:00:00,43.91228960241421
2024-08-16 12:00:00,49.32192980225126
2024-08-16 13:00:00,55.3669617352449
2024-08-16 14:00:00,63.366295444680304
2024-08-16 15:00:00,67.05378575779822
2024-08-16 16:00:00,68.78257605001559
2024-08-16 17:00:00,69.13788577803946
2024-08-16 18:00:00,69.26812326197576
2024-08-16 19:00:00,65.8757613232985
2024-08-16 20:00:00,5.956071457927584
2024-08-16 21:00:00,5.784123088096053
2024-08-16 22:00:00,5.682508367495574
2024-08-16 23:00:00,5.813519622390829
2024-08-17 00:00:00,5.498949020901491
2024-08-17 01:00:00,5.475345670597854
2024-08-17 02:00:00,5.442943633723835
2024-08-17 03:00:00,5.189205876955258
2024-08-17 04:00:00,5.226618314313969
2024-08-17 05:00:00,4.78884622661994
2024-08-17 06:00:00,5.031810094344875
2024-08-17 07:00:00,4.704609255529287
2024-08-17 08:00:00,4.782848058500224
2024-08-17 09:00:00,4.913544337167699
2024-08-17 10:00:00,5.038214139795806
2024-08-17 11:00:00,4.693135088026059
2024-08-17 12:00:00,5.181650392285077
2024-08-17 13:00:00,5.5615602325456575
2024-08-17 14:00:00,5.605859287862935
2024-08-17 15:00:00,5.526453576552279
2024-08-17 16:00:00,5.205490063685598
2024-08-17 17:00:00,4.913598321028736
2024-08-17 18:00:00,5.059720951353055
2024-08-17 19:00:00,5.031137396156932
2024-08-17 20:00:00,4.867143922899931
2024-08-17 21:00:00,5.635287677272668
2024-08-17 22:00:00,5.6149402228824
2024-08-17 23:00:00,4.917849710429197
2024-08-18 00:00:00,5.069999294905723
2024-08-18 01:00:00,5.330125647171303
2024-08-18 02:00:00,5.502150536059252
2024-08-18 03:00:00,5.649039859266912
2024-08-18 04:00:00,5.758647248713369
2024-08-18 05:00:00,5.231550830810243
2024-08-18 06:00:00,5.433953217235349
2024-08-18 07:00:00,5.452425369740251
2024-08-18 08:00:00,5.75430465106238
2024-08-18 09:00:00,5.786405977850005
2024-08-18 10:00:00,5.7161010280674995
2024-08-18 11:00:00,6.264254635557623
2024-08-18 12:00:00,6.07142952968943
2024-08-18 13:00:00,6.387203845854641
2024-08-18 14:00:00,6.062141950794501
2024-08-18 15:00:00,6.401258596807788
2024-08-18 16:00:00,5.707353125006408
2024-08-18 17:00:00,5.301674380542015
2024-08-18 18:00:00,5.482605159533241
2024-08-18 19:00:00,4.95326940301514
2024-08-18 20:00:00,5.177907706060173
2024-08-18 21:00:00,5.25941778797725
2024-08-18 22:00:00,5.1426819711442295
2024-08-18 23:00:00,4.805646307110067
2024-08-19 00:00:00,5.408411105364536
2024-08-19 01:00:00,5.827098401548549
2024-08-19 02:00:00,6.4852617261687895
2024-08-19 03:00:00,6.614523661345095
2024-08-19 04:00:00,6.573343975478536
2024-08-19 05:00:00,6.4340782892907855
2024-08-19 06:00:00,6.276065821841587
2024-08-19 07:00:00,6.509427833887503
2024-08-19 08:00:00,26.86303210824199
2024-08-19 09:00:00,26.890994640906587
2024-08-19 10:00:00,32.84659706896376
2024-08-19 11:00:00,41.313596316718495
2024-08-19 12:00:00,47.86724284808317
2024-08-19 13:00:00,53.697507235683844
2024-08-19 14:00:00,58.287583395419155
2024-08-19 15:00:00,61.57901118927605
2024-08-19 16:00:00,63.79878569668806
2024-08-19 17:00:00,65.26317094415322
2024-08-19 18:00:00,64.25442618287013
2024-08-19 19:00:00,61.40076149999543
2024-08-19 20:00:00,6.708528004312509
2024-08-19 21:00:00,6.555124609847144
2024-08-19 22:00:00,6.729561351699519
2024-08-19 23:00:00,6.3518655608596335
2024-08-20 00:00:00,6.365814831213352
2024-08-20 01:00:00,6.159018180194604
2024-08-20 02:00:00,6.254135574090543
2024-08-20 03:00:00,6.473343489347474
2024-08-20 04:00:00,5.980944129578815
2024-08-20 05:00:00,6.304349130099061
2024-08-20 06:00:00,6.627510656183153
2024-08-20 07:00:00,6.885057719608729
2024-08-20 08:00:00,30.308997575434287
2024-08-20 09:00:00,37.08278590058247
2024-08-20 10:00:00,44.6793136191055
2024-08-20 11:00:00,51.01953861985447
2024-08-20 12:00:00,59.274110849764924
2024-08-20 13:00:00,65.71390425026317
2024-08-20 14:00:00,73.18861948079714
2024-08-20 15:00:00,75.9888174970969
2024-08-20 16:00:00,77.01813305698049
2024-08-20 17:00:00,76.78688927396189
2024-08-20 18:00:00,75.41102790479297
2024-08-20 19:00:00,72.71637260354132
2024-08-20 20:00:00,6.6298557351992375
2024-08-20 21:00:00,6.087702264663422
2024-08-20 22:00:00,6.209066670082319
2024-08-20 23:00:00,6.43393912791219
2024-08-21 00:00:00,6.369893244001497
2024-08-21 01:00:00,5.894765361328499
2024-08-21 02:00:00,6.782406636016566
2024-08-21 03:00:00,6.162422212979294
2024-08-21 04:00:00,6.359193980341348
2024-08-21 05:00:00,6.07094720403812
2024-08-21 06:00:00,6.272629776784762
2024-08-21 07:00:00,6.421119727188147
2024-08-21 08:00:00,26.590589432024046
2024-08-21 09:00:00,28.349147985838883
2024-08-21 10:00:00,36.22525544379087
2024-08-21 11:00:00,43.09991347706772
2024-08-21 12:00:00,49.48837947478842
2024-08-21 13:00:00,55.55755484892392
2024-08-21 14:00:00,60.49677815178481
2024-08-21 15:00:00,64.53781271396232
2024-08-21 16:00:00,66.83647629324562
2024-08-21 17:00:00,67.96474075221158
2024-08-21 18:00:00,67.28381540447411
2024-08-21 19:00:00,64.20650288542402
2024-08-21 20:00:00,6.4074440449827454
2024-08-21 21:00:00,6.81153923350162
2024-08-21 22:00:00,6.693133395782729
2024-08-21 23:00:00,6.62035507944286
2024-08-22 00:00:00,6.675752670602239
2024-08-22 01:00:00,6.340738048172646
2024-08-22 02:00:00,6.128324678239728
2024-08-22 03:00:00,6.4699463871623415
2024-08-22 04:00:00,7.0184408893549755
2024-08-22 05:00:00,7.034422206459371
2024-08-22 06:00:00,7.282757595640049
2024-08-22 07:00:00,6.8888220640656135
2024-08-22 08:00:00,35.72704514075877
2024-08-22 09:00:00,38.567429095713116
2024-08-22 10:00:00,46.0866892141485
2024-08-22 11:00:00,47.585777342653095
2024-08-22 12:00:00,53.69360824963016
2024-08-22 13:00:00,63.052338870680494
2024-08-22 14:00:00,69.81296899967022
2024-08-22 15:00:00,73.54659689293103
2024-08-22 16:00:00,74.53948424447026
2024-08-22 17:00:00,74.07926012378464
2024-08-22 18:00:00,71.85866329363705
2024-08-22 19:00:00,67.36102987036836
2024-08-22 20:00:00,5.913284691806973
2024-08-22 21:00:00,6.105854683538458
2024-08-22 22:00:00,6.054450685384725
2024-08-22 23:00:00,6.101431595286418
2024-08-23 00:00:00,5.840193408238327
2024-08-23 01:00:00,5.128604845320961
2024-08-23 02:00:00,5.4520644362455855
2024-08-23 03:00:00,6.037274472088189
2024-08-23 04:00:00,6.323577537919551
2024-08-23 05:00:00,6.027131814879318
2024-08-23 06:00:00,5.822913849788639
2024-08-23 07:00:00,5.616785373317878
2024-08-23 08:00:00,28.423714664222818
2024-08-23 09:00:00,34.60951125860106
2024-08-23 10:00:00,42.81430728811117
2024-08-23 11:00:00,50.80915910477348
2024-08-23 12:00:00,59.75551510722429
2024-08-23 13:00:00,65.05124210522727
2024-08-23 14:00:00,72.55131711195592
2024-08-23 15:00:00,74.9410328214753
2024-08-23 16:00:00,76.1110068523146
2024-08-23 17:00:00,75.72651090627465
2024-08-23 18:00:00,73.59875095364036
2024-08-23 19:00:00,65.08513959466283
2024-08-23 20:00:00,5.904860927828965
2024-08-23 21:00:00,5.7323247475493195
2024-08-23 22:00:00,5.602289237582891
2024-08-23 23:00:00,6.047486243780792
2024-08-24 00:00:00,5.697150802936048
2024-08-24 01:00:00,5.410504119555556
2024-08-24 02:00:00,5.522898991348213
2024-08-24 03:00:00,5.372598908419124
2024-08-24 04:00:00,5.37242450480441
2024-08-24 05:00:00,5.46554701364923
2024-08-24 06:00:00,5.503939811799641
2024-08-24 07:00:00,5.998707653054942
2024-08-24 08:00:00,5.830339013613062
2024-08-24 09:00:00,5.720553675255992
2024-08-24 10:00:00,5.699814890231013
2024-08-24 11:00:00,5.899173755661253
2024-08-24 12:00:00,5.44836263694137
2024-08-24 13:00:00,5.803562649344792
2024-08-24 14:00:00,5.647142905128904
2024-08-24 15:00:00,6.2333869460025
2024-08-24 16:00:00,5.813652390938568
2024-08-24 17:00:00,6.4172734719097555
2024-08-24 18:00:00,6.159058083910777
2024-08-24 19:00:00,6.141331761708262
2024-08-24 20:00:00,5.5693433654466435
2024-08-24 21:00:00,5.334070563857758
2024-08-24 22:00:00,5.488467983821064
2024-08-24 23:00:00,5.90765598499495
2024-08-25 00:00:00,5.741475426454403
2024-08-25 01:00:00,5.5387177120024305
2024-08-25 02:00:00,6.111549785327683
2024-08-25 03:00:00,5.947321793668921
2024-08-25 04:00:00,5.834135691114494
2024-08-25 05:00:00,6.108089007526766
2024-08-25 06:00:00,6.3270209224768
2024-08-25 07:00:00,7.103151116281172
2024-08-25 08:00:00,7.186493749813084
2024-08-25 09:00:00,6.791486865007314
2024-08-25 10:00:00,6.624684723704235
2024-08-25 11:00:00,6.158097312808162
2024-08-25 12:00:00,6.401003512388417
2024-08-25 13:00:00,6.460221844576701
2024-08-25 14:00:00,6.854294544700685
2024-08-25 15:00:00,6.761789514041561
2024-08-25 16:00:00,6.27012184275683
2024-08-25 17:00:00,6.569067776163623
2024-08-25 18:00:00,6.270346140033841
2024-08-25 19:00:00,6.710853800746412
2024-08-25 20:00:00,6.402073335512622
2024-08-25 21:00:00,5.695029425428104
2024-08-25 22:00:00,6.34419669617237
2024-08-25 23:00:00,5.344886234191549
2024-08-26 00:00:00,5.708776877120408
2024-08-26 01:00:00,6.258978991965837
2024-08-26 02:00:00,5.738598308132187
2024-08-26 03:00:00,6.292166717817741
2024-08-26 04:00:00,5.837702921486396
2024-08-26 05:00:00,5.7423316274231
2024-08-26 06:00:00,6.33252279107034
2024-08-26 07:00:00,6.2520025457096855
2024-08-26 08:00:00,32.87693559875852
2024-08-26 09:00:00,32.77820602519838
2024-08-26 10:00:00,38.77266346569349
2024-08-26 11:00:00,45.09330926652945
2024-08-26 12:00:00,49.77168635757501
2024-08-26 13:00:00,54.42590426046401
2024-08-26 14:00:00,60.96955077935517
2024-08-26 15:00:00,63.916028149301944
2024-08-26 16:00:00,65.96066860874366
2024-08-26 17:00:00,65.85399836547386
2024-08-26 18:00:00,62.79894155270304
2024-08-26 19:00:00,62.79109591662812
2024-08-26 20:00:00,6.539434409889171
2024-08-26 21:00:00,6.188738319852872
2024-08-26 22:00:00,5.965718165799299
2024-08-26 23:00:00,5.579333317833159
2024-08-27 00:00:00,6.027137283004838
2024-08-27 01:00:00,5.710021540448316
2024-08-27 02:00:00,5.395876103135701
2024-08-27 03:00:00,5.7886246291485035
2024-08-27 04:00:00,6.014235601698314
2024-08-27 05:00:00,6.310752672416268
2024-08-27 06:00:00,6.755237448209549
2024-08-27 07:00:00,6.871839759745129
2024-08-27 08:00:00,27.118529749147353
2024-08-27 09:00:00,30.989111491619653
2024-08-27 10:00:00,36.6535357009152
2024-08-27 11:00:00,43.49382468734996
2024-08-27 12:00:00,50.72884719689824
2024-08-27 13:00:00,56.88278499060515
2024-08-27 14:00:00,61.2481334389426
2024-08-27 15:00:00,64.11963942758675
2024-08-27 16:00:00,65.6053692619362
2024-08-27 17:00:00,65.59434204824996
2024-08-27 18:00:00,64.10695569651935
2024-08-27 19:00:00,59.9819017250998
2024-08-27 20:00:00,6.475969356567554
2024-08-27 21:00:00,6.1402990955783086
2024-08-27 22:00:00,6.308718146678069
2024-08-27 23:00:00,5.261420011674244
2024-08-28 00:00:00,5.987148420479717
2024-08-28 01:00:00,5.819155546149902
2024-08-28 02:00:00,5.9854270975000015
2024-08-28 03:00:00,6.4061798483098
2024-08-28 04:00:00,6.315038104523223
2024-08-28 05:00:00,6.657578779353586
2024-08-28 06:00:00,6.243947059826414
2024-08-28 07:00:00,6.851997767645553
2024-08-28 08:00:00,34.475581037849494
2024-08-28 09:00:00,38.599383069037685
2024-08-28 10:00:00,46.838646824258014
2024-08-28 11:00:00,51.841235295927746
2024-08-28 12:00:00,57.47826956319916
2024-08-28 13:00:00,63.998409237499935
2024-08-28 14:00:00,71.78875538650668
2024-08-28 15:00:00,74.71812642935693
2024-08-28 16:00:00,76.77613435511425
2024-08-28 17:00:00,77.6664676282644
2024-08-28 18:00:00,76.66725958835886
2024-08-28 19:00:00,72.22635254969876
2024-08-28 20:00:00,7.305803784033011
2024-08-28 21:00:00,6.913893392888291
2024-08-28 22:00:00,6.394750917443282
2024-08-28 23:00:00,6.165589041140764
2024-08-29 00:00:00,5.8703950358479355
2024-08-29 01:00:00,6.544348518548752
2024-08-29 02:00:00,6.700864100483902
2024-08-29 03:00:00,6.287756933190531
2024-08-29 04:00:00,6.128419814566696
2024-08-29 05:00:00,6.281447724450251
2024-08-29 06:00:00,6.958412811989978
2024-08-29 07:00:00,7.110857138593516
2024-08-29 08:00:00,29.4353454003606
2024-08-29 09:00:00,30.24431952166526
2024-08-29 10:00:00,32.894819935762094
2024-08-29 11:00:00,32.22726297383509
2024-08-29 12:00:00,35.944035084472695
2024-08-29 13:00:00,41.00257614020152
2024-08-29 14:00:00,47.513447909918376
2024-08-29 15:00:00,48.21634003486257
2024-08-29 16:00:00,46.957690442548945
2024-08-29 17:00:00,43.94363385830921
2024-08-29 18:00:00,43.52394555762035
2024-08-29 19:00:00,38.81941770570901
2024-08-29 20:00:00,6.730764820508766
2024-08-29 21:00:00,6.794232315948491
2024-08-29 22:00:00,6.4585411832162665
2024-08-29 23:00:00,6.173939187497687
2024-08-30 00:00:00,5.868974860195256
2024-08-30 01:00:00,5.374437071848489
2024-08-30 02:00:00,6.114593165220213
2024-08-30 03:00:00,6.085184506630822
2024-08-30 04:00:00,6.612317238429258
2024-08-30 05:00:00,6.379825530202244
2024-08-30 06:00:00,6.903657390720362
2024-08-30 07:00:00,6.643445253761017
2024-08-30 08:00:00,30.70200877852497
2024-08-30 09:00:00,28.989772676235244
2024-08-30 10:00:00,30.211112556194298
2024-08-30 11:00:00,30.571697431413707
2024-08-30 12:00:00,32.638780015801615
2024-08-30 13:00:00,33.385467764455626
2024-08-30 14:00:00,41.222473173254855
2024-08-30 15:00:00,46.3161932434339
2024-08-30 16:00:00,41.92991514134463
2024-08-30 17:00:00,39.50104790221953
2024-08-30 18:00:00,38.87301036754691
2024-08-30 19:00:00,35.251365962083646
2024-08-30 20:00:00,6.665364872825013
2024-08-30 21:00:00,6.406374546548419
2024-08-30 22:00:00,6.239277547583441
2024-08-30 23:00:00,6.057581535216376
2024-08-31 00:00:00,5.391876862358398
2024-08-31 01:00:00,5.564049563836137
2024-08-31 02:00:00,5.154344871182983
2024-08-31 03:00:00,4.826405173692559
2024-08-31 04:00:00,5.100676934476992
2024-08-31 05:00:00,5.055848623065755
2024-08-31 06:00:00,5.093652466033321
2024-08-31 07:00:00,5.120651758501485
2024-08-31 08:00:00,5.06636887058027
2024-08-31 09:00:00,5.31594867668407
2024-08-31 10:00:00,5.254187773953819
2024-08-31 11:00:00,5.943735811964198
2024-08-31 12:00:00,5.817327465157217
2024-08-31 13:00:00,6.102730989341752
2024-08-31 14:00:00,6.852221668457047
2024-08-31 15:00:00,6.979335655287994
2024-08-31 16:00:00,6.9997182115427306
2024-08-31 17:00:00,6.8702473334810605
2024-08-31 18:00:00,6.9984010595041966
2024-08-31 19:00:00,7.048193069679982
2024-08-31 20:00:00,6.816986049964236
2024-08-31 21:00:00,6.511228669798087
2024-08-31 22:00:00,6.121561580327431
2024-08-31 23:00:00,6.052922297265762
2024-09-01 00:00:00,6.212481559161839
2024-09-01 01:00:00,5.912694479889618
2024-09-01 02:00:00,5.914628864330695
2024-09-01 03:00:00,6.647202361628732
2024-09-01 04:00:00,6.481584792622721
2024-09-01 05:00:00,6.941882757644553
2024-09-01 06:00:00,6.548869191833676
2024-09-01 07:00:00,6.65117880701234
2024-09-01 08:00:00,6.690132962813834
2024-09-01 09:00:00,6.2358691252171
2024-09-01 10:00:00,6.281223751233568
2024-09-01 11:00:00,6.4854877851459385
2024-09-01 12:00:00,6.7179826338134365
2024-09-01 13:00:00,7.123307771836268
2024-09-01 14:00:00,7.17157771758748
2024-09-01 15:00:00,7.691801295389432
2024-09-01 16:00:00,7.848356862617282
2024-09-01 17:00:00,7.342325476953251
2024-09-01 18:00:00,6.539864666824077
2024-09-01 19:00:00,7.173266007665625
2024-09-01 20:00:00,6.706284816992633
2024-09-01 21:00:00,6.280065226723658
2024-09-01 22:00:00,6.407645304864386
2024-09-01 23:00:00,6.460578955220033
2024-09-02 00:00:00,7.514224359344734
2024-09-02 01:00:00,6.983793194935615
2024-09-02 02:00:00,6.59274147508848
2024-09-02 03:00:00,6.815890807002827
2024-09-02 04:00:00,7.107935258232651
2024-09-02 05:00:00,7.315091352899044
2024-09-02 06:00:00,7.213819596578879
2024-09-02 07:00:00,7.675686766061991
2024-09-02 08:00:00,27.86678873965641
2024-09-02 09:00:00,28.11752439000231
2024-09-02 10:00:00,29.61172863541279
2024-09-02 11:00:00,34.72619868847761
2024-09-02 12:00:00,41.24622524520964
2024-09-02 13:00:00,46.35096146713848
2024-09-02 14:00:00,50.67779499394003
2024-09-02 15:00:00,53.50781170798855
2024-09-02 16:00:00,55.024925115148285
2024-09-02 17:00:00,55.63013550880895
2024-09-02 18:00:00,53.63519457576543
2024-09-02 19:00:00,50.20209672597674
2024-09-02 20:00:00,8.038397133494934
2024-09-02 21:00:00,7.705167902890086
2024-09-02 22:00:00,7.312795167499672
2024-09-02 23:00:00,7.184888310977165
2024-09-03 00:00:00,7.646596492321446
2024-09-03 01:00:00,7.442332644743859
2024-09-03 02:00:00,6.924702225891839
2024-09-03 03:00:00,6.7632608510668
2024-09-03 04:00:00,7.061423414847299
2024-09-03 05:00:00,7.534885737298133
2024-09-03 06:00:00,7.895293239635155
2024-09-03 07:00:00,7.513149213082933
2024-09-03 08:00:00,27.942281941580006
2024-09-03 09:00:00,27.69035800427877
2024-09-03 10:00:00,28.455860752526412
2024-09-03 11:00:00,33.9817693777714
2024-09-03 12:00:00,39.02320560080979
2024-09-03 13:00:00,43.70790967419745
2024-09-03 14:00:00,46.90665087769568
2024-09-03 15:00:00,48.46461413016978
2024-09-03 16:00:00,49.022273101766494
2024-09-03 17:00:00,48.63111010466575
2024-09-03 18:00:00,47.8166181565683
2024-09-03 19:00:00,44.08982789016302
2024-09-03 20:00:00,6.98000707709904
2024-09-03 21:00:00,6.654809373350491
2024-09-03 22:00:00,6.563845075440191
2024-09-03 23:00:00,6.5639096761907165
2024-09-04 00:00:00,6.679297624445689
2024-09-04 01:00:00,6.3569231517486555
2024-09-04 02:00:00,6.879852182677588
2024-09-04 03:00:00,6.452689558407038
2024-09-04 04:00:00,6.220662266134474
2024-09-04 05:00:00,6.041955231432896
2024-09-04 06:00:00,6.222695000486146
2024-09-04 07:00:00,5.9713508470849135
2024-09-04 08:00:00,25.78825960069658
2024-09-04 09:00:00,26.24559294346024
2024-09-04 10:00:00,26.4422398092942
2024-09-04 11:00:00,26.60706826786586
2024-09-04 12:00:00,26.154418141869375
2024-09-04 13:00:00,28.881489905844404
2024-09-04 14:00:00,32.490744343265206
2024-09-04 15:00:00,34.471789085045685
2024-09-04 16:00:00,35.70375403018626
2024-09-04 17:00:00,35.16115862816511
2024-09-04 18:00:00,32.79705505869718
2024-09-04 19:00:00,28.893002121228356
2024-09-04 20:00:00,6.122362046846521
2024-09-04 21:00:00,6.771850406944013
2024-09-04 22:00:00,6.088225642424982
2024-09-04 23:00:00,5.844150355925589
2024-09-05 00:00:00,5.792348140850946
2024-09-05 01:00:00,5.576927215257905
2024-09-05 02:00:00,5.532250340551374
2024-09-05 03:00:00,5.331924603850808
2024-09-05 04:00:00,5.552575869827818
2024-09-05 05:00:00,5.654827638076778
2024-09-05 06:00:00,5.6293047146295665
2024-09-05 07:00:00,5.863906904010789
2024-09-05 08:00:00,29.139844761850384
2024-09-05 09:00:00,28.13926185068479
2024-09-05 10:00:00,29.158913266588655
2024-09-05 11:00:00,27.348292721752053
2024-09-05 12:00:00,28.693209293431654
2024-09-05 13:00:00,29.304782520979554
2024-09-05 14:00:00,34.43163902638841
2024-09-05 15:00:00,36.555953553356915
2024-09-05 16:00:00,40.95546479121206
2024-09-05 17:00:00,42.54011465043247
2024-09-05 18:00:00,42.871217411949
2024-09-05 19:00:00,41.13811670850911
2024-09-05 20:00:00,6.870601863596809
2024-09-05 21:00:00,6.784506678761239
2024-09-05 22:00:00,7.1242692084017785
2024-09-05 23:00:00,6.8371297341349955
2024-09-06 00:00:00,6.73792444926065
2024-09-06 01:00:00,6.109194569809627
2024-09-06 02:00:00,6.082175588691585
2024-09-06 03:00:00,5.902165307937252
2024-09-06 04:00:00,5.721171035297483
2024-09-06 05:00:00,6.0170784143373846
2024-09-06 06:00:00,6.314648173292802
2024-09-06 07:00:00,6.369968377326271
2024-09-06 08:00:00,25.80657461170987
2024-09-06 09:00:00,26.290008840684035
2024-09-06 10:00:00,26.30318238141951
2024-09-06 11:00:00,26.216577135455136
2024-09-06 12:00:00,26.35957401799332
2024-09-06 13:00:00,26.229469218831568
2024-09-06 14:00:00,28.528322619832913
2024-09-06 15:00:00,31.223873294497064
2024-09-06 16:00:00,31.73111011124042
2024-09-06 17:00:00,31.14536765122927
2024-09-06 18:00:00,28.93022908064456
2024-09-06 19:00:00,25.44195398937935
2024-09-06 20:00:00,5.326838957695083
2024-09-06 21:00:00,5.817593601331209
2024-09-06 22:00:00,5.844240684190639
2024-09-06 23:00:00,5.429612905728166
2024-09-07 00:00:00,5.239290753146664
2024-09-07 01:00:00,5.230575332018479
2024-09-07 02:00:00,5.662014505816041
2024-09-07 03:00:00,5.397964091955536
2024-09-07 04:00:00,5.045754789203426
2024-09-07 05:00:00,5.319450853808899
2024-09-07 06:00:00,4.931533720808658
2024-09-07 07:00:00,4.851809462200891
2024-09-07 08:00:00,5.124865028408569
2024-09-07 09:00:00,5.232311238832821
2024-09-07 10:00:00,4.983217663618133
2024-09-07 11:00:00,5.278194990751685
2024-09-07 12:00:00,5.353746697897438
2024-09-07 13:00:00,5.823893204828578
2024-09-07 14:00:00,5.550870611980935
2024-09-07 15:00:00,5.301839445914833
2024-09-07 16:00:00,5.8253162099780385
2024-09-07 17:00:00,5.151359775575831
2024-09-07 18:00:00,5.754622108198826
2024-09-07 19:00:00,5.6151068376035385
2024-09-07 20:00:00,5.401147783380805
2024-09-07 21:00:00,4.965013006300845
2024-09-07 22:00:00,4.745021124386387
2024-09-07 23:00:00,5.184303316691602
2024-09-08 00:00:00,4.756727667476192
2024-09-08 01:00:00,4.935096003034816
2024-09-08 02:00:00,5.041506576696535
2024-09-08 03:00:00,4.775929171713546
2024-09-08 04:00:00,4.96219500175255
2024-09-08 05:00:00,4.883008365571655
2024-09-08 06:00:00,5.1000059388562295
2024-09-08 07:00:00,5.488055710119607
2024-09-08 08:00:00,6.116050748430801
2024-09-08 09:00:00,6.428891110688497
2024-09-08 10:00:00,6.408385655585695
2024-09-08 11:00:00,6.063030729483706
2024-09-08 12:00:00,5.915749214448725
2024-09-08 13:00:00,6.12812776033067
2024-09-08 14:00:00,6.086835877370979
2024-09-08 15:00:00,6.545309156404118
2024-09-08 16:00:00,6.7060656094992765
2024-09-08 17:00:00,6.589952759567402
2024-09-08 18:00:00,6.118267937001193
2024-09-08 19:00:00,5.6873059535656525
2024-09-08 20:00:00,5.879641520786049
2024-09-08 21:00:00,5.572721303695257
2024-09-08 22:00:00,6.053292520592182
2024-09-08 23:00:00,5.633600237962922
2024-09-09 00:00:00,6.667465412505071
2024-09-09 01:00:00,6.0158240753684815
2024-09-09 02:00:00,6.215760962042699
2024-09-09 03:00:00,6.101634792123816
2024-09-09 04:00:00,5.5839466299508915
2024-09-09 05:00:00,6.188136538656367
2024-09-09 06:00:00,6.154924383032882
2024-09-09 07:00:00,6.404934840250738
2024-09-09 08:00:00,31.69113392918598
2024-09-09 09:00:00,29.92625239967
2024-09-09 10:00:00,31.339334927822172
2024-09-09 11:00:00,31.704386040395313
2024-09-09 12:00:00,33.63479456065127
2024-09-09 13:00:00,36.49376827422386
2024-09-09 14:00:00,44.76578511817697
2024-09-09 15:00:00,47.94710029979319
2024-09-09 16:00:00,51.00828229221354
2024-09-09 17:00:00,50.87490850336468
2024-09-09 18:00:00,50.672599138617514
2024-09-09 19:00:00,46.382152560346555
2024-09-09 20:00:00,6.734297869000687
2024-09-09 21:00:00,6.431475207993815
2024-09-09 22:00:00,5.95397864000518
2024-09-09 23:00:00,5.598713968816749
2024-09-10 00:00:00,5.71844087302427
2024-09-10 01:00:00,5.9675511507974415
2024-09-10 02:00:00,5.89137662924643
2024-09-10 03:00:00,5.200424250794009
2024-09-10 04:00:00,5.828727761496094
2024-09-10 05:00:00,5.700195384173253
2024-09-10 06:00:00,6.357001375587725
2024-09-10 07:00:00,6.062899154945877
2024-09-10 08:00:00,30.515466306431914
2024-09-10 09:00:00,29.107413654946093
2024-09-10 10:00:00,29.995478501121262
2024-09-10 11:00:00,30.619747424972058
2024-09-10 12:00:00,37.729345248629194
2024-09-10 13:00:00,42.73830476869352
2024-09-10 14:00:00,50.2044727318855
2024-09-10 15:00:00,54.05846809814534
2024-09-10 16:00:00,55.1409566934159
2024-09-10 17:00:00,55.36702595555578
2024-09-10 18:00:00,53.95695280969305
2024-09-10 19:00:00,48.06425834759563
2024-09-10 20:00:00,5.695164803472723
2024-09-10 21:00:00,5.562064697239789
2024-09-10 22:00:00,5.830039634951628
2024-09-10 23:00:00,5.800015342214732
2024-09-11 00:00:00,6.13374573429753
2024-09-11 01:00:00,5.825579371649287
2024-09-11 02:00:00,6.254473922216335
2024-09-11 03:00:00,6.2481379241851345
2024-09-11 04:00:00,5.793736337326057
2024-09-11 05:00:00,6.110690720245023
2024-09-11 06:00:00,5.821492983355284
2024-09-11 07:00:00,6.509290405689247
2024-09-11 08:00:00,31.50065315511269
2024-09-11 09:00:00,32.42069128987595
2024-09-11 10:00:00,31.35298476169455
2024-09-11 11:00:00,32.067166376313125
2024-09-11 12:00:00,36.32223244604418
2024-09-11 13:00:00,41.2003709652604
2024-09-11 14:00:00,48.80981950603271
2024-09-11 15:00:00,53.15537799992568
2024-09-11 16:00:00,54.77584133739655
2024-09-11 17:00:00,53.28221729530892
2024-09-11 18:00:00,48.76267819330612
2024-09-11 19:00:00,42.68764708310803
2024-09-11 20:00:00,6.803877377672177
2024-09-11 21:00:00,6.079457473179693
2024-09-11 22:00:00,6.2062919822338705
2024-09-11 23:00:00,5.849565887563304
2024-09-12 00:00:00,6.1852080689699545
2024-09-12 01:00:00,6.437942674913452
2024-09-12 02:00:00,6.943383582072545
2024-09-12 03:00:00,6.352296696077001
2024-09-12 04:00:00,6.364436667764586
2024-09-12 05:00:00,6.275686167182524
2024-09-12 06:00:00,6.441980821295715
2024-09-12 07:00:00,6.4891109487223835
2024-09-12 08:00:00,35.151410547176184
2024-09-12 09:00:00,35.149186955226654
2024-09-12 10:00:00,33.059197293216855
2024-09-12 11:00:00,32.40253443012248
2024-09-12 12:00:00,36.354333054848304
2024-09-12 13:00:00,38.687900319574304
2024-09-12 14:00:00,45.864110774144905
2024-09-12 15:00:00,49.147944481413994
2024-09-12 16:00:00,49.464808079321
2024-09-12 17:00:00,47.13725799320967
2024-09-12 18:00:00,44.160089926944686
2024-09-12 19:00:00,40.47481550988882
2024-09-12 20:00:00,7.028998945157441
2024-09-12 21:00:00,6.920961972385179
2024-09-12 22:00:00,6.782018940049067
2024-09-12 23:00:00,6.817203573884664
2024-09-13 00:00:00,7.039660369766972
2024-09-13 01:00:00,6.6465599169249145
2024-09-13 02:00:00,6.775121859713266
2024-09-13 03:00:00,6.545594829346099
2024-09-13 04:00:00,5.6748710760635355
2024-09-13 05:00:00,6.183874032415758
2024-09-13 06:00:00,6.009127842875664
2024-09-13 07:00:00,5.9962482873779654
2024-09-13 08:00:00,31.832332882028233
2024-09-13 09:00:00,32.31560940710438
2024-09-13 10:00:00,34.23015216974607
2024-09-13 11:00:00,33.581354666812466
2024-09-13 12:00:00,32.33293393580112
2024-09-13 13:00:00,32.968497802575854
2024-09-13 14:00:00,34.391292261696634
2024-09-13 15:00:00,34.78321232595236
2024-09-13 16:00:00,34.62897871431794
2024-09-13 17:00:00,34.38311916686081
2024-09-13 18:00:00,34.3734735461326
2024-09-13 19:00:00,34.13942645541749
2024-09-13 20:00:00,6.534309705744782
2024-09-13 21:00:00,6.539354541978958
2024-09-13 22:00:00,6.770042120238984
2024-09-13 23:00:00,5.722013748180334
2024-09-14 00:00:00,5.261210456103413
2024-09-14 01:00:00,5.737813107941605
2024-09-14 02:00:00,6.228208170315079
2024-09-14 03:00:00,5.574903263120141
2024-09-14 04:00:00,5.708811825359787
2024-09-14 05:00:00,5.141777625172294
2024-09-14 06:00:00,5.848098676468365
2024-09-14 07:00:00,5.911111600933709
2024-09-14 08:00:00,5.705064779760586
2024-09-14 09:00:00,5.992014972777532
2024-09-14 10:00:00,5.706850391264015
2024-09-14 11:00:00,5.195886170947414
2024-09-14 12:00:00,5.463284646715232
2024-09-14 13:00:00,5.613347888919484
2024-09-14 14:00:00,5.167218375273529
2024-09-14 15:00:00,5.250485941141801
2024-09-14 16:00:00,5.605317258423953
2024-09-14 17:00:00,5.242906019030728
2024-09-14 18:00:00,5.332202642860361
2024-09-14 19:00:00,5.112267103322026
2024-09-14 20:00:00,5.655093591610975
2024-09-14 21:00:00,5.678289075694952
2024-09-14 22:00:00,5.27926071992492
2024-09-14 23:00:00,5.582323104362983
2024-09-15 00:00:00,5.2825231394225245
2024-09-15 01:00:00,5.057574892794139
2024-09-15 02:00:00,5.132454142165984
2024-09-15 03:00:00,4.873835708868015
2024-09-15 04:00:00,5.528496369829022
2024-09-15 05:00:00,5.668042954622648
2024-09-15 06:00:00,5.517593234814143
2024-09-15 07:00:00,5.827688968595622
2024-09-15 08:00:00,6.099452539061317
2024-09-15 09:00:00,5.926977184624524
2024-09-15 10:00:00,6.356688522821361
2024-09-15 11:00:00,6.456393605761278
2024-09-15 12:00:00,6.124335672293213
2024-09-15 13:00:00,5.845391489414497
2024-09-15 14:00:00,6.427921475085807
2024-09-15 15:00:00,6.055109189258895
2024-09-15 16:00:00,6.3945309784762525
2024-09-15 17:00:00,6.197598386672599
2024-09-15 18:00:00,5.767203771809829
2024-09-15 19:00:00,6.146094142496394
2024-09-15 20:00:00,6.219250039143803
2024-09-15 21:00:00,5.954269616679187
2024-09-15 22:00:00,6.048134511843653
2024-09-15 23:00:00,5.894080721728948
2024-09-16 00:00:00,6.528083284753612
2024-09-16 01:00:00,6.294121217497715
2024-09-16 02:00:00,6.461162216373015
2024-09-16 03:00:00,6.220100692944674
2024-09-16 04:00:00,6.613211846967566
2024-09-16 05:00:00,6.527761069045737
2024-09-16 06:00:00,6.598339441995748
2024-09-16 07:00:00,6.860938669986457
2024-09-16 08:00:00,27.844148490868342
2024-09-16 09:00:00,28.52034410173275
2024-09-16 10:00:00,27.340474094400616
2024-09-16 11:00:00,29.738200156277742
2024-09-16 12:00:00,34.29181153136291
2024-09-16 13:00:00,40.638654694933415
2024-09-16 14:00:00,49.31824281355553
2024-09-16 15:00:00,52.21447916637895
2024-09-16 16:00:00,53.89184024344715
2024-09-16 17:00:00,53.76800390027798
2024-09-16 18:00:00,50.35966983818458
2024-09-16 19:00:00,43.730054206283086
2024-09-16 20:00:00,6.610923688736595
2024-09-16 21:00:00,6.325358464031187
2024-09-16 22:00:00,6.058430278400708
2024-09-16 23:00:00,5.755070084196673
2024-09-17 00:00:00,6.139483324732958
2024-09-17 01:00:00,5.984003901479253
2024-09-17 02:00:00,5.771718510990696
2024-09-17 03:00:00,6.032307016361424
2024-09-17 04:00:00,6.546028508265692
2024-09-17 05:00:00,6.957778529650892
2024-09-17 06:00:00,6.421760675256235
2024-09-17 07:00:00,6.5197512666084885
2024-09-17 08:00:00,29.665191522493597
2024-09-17 09:00:00,30.359977109233085
2024-09-17 10:00:00,30.18730009127897
2024-09-17 11:00:00,30.8319448385703
2024-09-17 12:00:00,32.15852651525201
2024-09-17 13:00:00,32.51628639899079
2024-09-17 14:00:00,40.749133163009176
2024-09-17 15:00:00,43.94623424597963
2024-09-17 16:00:00,44.41405910701435
2024-09-17 17:00:00,44.085023228911766
2024-09-17 18:00:00,40.15753561836222
2024-09-17 19:00:00,35.34926803816467
2024-09-17 20:00:00,6.169713715949918
2024-09-17 21:00:00,6.318842827352936
2024-09-17 22:00:00,5.906568844111171
2024-09-17 23:00:00,5.796756927726758
2024-09-18 00:00:00,5.775876498592827
2024-09-18 01:00:00,5.435757805542586
2024-09-18 02:00:00,5.593983099743593
2024-09-18 03:00:00,5.812639582625339
2024-09-18 04:00:00,6.010238969180177
2024-09-18 05:00:00,6.018976253722178
2024-09-18 06:00:00,6.112663645661269
2024-09-18 07:00:00,5.870020036653847
2024-09-18 08:00:00,31.4196924657265
2024-09-18 09:00:00,32.48007146808903
2024-09-18 10:00:00,33.44090811179875
2024-09-18 11:00:00,33.426055467901904
2024-09-18 12:00:00,32.49153647846737
2024-09-18 13:00:00,35.336098513114806
2024-09-18 14:00:00,40.893929987200366
2024-09-18 15:00:00,43.559146582579
2024-09-18 16:00:00,44.169865681860585
2024-09-18 17:00:00,44.368146121712854
2024-09-18 18:00:00,43.24949421587837
2024-09-18 19:00:00,38.869852559384164
2024-09-18 20:00:00,7.047342800165203
2024-09-18 21:00:00,6.877624978953633
2024-09-18 22:00:00,6.771337595212009
2024-09-18 23:00:00,6.211494532611684
2024-09-19 00:00:00,6.491042664520496
2024-09-19 01:00:00,6.078450553611927
2024-09-19 02:00:00,6.128208684709047
2024-09-19 03:00:00,6.333698142147603
2024-09-19 04:00:00,6.331714625477135
2024-09-19 05:00:00,6.45928729949378
2024-09-19 06:00:00,5.784813757109747
2024-09-19 07:00:00,5.574768002647447
2024-09-19 08:00:00,28.788565365582063
2024-09-19 09:00:00,29.01225829184042
2024-09-19 10:00:00,28.890728282910022
2024-09-19 11:00:00,28.063418714108405
2024-09-19 12:00:00,28.993121155298617
2024-09-19 13:00:00,28.785673407427833
2024-09-19 14:00:00,34.60391453217849
2024-09-19 15:00:00,34.19072507427113
2024-09-19 16:00:00,33.60586157285142
2024-09-19 17:00:00,35.01836426691058
2024-09-19 18:00:00,34.588272668099876
2024-09-19 19:00:00,33.87578749660306
2024-09-19 20:00:00,6.403739974813817
2024-09-19 21:00:00,5.853010668780632
2024-09-19 22:00:00,6.1350473295196
2024-09-19 23:00:00,6.253395796836917
2024-09-20 00:00:00,6.259799729562707
2024-09-20 01:00:00,6.310652501148557
2024-09-20 02:00:00,6.673116634430555
2024-09-20 03:00:00,7.210609994693499
2024-09-20 04:00:00,7.158892459834901
2024-09-20 05:00:00,7.198768974752543
2024-09-20 06:00:00,6.791837990410843
2024-09-20 07:00:00,7.210094318874641
2024-09-20 08:00:00,6.546378683587072
2024-09-20 09:00:00,6.442994258301754
2024-09-20 10:00:00,6.785655424663412
2024-09-20 11:00:00,6.8553341376365875
2024-09-20 12:00:00,6.961448090178114
2024-09-20 13:00:00,7.708583199784184
2024-09-20 14:00:00,7.0610736186431975
2024-09-20 15:00:00,7.443865338133291
2024-09-20 16:00:00,7.474156137620215
2024-09-20 17:00:00,7.121820545670041
2024-09-20 18:00:00,7.672885121279921
2024-09-20 19:00:00,7.439042124364423
2024-09-20 20:00:00,7.205161500612573
2024-09-20 21:00:00,6.673586927725936
2024-09-20 22:00:00,6.0641309877093486
2024-09-20 23:00:00,5.256939564348419
2024-09-21 00:00:00,5.051606127023989
2024-09-21 01:00:00,4.497943729994556
2024-09-21 02:00:00,5.215518376087714
2024-09-21 03:00:00,5.387230031539461
2024-09-21 04:00:00,5.0038396575636925
2024-09-21 05:00:00,4.9782948067587185
2024-09-21 06:00:00,5.238880663881106
2024-09-21 07:00:00,5.231374592127127
2024-09-21 08:00:00,5.268208173575357
2024-09-21 09:00:00,5.609864959738146
2024-09-21 10:00:00,5.992052755109689
2024-09-21 11:00:00,6.098673227208298
2024-09-21 12:00:00,6.352453491196652
2024-09-21 13:00:00,6.067577630922991
2024-09-21 14:00:00,6.557683647525359
2024-09-21 15:00:00,6.346884072922205
2024-09-21 16:00:00,6.853454413134634
2024-09-21 17:00:00,6.350993533339663
2024-09-21 18:00:00,6.548868450181382
2024-09-21 19:00:00,6.314154566053007
2024-09-21 20:00:00,6.348944109988128
2024-09-21 21:00:00,6.534571801392173
2024-09-21 22:00:00,6.77660198985118
2024-09-21 23:00:00,6.457466917122301
2024-09-22 00:00:00,6.329558398455523
2024-09-22 01:00:00,6.733358306831477
2024-09-22 02:00:00,6.522677311847551
2024-09-22 03:00:00,6.361489049162124
2024-09-22 04:00:00,6.381926882772049
2024-09-22 05:00:00,6.2311526148121485
2024-09-22 06:00:00,6.652740457265018
2024-09-22 07:00:00,6.4374798492032
2024-09-22 08:00:00,6.285323467959267
2024-09-22 09:00:00,6.76077360770324
2024-09-22 10:00:00,6.730151006167218
2024-09-22 11:00:00,7.527716606673639
2024-09-22 12:00:00,7.261487570408217
2024-09-22 13:00:00,7.131843427696102
2024-09-22 14:00:00,6.9895641915587365
2024-09-22 15:00:00,6.962854008243939
2024-09-22 16:00:00,6.527484387864917
2024-09-22 17:00:00,6.304084016014464
2024-09-22 18:00:00,6.629964356952574
2024-09-22 19:00:00,6.290708939385004
2024-09-22 20:00:00,5.981821662345563
2024-09-22 21:00:00,5.634240355100464
2024-09-22 22:00:00,5.658176583564841
2024-09-22 23:00:00,5.160791131120623
2024-09-23 00:00:00,6.107467767095295
2024-09-23 01:00:00,6.786416630149702
2024-09-23 02:00:00,6.556826670377534
2024-09-23 03:00:00,6.214305571859771
2024-09-23 04:00:00,6.341058882560656
2024-09-23 05:00:00,6.37293284549587
2024-09-23 06:00:00,6.543951390681768
2024-09-23 07:00:00,6.1282725278225065
2024-09-23 08:00:00,6.276587264880672
2024-09-23 09:00:00,6.43496032845453
2024-09-23 10:00:00,6.690546063125594
2024-09-23 11:00:00,6.851586413790575
2024-09-23 12:00:00,7.487392631825133
2024-09-23 13:00:00,7.187749714120657
2024-09-23 14:00:00,6.959757550070103
2024-09-23 15:00:00,6.987865600060834
2024-09-23 16:00:00,6.801760906342881
2024-09-23 17:00:00,6.70362851995279
2024-09-23 18:00:00,6.910150811273891
2024-09-23 19:00:00,6.502898174273709
2024-09-23 20:00:00,6.330413383261868
2024-09-23 21:00:00,6.223679808279257
2024-09-23 22:00:00,5.861654761661939
2024-09-23 23:00:00,5.92068090002897
2024-09-24 00:00:00,5.602018557544375
2024-09-24 01:00:00,5.67796168878311
2024-09-24 02:00:00,5.960243990728435
2024-09-24 03:00:00,5.967830835384864
2024-09-24 04:00:00,5.770566259206633
2024-09-24 05:00:00,5.8338000581592855
2024-09-24 06:00:00,5.585606659170146
2024-09-24 07:00:00,5.29672842545606
2024-09-24 08:00:00,5.784484868307568
2024-09-24 09:00:00,6.262805924906325
2024-09-24 10:00:00,6.4253514256491
2024-09-24 11:00:00,6.969524729564328
2024-09-24 12:00:00,6.48823159126594
2024-09-24 13:00:00,6.884993611132702
2024-09-24 14:00:00,6.450805205520222
2024-09-24 15:00:00,6.393180843730197
2024-09-24 16:00:00,6.183775325801807
2024-09-24 17:00:00,6.790669675339382
2024-09-24 18:00:00,6.891696965582254
2024-09-24 19:00:00,6.442179136268975
2024-09-24 20:00:00,6.581899196384296
2024-09-24 21:00:00,6.473641636635712
2024-09-24 22:00:00,6.050722590778815
2024-09-24 23:00:00,6.475822749885056
2024-09-25 00:00:00,5.961031932626826
2024-09-25 01:00:00,6.291282655140442
2024-09-25 02:00:00,6.304254961155677
2024-09-25 03:00:00,6.678537370812564
2024-09-25 04:00:00,6.391420144927966
2024-09-25 05:00:00,6.96961135964694
2024-09-25 06:00:00,7.078693065745846
2024-09-25 07:00:00,7.260956139841005
2024-09-25 08:00:00,7.494503550269463
2024-09-25 09:00:00,7.689112082812596
2024-09-25 10:00:00,7.804871261690735
2024-09-25 11:00:00,7.900630486862324
2024-09-25 12:00:00,8.075562641542122
2024-09-25 13:00:00,8.205656207575311
2024-09-25 14:00:00,8.247280358139509
2024-09-25 15:00:00,8.157083446434127
2024-09-25 16:00:00,7.939170706051563
2024-09-25 17:00:00,8.108815084492162
2024-09-25 18:00:00,8.15483354212626
2024-09-25 19:00:00,8.009117691725045
2024-09-25 20:00:00,7.882962284855436
2024-09-25 21:00:00,7.479883359303303
2024-09-25 22:00:00,7.087315752393434
2024-09-25 23:00:00,7.078274089651755
2024-09-26 00:00:00,6.984545401480367
2024-09-26 01:00:00,6.78220383382446
2024-09-26 02:00:00,6.529529004203871
2024-09-26 03:00:00,6.842807399155805
2024-09-26 04:00:00,7.006352156872208
2024-09-26 05:00:00,6.937257233016734
2024-09-26 06:00:00,7.231069702469549
2024-09-26 07:00:00,7.471159183573583
2024-09-26 08:00:00,7.577417605983473
2024-09-26 09:00:00,6.950606426240552
2024-09-26 10:00:00,7.3036304591818135
2024-09-26 11:00:00,7.359780652014163
2024-09-26 12:00:00,7.983895751262111
2024-09-26 13:00:00,8.270626837291687
2024-09-26 14:00:00,8.309183232469989
2024-09-26 15:00:00,8.234676913222197
2024-09-26 16:00:00,8.174332635599814
2024-09-26 17:00:00,7.801101777342052
2024-09-26 18:00:00,6.894497672657782
2024-09-26 19:00:00,6.6276954197380356
2024-09-26 20:00:00,6.450691231897974
2024-09-26 21:00:00,5.787910913719747
2024-09-26 22:00:00,5.440175286442597
2024-09-26 23:00:00,5.593209396486868
2024-09-27 00:00:00,5.596808122071842
2024-09-27 01:00:00,5.349122012490948
2024-09-27 02:00:00,5.336159437157352
2024-09-27 03:00:00,5.911121475156932
2024-09-27 04:00:00,6.282047752970991
2024-09-27 05:00:00,5.929228378061587
2024-09-27 06:00:00,5.894703428727621
2024-09-27 07:00:00,6.159228747286818
2024-09-27 08:00:00,6.384235479709634
2024-09-27 09:00:00,5.869141141024515
2024-09-27 10:00:00,6.53642510549171
2024-09-27 11:00:00,6.607097878527382
2024-09-27 12:00:00,5.8939172953409145
2024-09-27 13:00:00,6.389722163102189
2024-09-27 14:00:00,6.513150642484006
2024-09-27 15:00:00,5.914469136490927
2024-09-27 16:00:00,5.89163696546007
2024-09-27 17:00:00,6.130211672481864
2024-09-27 18:00:00,6.246893553596373
2024-09-27 19:00:00,6.7432229372665295
2024-09-27 20:00:00,6.88666956574535
2024-09-27 21:00:00,7.111292110187316
2024-09-27 22:00:00,7.858482172073198
2024-09-27 23:00:00,7.456409094778343
2024-09-28 00:00:00,6.70127313865987
2024-09-28 01:00:00,7.207120366225299
2024-09-28 02:00:00,6.692613865340364
2024-09-28 03:00:00,6.581591281803042
2024-09-28 04:00:00,6.388552169728691
2024-09-28 05:00:00,6.514525341855101
2024-09-28 06:00:00,6.237793938218855
2024-09-28 07:00:00,6.255391386198607
2024-09-28 08:00:00,6.2037553387883095
2024-09-28 09:00:00,6.327111083542168
2024-09-28 10:00:00,5.617886930738783
2024-09-28 11:00:00,5.85987128450451
2024-09-28 12:00:00,5.484254085784758
2024-09-28 13:00:00,5.503974338627141
2024-09-28 14:00:00,5.680471574925443
2024-09-28 15:00:00,5.8016639578961895
2024-09-28 16:00:00,6.0011030794448015
2024-09-28 17:00:00,6.2095505996163975
2024-09-28 18:00:00,6.195409477561685
2024-09-28 19:00:00,6.195591807979459
2024-09-28 20:00:00,6.268220813282704
2024-09-28 21:00:00,6.314391893449184
2024-09-28 22:00:00,6.701570195617039
2024-09-28 23:00:00,6.476428306476609
2024-09-29 00:00:00,6.486585016782824
2024-09-29 01:00:00,5.8228721912158985
2024-09-29 02:00:00,5.76231142251973
2024-09-29 03:00:00,5.6451060013484655
2024-09-29 04:00:00,6.010031560554545
2024-09-29 05:00:00,6.394416053847781
2024-09-29 06:00:00,5.819121171364672
2024-09-29 07:00:00,6.1215762056423895
2024-09-29 08:00:00,6.13406290468772
2024-09-29 09:00:00,6.063391547694923
2024-09-29 10:00:00,5.965284240733866
2024-09-29 11:00:00,6.216451347778819
2024-09-29 12:00:00,5.713084453153797
2024-09-29 13:00:00,6.178755800407936
2024-09-29 14:00:00,6.362561576300357
2024-09-29 15:00:00,6.6083722137023555
2024-09-29 16:00:00,6.105397552007762
2024-09-29 17:00:00,6.211080855990019
2024-09-29 18:00:00,6.298909570884164
2024-09-29 19:00:00,6.480322380107466
2024-09-29 20:00:00,5.666941538109018
2024-09-29 21:00:00,5.064461996067628
2024-09-29 22:00:00,5.5177591391775405
2024-09-29 23:00:00,4.80400515303939
2024-09-30 00:00:00,5.064844601214855
2024-09-30 01:00:00,5.308818605310179
2024-09-30 02:00:00,4.8815279119233335
2024-09-30 03:00:00,5.190763569977709
2024-09-30 04:00:00,6.000316337882156
2024-09-30 05:00:00,5.607739311629385
2024-09-30 06:00:00,5.465362567967386
2024-09-30 07:00:00,5.7904034146283605
2024-09-30 08:00:00,5.809593066299812
2024-09-30 09:00:00,5.78846287190764
2024-09-30 10:00:00,5.822188399106402
2024-09-30 11:00:00,6.031260566046071
2024-09-30 12:00:00,6.2672620920317295
2024-09-30 13:00:00,7.048107628588769
2024-09-30 14:00:00,7.058254927778114
2024-09-30 15:00:00,6.677233745261145
2024-09-30 16:00:00,6.532040119553326
2024-09-30 17:00:00,6.13680441919368
2024-09-30 18:00:00,5.89386670958236
2024-09-30 19:00:00,6.166497823639118
2024-09-30 20:00:00,6.8177287151226755
2024-09-30 21:00:00,6.075928413397736
2024-09-30 22:00:00,5.6421310595121525
2024-09-30 23:00:00,5.708602717344533
2024-10-01 00:00:00,6.128856471094563
2024-10-01 01:00:00,5.47832564075917
2024-10-01 02:00:00,5.131427861384583
2024-10-01 03:00:00,5.547894464429873
2024-10-01 04:00:00,4.872668572390271
2024-10-01 05:00:00,5.1424089443622005
2024-10-01 06:00:00,5.177690578337037
2024-10-01 07:00:00,5.656856115679779
2024-10-01 08:00:00,5.657502202885737
2024-10-01 09:00:00,5.76091130350184
2024-10-01 10:00:00,6.298917219076078
2024-10-01 11:00:00,6.4851553686228804
2024-10-01 12:00:00,6.2814398497115205
2024-10-01 13:00:00,6.329417001594559
2024-10-01 14:00:00,6.79357559275663
2024-10-01 15:00:00,7.083662372179112
2024-10-01 16:00:00,7.073322985232898
2024-10-01 17:00:00,7.236544957485666
2024-10-01 18:00:00,7.188581186520473
2024-10-01 19:00:00,6.782153808816468
2024-10-01 20:00:00,6.542806612608578
2024-10-01 21:00:00,6.428431102323581
2024-10-01 22:00:00,6.101904491372006
2024-10-01 23:00:00,6.291248786208782
2024-10-02 00:00:00,6.619316161670587
2024-10-02 01:00:00,6.4727669394329155
2024-10-02 02:00:00,6.483423728798804
2024-10-02 03:00:00,6.638838768636357
2024-10-02 04:00:00,6.611922474459678
2024-10-02 05:00:00,6.385982466072114
2024-10-02 06:00:00,6.463001154547869
2024-10-02 07:00:00,6.535917928030404
2024-10-02 08:00:00,33.376241220725696
2024-10-02 09:00:00,34.05655381056617
2024-10-02 10:00:00,31.721599568396734
2024-10-02 11:00:00,31.41719073120999
2024-10-02 12:00:00,31.00213719482469
2024-10-02 13:00:00,31.52177395169439
2024-10-02 14:00:00,34.90312539523971
2024-10-02 15:00:00,34.63181254927102
2024-10-02 16:00:00,33.59042035661853
2024-10-02 17:00:00,31.955841251245978
2024-10-02 18:00:00,33.12673222871981
2024-10-02 19:00:00,33.014854821517524
2024-10-02 20:00:00,6.561182154787784
2024-10-02 21:00:00,5.967615762195228
2024-10-02 22:00:00,6.194389730622007
2024-10-02 23:00:00,6.392739158762569
2024-10-03 00:00:00,5.993386143821281
2024-10-03 01:00:00,5.939307895658547
2024-10-03 02:00:00,6.16380301460993
2024-10-03 03:00:00,6.195179474445955
2024-10-03 04:00:00,5.852608358102096
2024-10-03 05:00:00,5.734510728447538
2024-10-03 06:00:00,6.077692105631413
2024-10-03 07:00:00,6.174599299261198
2024-10-03 08:00:00,6.328488972325552
2024-10-03 09:00:00,5.747480863724913
2024-10-03 10:00:00,6.0364024958264
2024-10-03 11:00:00,6.350092561453191
2024-10-03 12:00:00,6.504256005469648
2024-10-03 13:00:00,6.203292847173052
2024-10-03 14:00:00,6.490976327611341
2024-10-03 15:00:00,6.841545016716327
2024-10-03 16:00:00,6.797139520218053
2024-10-03 17:00:00,6.633442126669111
2024-10-03 18:00:00,6.553956766603912
2024-10-03 19:00:00,6.401519258855085
2024-10-03 20:00:00,5.74530931187837
2024-10-03 21:00:00,6.113693512439012
2024-10-03 22:00:00,5.55043699968123
2024-10-03 23:00:00,5.686027504715268
2024-10-04 00:00:00,5.616154563274579
2024-10-04 01:00:00,5.038723641038701
2024-10-04 02:00:00,5.238893762424431
2024-10-04 03:00:00,5.357918041736002
2024-10-04 04:00:00,5.131262320793062
2024-10-04 05:00:00,5.115180831031246
2024-10-04 06:00:00,5.302895641385933
2024-10-04 07:00:00,5.989610256402685
2024-10-04 08:00:00,5.702665226771735
2024-10-04 09:00:00,5.858728513350153
2024-10-04 10:00:00,6.213574921272952
2024-10-04 11:00:00,6.064689638508419
2024-10-04 12:00:00,6.4604767957924025
2024-10-04 13:00:00,7.24326830022728
2024-10-04 14:00:00,6.467394762334166
2024-10-04 15:00:00,6.8351149054348
2024-10-04 16:00:00,6.2631851771595235
2024-10-04 17:00:00,6.123507275934846
2024-10-04 18:00:00,6.2039362896697385
2024-10-04 19:00:00,6.570507524489484
2024-10-04 20:00:00,6.1780085213089535
2024-10-04 21:00:00,5.878814407313668
2024-10-04 22:00:00,5.979902258031603
2024-10-04 23:00:00,6.005247522481298
2024-10-05 00:00:00,5.102192005037793
2024-10-05 01:00:00,4.551031064955655
2024-10-05 02:00:00,5.278856640410002
2024-10-05 03:00:00,4.888322044274671
2024-10-05 04:00:00,5.046629249531335
2024-10-05 05:00:00,5.3603595028208755
2024-10-05 06:00:00,5.6079553646186895
2024-10-05 07:00:00,6.046683383348829
2024-10-05 08:00:00,5.9217098690664
2024-10-05 09:00:00,5.722704736504147
2024-10-05 10:00:00,5.5624175918503065
2024-10-05 11:00:00,5.665251274470257
2024-10-05 12:00:00,5.5491372640813665
2024-10-05 13:00:00,5.360195352220779
2024-10-05 14:00:00,5.969624387985151
2024-10-05 15:00:00,5.538992664609721
2024-10-05 16:00:00,5.9258068036981335
2024-10-05 17:00:00,6.167282931979459
2024-10-05 18:00:00,5.915455077956931
2024-10-05 19:00:00,5.984213830681525
2024-10-05 20:00:00,5.488528931097574
2024-10-05 21:00:00,5.82004032588835
2024-10-05 22:00:00,5.64411615393633
2024-10-05 23:00:00,5.098434919153094
2024-10-06 00:00:00,5.166908004504903
2024-10-06 01:00:00,5.249558978346951
2024-10-06 02:00:00,5.276386963386109
2024-10-06 03:00:00,5.401070323631466
2024-10-06 04:00:00,5.12572805611478
2024-10-06 05:00:00,5.800156537950364
2024-10-06 06:00:00,5.6365618418045464
2024-10-06 07:00:00,5.6596570394126235
2024-10-06 08:00:00,6.016024690502783
2024-10-06 09:00:00,5.825929188167884
2024-10-06 10:00:00,5.810887162284122
2024-10-06 11:00:00,5.855689793674539
2024-10-06 12:00:00,6.248239740798054
2024-10-06 13:00:00,6.453074154389137
2024-10-06 14:00:00,6.8549618367707605
2024-10-06 15:00:00,6.801863376181812
2024-10-06 16:00:00,6.718290972728364
2024-10-06 17:00:00,6.43963103265289
2024-10-06 18:00:00,5.9832166437207865
2024-10-06 19:00:00,5.759639639998414
2024-10-06 20:00:00,5.635919067733602
2024-10-06 21:00:00,5.628050671026991
2024-10-06 22:00:00,5.000088898007827
2024-10-06 23:00:00,5.058755379961963
2024-10-07 00:00:00,5.9339429882560415
2024-10-07 01:00:00,6.4703082786928725
2024-10-07 02:00:00,6.08609622226093
2024-10-07 03:00:00,5.564147367246646
2024-10-07 04:00:00,5.63924190843221
2024-10-07 05:00:00,5.248792753502853
2024-10-07 06:00:00,5.681496654402877
2024-10-07 07:00:00,5.897926847115649
2024-10-07 08:00:00,6.330053615363954
2024-10-07 09:00:00,6.282695669303067
2024-10-07 10:00:00,6.261909433398262
2024-10-07 11:00:00,6.296646228677908
2024-10-07 12:00:00,6.516694185442629
2024-10-07 13:00:00,6.129521889439155
2024-10-07 14:00:00,6.288283773252853
2024-10-07 15:00:00,6.570161149674563
2024-10-07 16:00:00,6.970885418812105
2024-10-07 17:00:00,7.242203746369052
2024-10-07 18:00:00,6.861512345302297
2024-10-07 19:00:00,6.491816485593612
2024-10-07 20:00:00,6.110390403047313
2024-10-07 21:00:00,6.556922938681629
2024-10-07 22:00:00,6.323551137754943
2024-10-07 23:00:00,6.422025275279279
2024-10-08 00:00:00,6.473121884560479
2024-10-08 01:00:00,6.415757857721295
2024-10-08 02:00:00,6.382115831616956
2024-10-08 03:00:00,6.516266486569841
2024-10-08 04:00:00,6.648292821938349
2024-10-08 05:00:00,6.097791518174841
2024-10-08 06:00:00,6.576372467625715
2024-10-08 07:00:00,6.681750251287148
2024-10-08 08:00:00,6.502433161747085
2024-10-08 09:00:00,6.608846536932315
2024-10-08 10:00:00,6.611173970541939
2024-10-08 11:00:00,7.111989654503608
2024-10-08 12:00:00,6.797285039677961
2024-10-08 13:00:00,6.369327310770831
2024-10-08 14:00:00,7.229327268212993
2024-10-08 15:00:00,7.5136278235637874
2024-10-08 16:00:00,7.543544339393656
2024-10-08 17:00:00,7.182771065465651
2024-10-08 18:00:00,7.082304272918825
2024-10-08 19:00:00,7.481836060074965
2024-10-08 20:00:00,6.776710869464295
2024-10-08 21:00:00,6.460760916492982
2024-10-08 22:00:00,6.9328905298126875
2024-10-08 23:00:00,6.845591109527526
2024-10-09 00:00:00,7.080439723451132
2024-10-09 01:00:00,6.751618480769652
2024-10-09 02:00:00,6.870281004872582
2024-10-09 03:00:00,7.209475957364444
2024-10-09 04:00:00,7.183720250734412
2024-10-09 05:00:00,7.0334301018782766
2024-10-09 06:00:00,6.697400327632103
2024-10-09 07:00:00,6.819401043190925
2024-10-09 08:00:00,6.703535442783157
2024-10-09 09:00:00,6.6896484856789185
2024-10-09 10:00:00,6.619481486073014
2024-10-09 11:00:00,7.144989551972592
2024-10-09 12:00:00,7.202816752806824
2024-10-09 13:00:00,7.3962797543868755
2024-10-09 14:00:00,6.924798466989589
2024-10-09 15:00:00,7.241440015901515
2024-10-09 16:00:00,7.116029445492657
2024-10-09 17:00:00,6.656549554335171
2024-10-09 18:00:00,6.379069849526835
2024-10-09 19:00:00,6.037099556009873
2024-10-09 20:00:00,5.752517918524237
2024-10-09 21:00:00,5.381454948990835
2024-10-09 22:00:00,5.561605592004881
2024-10-09 23:00:00,5.784527293812282
2024-10-10 00:00:00,5.346780462410995
2024-10-10 01:00:00,5.608452916323409
2024-10-10 02:00:00,5.726406826531405
2024-10-10 03:00:00,6.139132898241181
2024-10-10 04:00:00,5.926465292459672
2024-10-10 05:00:00,6.357501379632447
2024-10-10 06:00:00,5.784031892360885
2024-10-10 07:00:00,6.239697561416548
2024-10-10 08:00:00,6.271641806717782
2024-10-10 09:00:00,6.618025822161732
2024-10-10 10:00:00,6.60773599581199
2024-10-10 11:00:00,7.137495246941099
2024-10-10 12:00:00,7.05798223883838
2024-10-10 13:00:00,7.054143594495327
2024-10-10 14:00:00,7.106909106616757
2024-10-10 15:00:00,7.073373117803651
2024-10-10 16:00:00,7.022647876410331
2024-10-10 17:00:00,6.813882474871171
2024-10-10 18:00:00,6.949297672895406
2024-10-10 19:00:00,6.87669698069842
2024-10-10 20:00:00,6.662717217429863
2024-10-10 21:00:00,6.281156662297968
2024-10-10 22:00:00,6.159886269352504
2024-10-10 23:00:00,6.059294668207119
2024-10-11 00:00:00,6.030457624151126
2024-10-11 01:00:00,5.787773124440367
2024-10-11 02:00:00,6.031424268582836
2024-10-11 03:00:00,5.960565677882317
2024-10-11 04:00:00,5.680581747909493
2024-10-11 05:00:00,5.539482412139341
2024-10-11 06:00:00,6.278421687841108
2024-10-11 07:00:00,6.485456065570995
2024-10-11 08:00:00,6.770988386390322
2024-10-11 09:00:00,7.3895322270149695
2024-10-11 10:00:00,6.570558983030685
2024-10-11 11:00:00,6.357357977257097
2024-10-11 12:00:00,6.110232991019285
2024-10-11 13:00:00,6.245290188559137
2024-10-11 14:00:00,5.87170972032089
2024-10-11 15:00:00,6.073770710297413
2024-10-11 16:00:00,6.219084231349666
2024-10-11 17:00:00,5.944402977021217
2024-10-11 18:00:00,6.329878389094801
2024-10-11 19:00:00,6.155541906759352
2024-10-11 20:00:00,6.2549504017126365
2024-10-11 21:00:00,5.699755960474503
2024-10-11 22:00:00,6.284567829236832
2024-10-11 23:00:00,5.9332728330467095
2024-10-12 00:00:00,5.762186456133697
2024-10-12 01:00:00,5.7201223820340115
2024-10-12 02:00:00,5.873597597550045
2024-10-12 03:00:00,5.812099580073613
2024-10-12 04:00:00,5.840709234593614
2024-10-12 05:00:00,6.067808141079236
2024-10-12 06:00:00,6.1333203463995805
2024-10-12 07:00:00,5.144004448892257
2024-10-12 08:00:00,4.933060571035183
2024-10-12 09:00:00,5.530962202362241
2024-10-12 10:00:00,5.6732091867823256
2024-10-12 11:00:00,6.0697335169027475
2024-10-12 12:00:00,6.157951363683058
2024-10-12 13:00:00,6.001093358092783
2024-10-12 14:00:00,6.302825939128853
2024-10-12 15:00:00,6.022422689910899
2024-10-12 16:00:00,5.662214311358041
2024-10-12 17:00:00,6.049719645085824
2024-10-12 18:00:00,6.434185915388386
2024-10-12 19:00:00,6.733619035400941
2024-10-12 20:00:00,6.422488263234675
2024-10-12 21:00:00,6.270373781253032
2024-10-12 22:00:00,6.323874159049689
2024-10-12 23:00:00,6.2374029122733825
2024-10-13 00:00:00,5.891162673877639
2024-10-13 01:00:00,5.806768344929519
2024-10-13 02:00:00,5.6336488742573785
2024-10-13 03:00:00,5.5831788403575455
2024-10-13 04:00:00,5.576974924958405
2024-10-13 05:00:00,5.729335097401126
2024-10-13 06:00:00,5.969695899821257
2024-10-13 07:00:00,6.2206984944578325
2024-10-13 08:00:00,6.1692482591114635
2024-10-13 09:00:00,6.075891176829058
2024-10-13 10:00:00,6.065189138501411
2024-10-13 11:00:00,6.267936808963444
2024-10-13 12:00:00,6.268877906261576
2024-10-13 13:00:00,5.955879275833519
2024-10-13 14:00:00,6.191816454574497
2024-10-13 15:00:00,6.382263898566295
2024-10-13 16:00:00,5.7255589887138525
2024-10-13 17:00:00,5.737373860014904
2024-10-13 18:00:00,5.8776547782536674
2024-10-13 19:00:00,5.916340949281989
2024-10-13 20:00:00,5.564840772407761
2024-10-13 21:00:00,5.590263760668318
2024-10-13 22:00:00,5.382986283439957
2024-10-13 23:00:00,4.962955050521681
2024-10-14 00:00:00,5.379037393731164
2024-10-14 01:00:00,6.008193089118753
2024-10-14 02:00:00,5.410024436291837
2024-10-14 03:00:00,5.637039379874329
2024-10-14 04:00:00,5.330961533940218
2024-10-14 05:00:00,5.783642857689112
2024-10-14 06:00:00,5.675639636489482
2024-10-14 07:00:00,5.562874782274314
2024-10-14 08:00:00,5.93133287448978
2024-10-14 09:00:00,5.686395702233353
2024-10-14 10:00:00,5.461519268300082
2024-10-14 11:00:00,5.750644328274646
2024-10-14 12:00:00,5.2608246332341215
2024-10-14 13:00:00,5.7469729466710815
2024-10-14 14:00:00,5.78458282261033
2024-10-14 15:00:00,6.210668265605697
2024-10-14 16:00:00,5.526056784800997
2024-10-14 17:00:00,6.243399882881929
2024-10-14 18:00:00,5.6543256399476185
2024-10-14 19:00:00,5.825955384647144
2024-10-14 20:00:00,5.657285865739575
2024-10-14 21:00:00,6.6000294631642715
2024-10-14 22:00:00,6.380591932785873
2024-10-14 23:00:00,6.008426579202446
2024-10-15 00:00:00,6.177423102928625
2024-10-15 01:00:00,6.713716114787176
2024-10-15 02:00:00,6.237219264204052
2024-10-15 03:00:00,6.058334527106139
2024-10-15 04:00:00,5.975156194139766
2024-10-15 05:00:00,5.735910210373885
2024-10-15 06:00:00,5.9085652315881125
2024-10-15 07:00:00,5.8450579157878355
2024-10-15 08:00:00,6.167334692273096
2024-10-15 09:00:00,6.130328062283562
2024-10-15 10:00:00,6.128499444597064
2024-10-15 11:00:00,6.483506889087873
2024-10-15 12:00:00,6.7684782112236554
2024-10-15 13:00:00,6.139953891378339
2024-10-15 14:00:00,6.019905900935132
2024-10-15 15:00:00,6.303818470067845
2024-10-15 16:00:00,6.23198559431455
2024-10-15 17:00:00,6.368010610596088
2024-10-15 18:00:00,5.6662326654983435
2024-10-15 19:00:00,5.929282561558083
2024-10-15 20:00:00,5.9638648577937365
2024-10-15 21:00:00,6.032318386708401
2024-10-15 22:00:00,6.197359227294319
2024-10-15 23:00:00,6.101986644833118
2024-10-16 00:00:00,5.80241805178134
2024-10-16 01:00:00,5.666898282589505
2024-10-16 02:00:00,5.431554491721162
2024-10-16 03:00:00,5.5538852774106635
2024-10-16 04:00:00,5.398173923873561
2024-10-16 05:00:00,4.913751174819446
2024-10-16 06:00:00,4.889462350946363
2024-10-16 07:00:00,5.366367494862092
2024-10-16 08:00:00,5.619577541520664
2024-10-16 09:00:00,6.152915698339133
2024-10-16 10:00:00,6.843001579121522
2024-10-16 11:00:00,7.0450713045760605
2024-10-16 12:00:00,7.354612875490757
2024-10-16 13:00:00,7.423360407760787
2024-10-16 14:00:00,8.06136830075755
2024-10-16 15:00:00,8.251637549014166
2024-10-16 16:00:00,8.252619480940224
2024-10-16 17:00:00,8.24661961652851
2024-10-16 18:00:00,7.872350846686746
2024-10-16 19:00:00,7.658628458199322
2024-10-16 20:00:00,7.333403655971889
2024-10-16 21:00:00,7.324679834651561
2024-10-16 22:00:00,7.082453493036251
2024-10-16 23:00:00,6.836128769923679
2024-10-17 00:00:00,6.288922183189253
2024-10-17 01:00:00,6.629151067244121
2024-10-17 02:00:00,6.628730450887259
2024-10-17 03:00:00,6.5131390171810075
2024-10-17 04:00:00,6.873574313691514
2024-10-17 05:00:00,6.78378510290444
2024-10-17 06:00:00,7.3507543239698485
2024-10-17 07:00:00,6.8117872698256585
2024-10-17 08:00:00,7.336135003378006
2024-10-17 09:00:00,8.045786675332081
2024-10-17 10:00:00,7.647402877535279
2024-10-17 11:00:00,8.21674241912748
2024-10-17 12:00:00,7.643966478483598
2024-10-17 13:00:00,7.810362174847373
2024-10-17 14:00:00,8.125497627787873
2024-10-17 15:00:00,7.422431573335405
2024-10-17 16:00:00,7.575495426210577
2024-10-17 17:00:00,7.39590481625841
2024-10-17 18:00:00,8.069198044497659
2024-10-17 19:00:00,7.2413782062707615
2024-10-17 20:00:00,7.221658253199591
2024-10-17 21:00:00,7.028112590912216
2024-10-17 22:00:00,6.7144516134672205
2024-10-17 23:00:00,6.257686807679316
2024-10-18 00:00:00,5.693339760962237
2024-10-18 01:00:00,6.072028664009177
2024-10-18 02:00:00,5.514386456036036
2024-10-18 03:00:00,5.56991412340865
2024-10-18 04:00:00,5.777832271977663
2024-10-18 05:00:00,5.498774819748323
2024-10-18 06:00:00,5.484318583723294
2024-10-18 07:00:00,5.387379009400004
2024-10-18 08:00:00,62.97404704393189
2024-10-18 09:00:00,59.58192884651613
2024-10-18 10:00:00,55.11837595730825
2024-10-18 11:00:00,51.641670983026124
2024-10-18 12:00:00,48.067675585199346
2024-10-18 13:00:00,43.17376768961239
2024-10-18 14:00:00,41.57311480918842
2024-10-18 15:00:00,39.27048384234966
2024-10-18 16:00:00,37.723290784156326
2024-10-18 17:00:00,38.32375710938169
2024-10-18 18:00:00,40.767999604379675
2024-10-18 19:00:00,43.10902152622195
2024-10-18 20:00:00,5.454060600047949
2024-10-18 21:00:00,5.808182669912926
2024-10-18 22:00:00,5.065406756031566
2024-10-18 23:00:00,4.737912903886577
2024-10-19 00:00:00,4.275664856909869
2024-10-19 01:00:00,4.4771732239240585
2024-10-19 02:00:00,4.175545690241895
2024-10-19 03:00:00,4.295236021562992
2024-10-19 04:00:00,4.07912402410816
2024-10-19 05:00:00,4.169945079478521
2024-10-19 06:00:00,4.645755030013713
2024-10-19 07:00:00,4.491729036468183
2024-10-19 08:00:00,5.112484508790627
2024-10-19 09:00:00,5.219773138589949
2024-10-19 10:00:00,5.48713274184474
2024-10-19 11:00:00,5.84681941405837
2024-10-19 12:00:00,5.612525471450313
2024-10-19 13:00:00,6.311764023541524
2024-10-19 14:00:00,6.0259189417635115
2024-10-19 15:00:00,5.974738665205069
2024-10-19 16:00:00,6.080527229521028
2024-10-19 17:00:00,6.3837577283825695
2024-10-19 18:00:00,6.685190299634423
2024-10-19 19:00:00,6.6851021081211295
2024-10-19 20:00:00,6.668550382464003
2024-10-19 21:00:00,6.150542751331093
2024-10-19 22:00:00,6.094038898429097
2024-10-19 23:00:00,6.322916893253743
2024-10-20 00:00:00,6.139151499105554
2024-10-20 01:00:00,6.12471888620605
2024-10-20 02:00:00,5.922413084516765
2024-10-20 03:00:00,5.31827239837713
2024-10-20 04:00:00,5.764493972561044
2024-10-20 05:00:00,5.418708487323533
2024-10-20 06:00:00,5.960435759778524
2024-10-20 07:00:00,5.896458534156962
2024-10-20 08:00:00,5.919876066800056
2024-10-20 09:00:00,6.273085407201233
2024-10-20 10:00:00,5.701260572732828
2024-10-20 11:00:00,6.409957138758384
2024-10-20 12:00:00,6.4199528463427145
2024-10-20 13:00:00,6.4714182238200575
2024-10-20 14:00:00,6.531860139501907
2024-10-20 15:00:00,6.722577701801898
2024-10-20 16:00:00,6.480637703498274
2024-10-20 17:00:00,6.710578975676279
2024-10-20 18:00:00,6.909999742588839
2024-10-20 19:00:00,7.203532047491464
2024-10-20 20:00:00,7.010951212409446
2024-10-20 21:00:00,7.496696403489723
2024-10-20 22:00:00,7.332013867766983
2024-10-20 23:00:00,6.530980488171855
2024-10-21 00:00:00,7.377315690620441
2024-10-21 01:00:00,7.4418735184506755
2024-10-21 02:00:00,7.580624097689389
2024-10-21 03:00:00,7.608643574908392
2024-10-21 04:00:00,7.8366299939984545
2024-10-21 05:00:00,7.064208247259497
2024-10-21 06:00:00,7.189868879329697
2024-10-21 07:00:00,6.867961805578927
2024-10-21 08:00:00,7.838377567906702
2024-10-21 09:00:00,7.882727985635414
2024-10-21 10:00:00,8.001807678368408
2024-10-21 11:00:00,7.206830255464419
2024-10-21 12:00:00,7.349278713079584
2024-10-21 13:00:00,7.471815307972427
2024-10-21 14:00:00,7.570777814526882
2024-10-21 15:00:00,7.656639739160389
2024-10-21 16:00:00,7.501893528805559
2024-10-21 17:00:00,7.267741713984967
2024-10-21 18:00:00,7.6166957439902445
2024-10-21 19:00:00,6.785140992707498
2024-10-21 20:00:00,6.528466141549438
2024-10-21 21:00:00,6.697239722548145
2024-10-21 22:00:00,6.3289020541655105
2024-10-21 23:00:00,6.221674247334732
2024-10-22 00:00:00,6.433786492762777
2024-10-22 01:00:00,6.826487461362757
2024-10-22 02:00:00,6.228884263224503
2024-10-22 03:00:00,6.845241662882341
2024-10-22 04:00:00,6.780061291621652
2024-10-22 05:00:00,6.9777032989930685
2024-10-22 06:00:00,6.671428694133821
2024-10-22 07:00:00,6.359260056019792
2024-10-22 08:00:00,6.764289285526513
2024-10-22 09:00:00,7.04164080691641
2024-10-22 10:00:00,6.6537917079798286
2024-10-22 11:00:00,6.24569479254965
2024-10-22 12:00:00,6.55110961892309
2024-10-22 13:00:00,6.65554557775535
2024-10-22 14:00:00,6.946246513949179
2024-10-22 15:00:00,6.6714506851728315
2024-10-22 16:00:00,7.02587328362928
2024-10-22 17:00:00,6.576544711205437
2024-10-22 18:00:00,6.522186141686065
2024-10-22 19:00:00,6.385661344128005
2024-10-22 20:00:00,6.6530784202197815
2024-10-22 21:00:00,6.221231500166531
2024-10-22 22:00:00,6.091379038074972
2024-10-22 23:00:00,6.2980551087681516
2024-10-23 00:00:00,6.456255736913977
2024-10-23 01:00:00,5.948898585021866
2024-10-23 02:00:00,6.3220770558505
2024-10-23 03:00:00,6.274585473869565
2024-10-23 04:00:00,6.339951924618182
2024-10-23 05:00:00,6.940688539619059
2024-10-23 06:00:00,6.286298866275313
2024-10-23 07:00:00,6.5810505318431325
2024-10-23 08:00:00,7.07733398987936
2024-10-23 09:00:00,7.070106452214963
2024-10-23 10:00:00,6.84159463827211
2024-10-23 11:00:00,6.894539966222938
2024-10-23 12:00:00,7.000258963919707
2024-10-23 13:00:00,6.678921727287012
2024-10-23 14:00:00,6.53016275011404
2024-10-23 15:00:00,6.383476745047977
2024-10-23 16:00:00,6.43301566510217
2024-10-23 17:00:00,6.3840124210994995
2024-10-23 18:00:00,6.209514338550882
2024-10-23 19:00:00,6.022960794695414
2024-10-23 20:00:00,6.124537727018728
2024-10-23 21:00:00,6.2142674828288165
2024-10-23 22:00:00,6.055660217298087
2024-10-23 23:00:00,5.716719471342086
2024-10-24 00:00:00,5.407083318680443
2024-10-24 01:00:00,5.287710516002643
2024-10-24 02:00:00,5.3234066464771
2024-10-24 03:00:00,5.1496071331632365
2024-10-24 04:00:00,5.6286415226591275
2024-10-24 05:00:00,5.568504832213664
2024-10-24 06:00:00,5.709187761687393
2024-10-24 07:00:00,6.352676555195419
2024-10-24 08:00:00,6.378421451779976
2024-10-24 09:00:00,6.048736466213496
2024-10-24 10:00:00,7.025225102544336
2024-10-24 11:00:00,6.957717747671764
2024-10-24 12:00:00,6.963438713302925
2024-10-24 13:00:00,7.095126131390657
2024-10-24 14:00:00,6.824654171561787
2024-10-24 15:00:00,7.2089788717153125
2024-10-24 16:00:00,6.966013128595862
2024-10-24 17:00:00,6.614016240672275
2024-10-24 18:00:00,7.516529719416095
2024-10-24 19:00:00,7.121909596285561
2024-10-24 20:00:00,7.033313115607935
2024-10-24 21:00:00,7.020935798892482
2024-10-24 22:00:00,6.805362286166448
2024-10-24 23:00:00,6.811909356617398
2024-10-25 00:00:00,7.200153394701759
2024-10-25 01:00:00,6.891514710451718
2024-10-25 02:00:00,7.529511458017823
2024-10-25 03:00:00,7.287495237696861
2024-10-25 04:00:00,7.375406990800985
2024-10-25 05:00:00,7.465392521077209
2024-10-25 06:00:00,7.489026511911046
2024-10-25 07:00:00,7.179221817758431
2024-10-25 08:00:00,6.959051932782434
2024-10-25 09:00:00,7.098369174858071
2024-10-25 10:00:00,6.660663785971288
2024-10-25 11:00:00,7.127679915220963
2024-10-25 12:00:00,7.342739998474836
2024-10-25 13:00:00,7.504196314513108
2024-10-25 14:00:00,7.483275487932109
2024-10-25 15:00:00,7.71065326932659
2024-10-25 16:00:00,6.950476966170878
2024-10-25 17:00:00,7.259603261119867
2024-10-25 18:00:00,7.111066360096668
2024-10-25 19:00:00,6.83909780923437
2024-10-25 20:00:00,6.852274993007586
2024-10-25 21:00:00,6.540665904110749
2024-10-25 22:00:00,6.858340554325507
2024-10-25 23:00:00,6.911671968464813
2024-10-26 00:00:00,6.426980560835957
2024-10-26 01:00:00,5.9538833246909135
2024-10-26 02:00:00,6.401528146296185
2024-10-26 03:00:00,6.3074900154252385
2024-10-26 04:00:00,6.042085674595158
2024-10-26 05:00:00,6.2742026248886305
2024-10-26 06:00:00,6.156502738411729
2024-10-26 07:00:00,6.569847358561002
2024-10-26 08:00:00,6.2497415539020365
2024-10-26 09:00:00,6.661995089394582
2024-10-26 10:00:00,6.329478697800554
2024-10-26 11:00:00,6.630480339715291
2024-10-26 12:00:00,6.539541910796076
2024-10-26 13:00:00,6.33797223458647
2024-10-26 14:00:00,6.241845824211808
2024-10-26 15:00:00,6.0167357110364605
2024-10-26 16:00:00,6.138683654537842
2024-10-26 17:00:00,6.042895809482951
2024-10-26 18:00:00,5.634136959270106
2024-10-26 19:00:00,5.924709255109955
2024-10-26 20:00:00,5.753784476396414
2024-10-26 21:00:00,5.603115747536606
2024-10-26 22:00:00,5.338960940314894
2024-10-26 23:00:00,5.461033826123877
2024-10-27 00:00:00,5.652327189305628
2024-10-27 01:00:00,5.675104744817842
2024-10-27 02:00:00,5.663319649548075
2024-10-27 03:00:00,5.6091528946611255
2024-10-27 04:00:00,5.450591304136098
2024-10-27 05:00:00,5.810671157534863
2024-10-27 06:00:00,5.626754746171381
2024-10-27 07:00:00,6.399535656762154
2024-10-27 08:00:00,5.98514786646621
2024-10-27 09:00:00,6.378902102259511
2024-10-27 10:00:00,5.872257727126907
2024-10-27 11:00:00,5.957900808948491
2024-10-27 12:00:00,6.33821662970362
2024-10-27 13:00:00,6.175811125939614
2024-10-27 14:00:00,5.815489439134844
2024-10-27 15:00:00,5.234611929165531
2024-10-27 16:00:00,4.972805382630977
2024-10-27 17:00:00,5.330649894530723
2024-10-27 18:00:00,5.07198168302069
2024-10-27 19:00:00,4.8957248768762875
2024-10-27 20:00:00,5.117888909532267
2024-10-27 21:00:00,4.842482688994303
2024-10-27 22:00:00,5.22260738422429
2024-10-27 23:00:00,5.023849739401539
2024-10-28 00:00:00,5.423537144099637
2024-10-28 01:00:00,5.348754123187844
2024-10-28 02:00:00,4.92801284559187
2024-10-28 03:00:00,5.3319656490126714
2024-10-28 04:00:00,5.359616852794233
2024-10-28 05:00:00,5.6947437670879255
2024-10-28 06:00:00,5.686655413120621
2024-10-28 07:00:00,6.230639743706393
2024-10-28 08:00:00,59.66815275592933
2024-10-28 09:00:00,55.70991138017424
2024-10-28 10:00:00,51.40094782237759
2024-10-28 11:00:00,48.435596768288626
2024-10-28 12:00:00,44.035884652644576
2024-10-28 13:00:00,40.79096772224658
2024-10-28 14:00:00,39.2309733827795
2024-10-28 15:00:00,37.636625664392184
2024-10-28 16:00:00,38.413068447712135
2024-10-28 17:00:00,40.95480641055052
2024-10-28 18:00:00,43.489607747346646
2024-10-28 19:00:00,44.68019131821281
2024-10-28 20:00:00,6.276859555387162
2024-10-28 21:00:00,6.004091264954813
2024-10-28 22:00:00,5.842040590862194
2024-10-28 23:00:00,5.761149757370707
2024-10-29 00:00:00,6.011099815616891
2024-10-29 01:00:00,6.103772573374579
2024-10-29 02:00:00,5.524279869699839
2024-10-29 03:00:00,5.507440252562234
2024-10-29 04:00:00,5.218484734487727
2024-10-29 05:00:00,5.5954635657625404
2024-10-29 06:00:00,5.551961016844878
2024-10-29 07:00:00,5.865825959986708
2024-10-29 08:00:00,6.050455137874373
2024-10-29 09:00:00,6.314620285616796
2024-10-29 10:00:00,6.607721560025042
2024-10-29 11:00:00,6.626458549637172
2024-10-29 12:00:00,6.613705050207748
2024-10-29 13:00:00,6.884741733582297
2024-10-29 14:00:00,7.191160361799152
2024-10-29 15:00:00,6.958977484979268
2024-10-29 16:00:00,7.281994614354934
2024-10-29 17:00:00,7.000766541565589
2024-10-29 18:00:00,6.8536508978962
2024-10-29 19:00:00,6.974642463618906
2024-10-29 20:00:00,7.476043239590646
2024-10-29 21:00:00,7.163619912786908
2024-10-29 22:00:00,7.086900595652422
2024-10-29 23:00:00,7.15719072711283
2024-10-30 00:00:00,6.276415443134316
2024-10-30 01:00:00,6.429349695981667
2024-10-30 02:00:00,6.225470324899413
2024-10-30 03:00:00,6.012810331458087
2024-10-30 04:00:00,6.449463721522091
2024-10-30 05:00:00,6.754907671565955
2024-10-30 06:00:00,6.512095211088934
2024-10-30 07:00:00,6.851476345266518
2024-10-30 08:00:00,53.00527251889548
2024-10-30 09:00:00,49.84822677563067
2024-10-30 10:00:00,46.84129711577669
2024-10-30 11:00:00,42.29194465452203
2024-10-30 12:00:00,38.43111331705353
2024-10-30 13:00:00,34.974656182418705
2024-10-30 14:00:00,34.12342272464991
2024-10-30 15:00:00,33.94537336274538
2024-10-30 16:00:00,34.27640458256689
2024-10-30 17:00:00,36.24489621642033
2024-10-30 18:00:00,39.09360162069267
2024-10-30 19:00:00,41.35683272055842
2024-10-30 20:00:00,6.763020345035814
2024-10-30 21:00:00,6.509810801231246
2024-10-30 22:00:00,6.219943626876262
2024-10-30 23:00:00,6.359033501610251
2024-10-31 00:00:00,6.221492513132155
2024-10-31 01:00:00,6.329927578720682
2024-10-31 02:00:00,6.3034724770071735
2024-10-31 03:00:00,6.024100273996773
2024-10-31 04:00:00,6.319408061180436
2024-10-31 05:00:00,6.024652800362872
2024-10-31 06:00:00,6.144749778634352
2024-10-31 07:00:00,6.245849738434199
2024-10-31 08:00:00,6.425751739046488
2024-10-31 09:00:00,6.175912815338845
2024-10-31 10:00:00,6.6052839940623596
2024-10-31 11:00:00,5.816554766774327
2024-10-31 12:00:00,6.231896692763477
2024-10-31 13:00:00,6.0750846266591205
2024-10-31 14:00:00,5.9541321276541375
2024-10-31 15:00:00,6.128276552981075
2024-10-31 16:00:00,6.37659526859502
2024-10-31 17:00:00,6.650993533124644
2024-10-31 18:00:00,6.204533058890405
2024-10-31 19:00:00,6.309286810475295
2024-10-31 20:00:00,5.821235703540639
2024-10-31 21:00:00,5.887865684820348
2024-10-31 22:00:00,5.48326667636094
2024-10-31 23:00:00,5.237122040093915
2024-11-01 00:00:00,4.7558411328978645
2024-11-01 01:00:00,4.7962167261195425
2024-11-01 02:00:00,5.128792431806002
2024-11-01 03:00:00,5.352493263757723
2024-11-01 04:00:00,6.1424087316656895
2024-11-01 05:00:00,6.413381548605817
2024-11-01 06:00:00,6.600864658477516
2024-11-01 07:00:00,6.481375694451836
2024-11-01 08:00:00,6.378800087081831
2024-11-01 09:00:00,6.787456691063106
2024-11-01 10:00:00,6.441787027604232
2024-11-01 11:00:00,7.518377244987859
2024-11-01 12:00:00,7.330179479140679
2024-11-01 13:00:00,7.752229030114788
2024-11-01 14:00:00,7.673729086832108
2024-11-01 15:00:00,7.700745387761842
2024-11-01 16:00:00,7.933868705058902
2024-11-01 17:00:00,7.927415645742348
2024-11-01 18:00:00,7.500911966969031
2024-11-01 19:00:00,6.632760457145958
2024-11-01 20:00:00,6.439122389093296
2024-11-01 21:00:00,6.708343917872909
2024-11-01 22:00:00,6.360650649693644
2024-11-01 23:00:00,6.499387136569234
2024-11-02 00:00:00,6.026043587497728
2024-11-02 01:00:00,5.129268160867046
2024-11-02 02:00:00,5.637423541663291
2024-11-02 03:00:00,5.502172655769641
2024-11-02 04:00:00,5.528485180898792
2024-11-02 05:00:00,5.71914732651307
2024-11-02 06:00:00,6.209913977199084
2024-11-02 07:00:00,6.241854711808146
2024-11-02 08:00:00,5.898944128974216
2024-11-02 09:00:00,6.135255238535502
2024-11-02 10:00:00,6.204809497473353
2024-11-02 11:00:00,6.061819812423062
2024-11-02 12:00:00,6.033069289417143
2024-11-02 13:00:00,6.130552372337517
2024-11-02 14:00:00,5.720414076537794
2024-11-02 15:00:00,5.886423988178731
2024-11-02 16:00:00,6.089691079759589
2024-11-02 17:00:00,5.3345207136285495
2024-11-02 18:00:00,5.254484098754574
2024-11-02 19:00:00,5.861733999542697
2024-11-02 20:00:00,5.670744883820268
2024-11-02 21:00:00,5.43014269706053
2024-11-02 22:00:00,5.2959454895927545
2024-11-02 23:00:00,5.372936542600428
2024-11-03 00:00:00,5.929765943312412
2024-11-03 01:00:00,6.075549500346561
2024-11-03 02:00:00,6.259703564700577
2024-11-03 03:00:00,5.889227799548443
2024-11-03 04:00:00,5.55601547983763
2024-11-03 05:00:00,5.369528362530839
2024-11-03 06:00:00,5.813025244028202
2024-11-03 07:00:00,5.605317063345046
2024-11-03 08:00:00,5.417530538182271
2024-11-03 09:00:00,5.124878577041113
2024-11-03 10:00:00,4.933066944576342
2024-11-03 11:00:00,4.907965333560432
2024-11-03 12:00:00,5.3099940236539
2024-11-03 13:00:00,5.148133259940079
2024-11-03 14:00:00,5.140398410894168
2024-11-03 15:00:00,5.382456711216697
2024-11-03 16:00:00,5.5641346204239746
2024-11-03 17:00:00,5.619992138410594
2024-11-03 18:00:00,5.718060058774517
2024-11-03 19:00:00,5.861164114120702
2024-11-03 20:00:00,5.334043398544702
2024-11-03 21:00:00,5.102169868965502
2024-11-03 22:00:00,4.933821720610137
2024-11-03 23:00:00,4.910299500013531
2024-11-04 00:00:00,5.259952093719854
2024-11-04 01:00:00,5.481197644280382
2024-11-04 02:00:00,4.952982150784473
2024-11-04 03:00:00,5.258337087586256
2024-11-04 04:00:00,5.168036509673226
2024-11-04 05:00:00,5.761910788736193
2024-11-04 06:00:00,5.66423517896145
2024-11-04 07:00:00,6.072977653552164
2024-11-04 08:00:00,6.030982068590939
2024-11-04 09:00:00,6.670996649296112
2024-11-04 10:00:00,6.034544334458008
2024-11-04 11:00:00,6.131733396603572
2024-11-04 12:00:00,6.872560745531775
2024-11-04 13:00:00,7.317716785740695
2024-11-04 14:00:00,6.376749842013642
2024-11-04 15:00:00,6.361817075601465
2024-11-04 16:00:00,5.682187622256919
2024-11-04 17:00:00,5.5307631283098395
2024-11-04 18:00:00,5.902248822016234
2024-11-04 19:00:00,5.780365721134141
2024-11-04 20:00:00,5.580688174299485
2024-11-04 21:00:00,5.433371124711993
2024-11-04 22:00:00,5.211161766811565
2024-11-04 23:00:00,5.126477168831057
2024-11-05 00:00:00,5.055371451034032
2024-11-05 01:00:00,5.0304443189972305
2024-11-05 02:00:00,4.729384857083279
2024-11-05 03:00:00,4.879340281851697
2024-11-05 04:00:00,4.906721366591142
2024-11-05 05:00:00,5.2924955831846905
2024-11-05 06:00:00,5.380647717137446
2024-11-05 07:00:00,5.3015877799943105
2024-11-05 08:00:00,5.965073753568296
2024-11-05 09:00:00,5.569840738797286
2024-11-05 10:00:00,5.886769601413172
2024-11-05 11:00:00,5.791545286169643
2024-11-05 12:00:00,6.342590843972218
2024-11-05 13:00:00,6.388336930389685
2024-11-05 14:00:00,6.57401507545769
2024-11-05 15:00:00,6.64446367669018
2024-11-05 16:00:00,6.89986904440679
2024-11-05 17:00:00,7.33332679481405
2024-11-05 18:00:00,6.7521438205695725
2024-11-05 19:00:00,6.095248135158649
2024-11-05 20:00:00,6.109595523921341
2024-11-05 21:00:00,6.16733061755475
2024-11-05 22:00:00,6.023556570759462
2024-11-05 23:00:00,5.998997851893784
2024-11-06 00:00:00,5.826382771230007
2024-11-06 01:00:00,5.712814367498119
2024-11-06 02:00:00,5.927215209048726
2024-11-06 03:00:00,5.882687087933856
2024-11-06 04:00:00,5.663637765580381
2024-11-06 05:00:00,5.97540329147928
2024-11-06 06:00:00,6.630372273693188
2024-11-06 07:00:00,6.559926174136936
2024-11-06 08:00:00,6.955390301011933
2024-11-06 09:00:00,6.97787536893634
2024-11-06 10:00:00,6.450021526390796
2024-11-06 11:00:00,6.320946070524703
2024-11-06 12:00:00,6.73965927698681
2024-11-06 13:00:00,6.329522313385955
2024-11-06 14:00:00,6.419689629299611
2024-11-06 15:00:00,6.540907550444183
2024-11-06 16:00:00,6.784225278160231
2024-11-06 17:00:00,6.6024136545942484
2024-11-06 18:00:00,6.483250306118567
2024-11-06 19:00:00,6.069980511427208
2024-11-06 20:00:00,6.613280867116186
2024-11-06 21:00:00,6.035717173633224
2024-11-06 22:00:00,6.244191654114142
2024-11-06 23:00:00,5.822738936181738
2024-11-07 00:00:00,5.804937566009505
2024-11-07 01:00:00,6.206841271224384
2024-11-07 02:00:00,6.282866631435769
2024-11-07 03:00:00,6.086575012813601
2024-11-07 04:00:00,6.285155176971372
2024-11-07 05:00:00,6.508914778509691
2024-11-07 06:00:00,6.721421962839459
2024-11-07 07:00:00,7.057627445137659
2024-11-07 08:00:00,6.8605611776358515
2024-11-07 09:00:00,6.519709448040842
2024-11-07 10:00:00,7.032696915270892
2024-11-07 11:00:00,7.254472592939037
2024-11-07 12:00:00,6.917834358930808
2024-11-07 13:00:00,6.824689779537783
2024-11-07 14:00:00,6.27467843597369
2024-11-07 15:00:00,6.451153569112483
2024-11-07 16:00:00,6.718667586903786
2024-11-07 17:00:00,6.427526313985984
2024-11-07 18:00:00,6.46787331213904
2024-11-07 19:00:00,5.775865382337427
2024-11-07 20:00:00,5.2207696366482415
2024-11-07 21:00:00,5.48285654399788
2024-11-07 22:00:00,5.947006500070226
2024-11-07 23:00:00,5.902535586352516
2024-11-08 00:00:00,5.5980769150943255
2024-11-08 01:00:00,5.732290600746647
2024-11-08 02:00:00,5.551147709991372
2024-11-08 03:00:00,5.038658478127803
2024-11-08 04:00:00,5.2309468197838855
2024-11-08 05:00:00,4.83515027223225
2024-11-08 06:00:00,4.578875089612982
2024-11-08 07:00:00,5.448590024900202
2024-11-08 08:00:00,5.542733364062112
2024-11-08 09:00:00,5.8022682799107645
2024-11-08 10:00:00,5.792005623893234
2024-11-08 11:00:00,5.402324570055477
2024-11-08 12:00:00,5.748132259043046
2024-11-08 13:00:00,5.4381655748226425
2024-11-08 14:00:00,5.675548509726883
2024-11-08 15:00:00,5.68067177771605
2024-11-08 16:00:00,5.76806338578152
2024-11-08 17:00:00,5.475086390297937
2024-11-08 18:00:00,5.138810399473763
2024-11-08 19:00:00,5.150235804172436
2024-11-08 20:00:00,4.9620491646079685
2024-11-08 21:00:00,4.6693176179159455
2024-11-08 22:00:00,4.650786884612305
2024-11-08 23:00:00,4.670776935065586
2024-11-09 00:00:00,4.345792592312167
2024-11-09 01:00:00,4.3952842764542215
2024-11-09 02:00:00,4.794085849759699
2024-11-09 03:00:00,5.023285216287011
2024-11-09 04:00:00,5.194233837158158
2024-11-09 05:00:00,5.404171280141467
2024-11-09 06:00:00,5.2570459456867
2024-11-09 07:00:00,5.179949084134099
2024-11-09 08:00:00,4.435889844081988
2024-11-09 09:00:00,4.977996546594808
2024-11-09 10:00:00,5.1855571654415495
2024-11-09 11:00:00,5.812071426139428
2024-11-09 12:00:00,5.669970543487128
2024-11-09 13:00:00,6.236918540894316
2024-11-09 14:00:00,5.939119779710569
2024-11-09 15:00:00,5.97180212901758
2024-11-09 16:00:00,6.091885330346534
2024-11-09 17:00:00,6.655232300739697
2024-11-09 18:00:00,6.6815831457160595
2024-11-09 19:00:00,6.181139764715135
2024-11-09 20:00:00,5.57342781708698
2024-11-09 21:00:00,5.912927184187729
2024-11-09 22:00:00,5.930951064447317
2024-11-09 23:00:00,6.246500450814758
2024-11-10 00:00:00,6.8106192850288245
2024-11-10 01:00:00,6.598674050904134
2024-11-10 02:00:00,6.132324921613393
2024-11-10 03:00:00,6.063835398089839
2024-11-10 04:00:00,5.83880803471151
2024-11-10 05:00:00,5.6461796571828895
2024-11-10 06:00:00,5.5546426135483165
2024-11-10 07:00:00,5.7876783333647905
2024-11-10 08:00:00,5.40771240433726
2024-11-10 09:00:00,6.097935712107644
2024-11-10 10:00:00,6.378524836751016
2024-11-10 11:00:00,6.233007835905588
2024-11-10 12:00:00,6.464467512812654
2024-11-10 13:00:00,7.032021167732565
2024-11-10 14:00:00,6.639028653552924
2024-11-10 15:00:00,6.571215898410238
2024-11-10 16:00:00,6.641294892792049
2024-11-10 17:00:00,6.976512447978012
2024-11-10 18:00:00,6.598978298544843
2024-11-10 19:00:00,6.555131422154427
2024-11-10 20:00:00,6.608890867783978
2024-11-10 21:00:00,6.626962898145344
2024-11-10 22:00:00,6.348097998317145
2024-11-10 23:00:00,6.474162990379068
2024-11-11 00:00:00,6.67594356667358
2024-11-11 01:00:00,6.297839052772059
2024-11-11 02:00:00,6.043761283957143
2024-11-11 03:00:00,6.239318492406224
2024-11-11 04:00:00,6.0939850200363095
2024-11-11 05:00:00,5.650112500851684
2024-11-11 06:00:00,5.536463657535493
2024-11-11 07:00:00,5.88169631993621
2024-11-11 08:00:00,62.265770261682526
2024-11-11 09:00:00,58.7002850179772
2024-11-11 10:00:00,52.26241528449744
2024-11-11 11:00:00,47.761368719409965
2024-11-11 12:00:00,42.83197520667643
2024-11-11 13:00:00,39.72962203205441
2024-11-11 14:00:00,39.97660770318406
2024-11-11 15:00:00,37.99430488597779
2024-11-11 16:00:00,39.075060178620966
2024-11-11 17:00:00,40.700468720507416
2024-11-11 18:00:00,44.12878055851813
2024-11-11 19:00:00,47.89281686093372
2024-11-11 20:00:00,7.1007200825837264
2024-11-11 21:00:00,6.847661309988606
2024-11-11 22:00:00,6.9015794727356194
2024-11-11 23:00:00,6.352715727799906
2024-11-12 00:00:00,6.522199394632013
2024-11-12 01:00:00,6.503019827185126
2024-11-12 02:00:00,6.3249679660318066
2024-11-12 03:00:00,6.260112647713346
2024-11-12 04:00:00,5.898084671279118
2024-11-12 05:00:00,6.596491560386242
2024-11-12 06:00:00,6.227239630030218
2024-11-12 07:00:00,6.583975441071875
2024-11-12 08:00:00,70.8212455077569
2024-11-12 09:00:00,66.38467939699252
2024-11-12 10:00:00,61.75080202931756
2024-11-12 11:00:00,57.36529543070348
2024-11-12 12:00:00,52.99535923171771
2024-11-12 13:00:00,48.941950756561084
2024-11-12 14:00:00,48.735309701594694
2024-11-12 15:00:00,47.02073747144547
2024-11-12 16:00:00,48.65601971195988
2024-11-12 17:00:00,51.12878008778861
2024-11-12 18:00:00,54.998322028361486
2024-11-12 19:00:00,58.89118582665348
2024-11-12 20:00:00,5.739008068913734
2024-11-12 21:00:00,6.235257729766027
2024-11-12 22:00:00,6.180810870010805
2024-11-12 23:00:00,5.801831249554955
2024-11-13 00:00:00,6.273697512966652
2024-11-13 01:00:00,6.049939199095863
2024-11-13 02:00:00,5.900567800250932
2024-11-13 03:00:00,5.693290115693941
2024-11-13 04:00:00,6.467074645812771
2024-11-13 05:00:00,6.316083673676226
2024-11-13 06:00:00,6.073148280794893
2024-11-13 07:00:00,5.746119209711937
2024-11-13 08:00:00,74.65634333127196
2024-11-13 09:00:00,72.75025040096494
2024-11-13 10:00:00,70.19393488830572
2024-11-13 11:00:00,70.81782631132761
2024-11-13 12:00:00,69.0460302784652
2024-11-13 13:00:00,69.90528748228768
2024-11-13 14:00:00,69.86591545767693
2024-11-13 15:00:00,70.73334175353826
2024-11-13 16:00:00,69.5519025293683
2024-11-13 17:00:00,69.06599328856628
2024-11-13 18:00:00,69.1116985676312
2024-11-13 19:00:00,68.08836793187588
2024-11-13 20:00:00,6.299508881755156
2024-11-13 21:00:00,5.944226691321294
2024-11-13 22:00:00,6.172011635325626
2024-11-13 23:00:00,5.735955758883295
2024-11-14 00:00:00,5.444861436110878
2024-11-14 01:00:00,5.369922094553839
2024-11-14 02:00:00,5.598801840787146
2024-11-14 03:00:00,5.6656258615836315
2024-11-14 04:00:00,6.257168379131359
2024-11-14 05:00:00,6.336062687970056
2024-11-14 06:00:00,6.448286825754371
2024-11-14 07:00:00,6.583925298927865
2024-11-14 08:00:00,60.74063236905873
2024-11-14 09:00:00,58.83322624998476
2024-11-14 10:00:00,55.845481322629084
2024-11-14 11:00:00,51.655371434825994
2024-11-14 12:00:00,48.44972234342279
2024-11-14 13:00:00,45.86895061951068
2024-11-14 14:00:00,42.21525753816808
2024-11-14 15:00:00,41.87094761159376
2024-11-14 16:00:00,41.294725651321436
2024-11-14 17:00:00,41.953188945391005
2024-11-14 18:00:00,43.203001061937115
2024-11-14 19:00:00,45.43165116609538
2024-11-14 20:00:00,5.07263557809964
2024-11-14 21:00:00,5.043211719702412
2024-11-14 22:00:00,5.197244231277957
2024-11-14 23:00:00,5.114726025289125
2024-11-15 00:00:00,4.973390087786528
2024-11-15 01:00:00,4.9076230119353665
2024-11-15 02:00:00,4.98368817673212
2024-11-15 03:00:00,5.055310078559515
2024-11-15 04:00:00,4.97447690217023
2024-11-15 05:00:00,5.406024596517738
2024-11-15 06:00:00,5.5358907701344835
2024-11-15 07:00:00,5.518546494722665
2024-11-15 08:00:00,52.685967639695626
2024-11-15 09:00:00,51.937668629372794
2024-11-15 10:00:00,50.36845066487491
2024-11-15 11:00:00,47.72561674041128
2024-11-15 12:00:00,44.789002507325364
2024-11-15 13:00:00,42.74904810534592
2024-11-15 14:00:00,40.28484993784278
2024-11-15 15:00:00,39.66084228311649
2024-11-15 16:00:00,40.550533422516786
2024-11-15 17:00:00,41.59396415522479
2024-11-15 18:00:00,43.23992274475806
2024-11-15 19:00:00,45.021432056225315
2024-11-15 20:00:00,6.667414352469066
2024-11-15 21:00:00,5.931224985918059
2024-11-15 22:00:00,5.959443884322027
2024-11-15 23:00:00,5.5629662122524675
2024-11-16 00:00:00,5.027749913395945
2024-11-16 01:00:00,5.245242291733158
2024-11-16 02:00:00,5.107136490018037
2024-11-16 03:00:00,4.913371579921608
2024-11-16 04:00:00,4.9520193765465095
2024-11-16 05:00:00,4.639740420386208
2024-11-16 06:00:00,4.921405295354447
2024-11-16 07:00:00,4.876283366044902
2024-11-16 08:00:00,5.28577060453688
2024-11-16 09:00:00,5.356797811847952
2024-11-16 10:00:00,5.647233449733521
2024-11-16 11:00:00,5.80321642877858
2024-11-16 12:00:00,5.543843428491792
2024-11-16 13:00:00,5.82969569940425
2024-11-16 14:00:00,6.367513143315633
2024-11-16 15:00:00,6.243266988638854
2024-11-16 16:00:00,5.999169512063345
2024-11-16 17:00:00,6.32079328085418
2024-11-16 18:00:00,5.939558718362408
2024-11-16 19:00:00,6.156182984834693
2024-11-16 20:00:00,5.641503274527372
2024-11-16 21:00:00,5.661526978771973
2024-11-16 22:00:00,5.027439660411201
2024-11-16 23:00:00,5.094390045998043
2024-11-17 00:00:00,5.144334630200671
2024-11-17 01:00:00,4.7482477944815935
2024-11-17 02:00:00,5.691696648354719
2024-11-17 03:00:00,5.137531639853141
2024-11-17 04:00:00,5.090182627857418
2024-11-17 05:00:00,4.698812552300588
2024-11-17 06:00:00,4.857925505504234
2024-11-17 07:00:00,5.537639922044058
2024-11-17 08:00:00,5.920299289508381
2024-11-17 09:00:00,5.839850942340479
2024-11-17 10:00:00,5.7914599437309064
2024-11-17 11:00:00,5.3687256108933585
2024-11-17 12:00:00,6.020617414896861
2024-11-17 13:00:00,6.5876996682933235
2024-11-17 14:00:00,6.517582499347375
2024-11-17 15:00:00,5.967684335555363
2024-11-17 16:00:00,5.884379350525315
2024-11-17 17:00:00,5.499712298127083
2024-11-17 18:00:00,5.646740755384136
2024-11-17 19:00:00,5.489780637960635
2024-11-17 20:00:00,5.192407187123235
2024-11-17 21:00:00,5.4428533504722525
2024-11-17 22:00:00,5.358067576282888
2024-11-17 23:00:00,5.5683009683233164
2024-11-18 00:00:00,6.322264773986574
2024-11-18 01:00:00,5.976635476928563
2024-11-18 02:00:00,5.869872669589163
2024-11-18 03:00:00,5.687693644365316
2024-11-18 04:00:00,5.718400029569532
2024-11-18 05:00:00,5.457850663940014
2024-11-18 06:00:00,5.906903641106407
2024-11-18 07:00:00,6.111463807928164
2024-11-18 08:00:00,60.55358967097947
2024-11-18 09:00:00,59.14520167787155
2024-11-18 10:00:00,54.27065343831292
2024-11-18 11:00:00,49.11868353642737
2024-11-18 12:00:00,44.87527586307072
2024-11-18 13:00:00,41.7403878734318
2024-11-18 14:00:00,38.071326890286024
2024-11-18 15:00:00,35.663352331969904
2024-11-18 16:00:00,34.0298159481602
2024-11-18 17:00:00,35.959487116791166
2024-11-18 18:00:00,39.89203763349949
2024-11-18 19:00:00,43.25722334102738
2024-11-18 20:00:00,5.701405202602041
2024-11-18 21:00:00,5.496787578022937
2024-11-18 22:00:00,5.4557141712397295
2024-11-18 23:00:00,5.094796935455632
2024-11-19 00:00:00,4.594952719041738
2024-11-19 01:00:00,4.740335895693126
2024-11-19 02:00:00,4.828976644820048
2024-11-19 03:00:00,4.876559926111551
2024-11-19 04:00:00,5.213619223290292
2024-11-19 05:00:00,5.733448067356276
2024-11-19 06:00:00,5.5059149852745595
2024-11-19 07:00:00,5.234585165003996
2024-11-19 08:00:00,5.335099497288941
2024-11-19 09:00:00,5.531366560215062
2024-11-19 10:00:00,5.776806490782461
2024-11-19 11:00:00,5.675876982306266
2024-11-19 12:00:00,6.573516640227378
2024-11-19 13:00:00,6.443573757877455
2024-11-19 14:00:00,6.5888315269027595
2024-11-19 15:00:00,6.293940871884698
2024-11-19 16:00:00,6.370166801475843
2024-11-19 17:00:00,6.556091789520129
2024-11-19 18:00:00,6.6215550776972245
2024-11-19 19:00:00,6.399748845836534
2024-11-19 20:00:00,6.1009152596269685
2024-11-19 21:00:00,6.474763778571066
2024-11-19 22:00:00,6.080651349386062
2024-11-19 23:00:00,5.878058096527062
2024-11-20 00:00:00,6.894085879684146
2024-11-20 01:00:00,5.735556147750963
2024-11-20 02:00:00,6.106596498655118
2024-11-20 03:00:00,6.205507150906931
2024-11-20 04:00:00,6.222301498332574
2024-11-20 05:00:00,6.221675986961154
2024-11-20 06:00:00,6.289198303078944
2024-11-20 07:00:00,6.267877077461573
2024-11-20 08:00:00,60.74870272557438
2024-11-20 09:00:00,58.99986418029664
2024-11-20 10:00:00,55.84317063214726
2024-11-20 11:00:00,51.47049348131157
2024-11-20 12:00:00,48.10854097739753
2024-11-20 13:00:00,44.04631657764734
2024-11-20 14:00:00,43.12761822775565
2024-11-20 15:00:00,41.601679243979696
2024-11-20 16:00:00,42.46633783103003
2024-11-20 17:00:00,44.25004229021546
2024-11-20 18:00:00,47.26054907632826
2024-11-20 19:00:00,50.09952637170849
2024-11-20 20:00:00,5.771784337713624
2024-11-20 21:00:00,5.7056724452855505
2024-11-20 22:00:00,5.800690162990971
2024-11-20 23:00:00,5.819214437918328
2024-11-21 00:00:00,5.686924894590565
2024-11-21 01:00:00,5.874357048460921
2024-11-21 02:00:00,5.861302906538406
2024-11-21 03:00:00,5.55769537998875
2024-11-21 04:00:00,5.437674867037113
2024-11-21 05:00:00,5.733551482426098
2024-11-21 06:00:00,5.365966058395156
2024-11-21 07:00:00,5.787502505998019
2024-11-21 08:00:00,62.921224369333316
2024-11-21 09:00:00,62.652934028463655
2024-11-21 10:00:00,59.775324693002815
2024-11-21 11:00:00,55.5971470134951
2024-11-21 12:00:00,53.98020977160791
2024-11-21 13:00:00,52.189330611709245
2024-11-21 14:00:00,52.11323261732872
2024-11-21 15:00:00,51.28767113492252
2024-11-21 16:00:00,52.56226924877201
2024-11-21 17:00:00,53.7425338623602
2024-11-21 18:00:00,54.673615275804096
2024-11-21 19:00:00,56.11495831049494
2024-11-21 20:00:00,5.975386244882121
2024-11-21 21:00:00,6.220493998405304
2024-11-21 22:00:00,6.338814399279853
2024-11-21 23:00:00,6.683312568122263
2024-11-22 00:00:00,6.287268406873976
2024-11-22 01:00:00,6.1473019577812495
2024-11-22 02:00:00,6.204530174487071
2024-11-22 03:00:00,5.831221873747565
2024-11-22 04:00:00,6.550933094856852
2024-11-22 05:00:00,6.0652223405749845
2024-11-22 06:00:00,6.689806027023362
2024-11-22 07:00:00,7.503251616303895
2024-11-22 08:00:00,57.9570459177085
2024-11-22 09:00:00,56.67657262046162
2024-11-22 10:00:00,54.690601517887664
2024-11-22 11:00:00,50.70871178364773
2024-11-22 12:00:00,47.188701667765066
2024-11-22 13:00:00,45.50880610161293
2024-11-22 14:00:00,46.010880535646955
2024-11-22 15:00:00,45.44866803515602
2024-11-22 16:00:00,45.61604386480423
2024-11-22 17:00:00,46.32275640474727
2024-11-22 18:00:00,49.960874699664195
2024-11-22 19:00:00,52.746158984221566
2024-11-22 20:00:00,6.208034655894361
2024-11-22 21:00:00,6.464855646075452
2024-11-22 22:00:00,6.579230135537096
2024-11-22 23:00:00,6.224591734495515
2024-11-23 00:00:00,5.354183629971624
2024-11-23 01:00:00,5.576402714845519
2024-11-23 02:00:00,5.774390609300171
2024-11-23 03:00:00,6.004886956113621
2024-11-23 04:00:00,6.551371417816786
2024-11-23 05:00:00,6.022612381848311
2024-11-23 06:00:00,5.84571567369174
2024-11-23 07:00:00,5.857506191027557
2024-11-23 08:00:00,6.038273301466311
2024-11-23 09:00:00,6.113543289239852
2024-11-23 10:00:00,6.199165637615233
2024-11-23 11:00:00,6.576734613212381
2024-11-23 12:00:00,6.371267486402915
2024-11-23 13:00:00,5.951395890109942
2024-11-23 14:00:00,5.591626528066442
2024-11-23 15:00:00,5.9622243323073905
2024-11-23 16:00:00,5.533682587116703
2024-11-23 17:00:00,5.334010472033847
2024-11-23 18:00:00,5.465213610827933
2024-11-23 19:00:00,5.3583001166501205
2024-11-23 20:00:00,5.652934002056962
2024-11-23 21:00:00,5.363390562254915
2024-11-23 22:00:00,5.7010064115954675
2024-11-23 23:00:00,5.244804748270754
2024-11-24 00:00:00,5.370334698122207
2024-11-24 01:00:00,5.162599416063433
2024-11-24 02:00:00,5.278923322192518
2024-11-24 03:00:00,5.688150646326015
2024-11-24 04:00:00,5.427797387434127
2024-11-24 05:00:00,5.4591583930944285
2024-11-24 06:00:00,5.291686717569153
2024-11-24 07:00:00,6.036184286849197
2024-11-24 08:00:00,5.825652960959206
2024-11-24 09:00:00,6.1473853425858085
2024-11-24 10:00:00,6.132665397573378
2024-11-24 11:00:00,6.679063008793955
2024-11-24 12:00:00,6.220286169788445
2024-11-24 13:00:00,6.08513388531753
2024-11-24 14:00:00,5.736330589321723
2024-11-24 15:00:00,5.53762932557993
2024-11-24 16:00:00,5.178929501244415
2024-11-24 17:00:00,4.975683237016197
2024-11-24 18:00:00,5.400241111514232
2024-11-24 19:00:00,5.165808175140324
2024-11-24 20:00:00,5.139100336781903
2024-11-24 21:00:00,4.9910143233786535
2024-11-24 22:00:00,5.652637252614644
2024-11-24 23:00:00,5.1976899252389135
2024-11-25 00:00:00,5.354516918238845
2024-11-25 01:00:00,5.612713565463423
2024-11-25 02:00:00,5.649100009625761
2024-11-25 03:00:00,6.157960869277654
2024-11-25 04:00:00,6.0328657359949025
2024-11-25 05:00:00,6.378657419709604
2024-11-25 06:00:00,6.245885954484938
2024-11-25 07:00:00,6.848389167248958
2024-11-25 08:00:00,50.781418375083405
2024-11-25 09:00:00,49.68700824315725
2024-11-25 10:00:00,47.55429405855372
2024-11-25 11:00:00,47.52096468094083
2024-11-25 12:00:00,47.00018294344416
2024-11-25 13:00:00,46.02218316419257
2024-11-25 14:00:00,46.309711561956824
2024-11-25 15:00:00,46.48562606690899
2024-11-25 16:00:00,46.95321469226089
2024-11-25 17:00:00,48.62410764861099
2024-11-25 18:00:00,50.621949007309595
2024-11-25 19:00:00,53.178092579971675
2024-11-25 20:00:00,5.09891157801127
2024-11-25 21:00:00,5.382942832828105
2024-11-25 22:00:00,5.30636376452407
2024-11-25 23:00:00,6.108507578610195
2024-11-26 00:00:00,5.733468574132269
2024-11-26 01:00:00,6.100333233507809
2024-11-26 02:00:00,5.869318015099114
2024-11-26 03:00:00,5.5869756758939415
2024-11-26 04:00:00,5.56987758202792
2024-11-26 05:00:00,5.340989052917898
2024-11-26 06:00:00,5.4476410752243485
2024-11-26 07:00:00,5.487410911081592
2024-11-26 08:00:00,75.06904859167099
2024-11-26 09:00:00,73.32781752619728
2024-11-26 10:00:00,70.18576778754299
2024-11-26 11:00:00,65.80554929490934
2024-11-26 12:00:00,62.941802807522215
2024-11-26 13:00:00,60.09195279273217
2024-11-26 14:00:00,59.322819300353586
2024-11-26 15:00:00,57.155176440867656
2024-11-26 16:00:00,56.44562751592876
2024-11-26 17:00:00,57.237557197119564
2024-11-26 18:00:00,58.838853630361974
2024-11-26 19:00:00,60.62996236930584
2024-11-26 20:00:00,6.052350739659758
2024-11-26 21:00:00,6.519116538552823
2024-11-26 22:00:00,6.45356150607146
2024-11-26 23:00:00,6.197316820524351
2024-11-27 00:00:00,6.254447616412434
2024-11-27 01:00:00,5.970346899099879
2024-11-27 02:00:00,6.103245953817876
2024-11-27 03:00:00,5.843921696794447
2024-11-27 04:00:00,5.452604090373147
2024-11-27 05:00:00,6.378087857999722
2024-11-27 06:00:00,5.891471538961832
2024-11-27 07:00:00,6.6428823720610986
2024-11-27 08:00:00,80.00499476072255
2024-11-27 09:00:00,77.42255381382766
2024-11-27 10:00:00,72.5031796015959
2024-11-27 11:00:00,66.58582292344997
2024-11-27 12:00:00,61.123450629935
2024-11-27 13:00:00,56.62218124480873
2024-11-27 14:00:00,53.34135482742667
2024-11-27 15:00:00,49.65141635880009
2024-11-27 16:00:00,47.93013714908795
2024-11-27 17:00:00,49.58028241568391
2024-11-27 18:00:00,53.176087666831194
2024-11-27 19:00:00,55.63070537162539
2024-11-27 20:00:00,6.180708976287623
2024-11-27 21:00:00,6.084464244833569
2024-11-27 22:00:00,5.466704670655497
2024-11-27 23:00:00,5.8819970962455566
2024-11-28 00:00:00,5.677545249965449
2024-11-28 01:00:00,6.155920135259176
2024-11-28 02:00:00,6.245345026483391
2024-11-28 03:00:00,6.040808135308646
2024-11-28 04:00:00,6.257853228481412
2024-11-28 05:00:00,6.560578751266607
2024-11-28 06:00:00,7.180064197896747
2024-11-28 07:00:00,6.935004809564066
2024-11-28 08:00:00,82.71406371168992
2024-11-28 09:00:00,78.96854381372157
2024-11-28 10:00:00,74.75285175850017
2024-11-28 11:00:00,67.42421915889284
2024-11-28 12:00:00,61.20785208886758
2024-11-28 13:00:00,56.525457532318484
2024-11-28 14:00:00,54.32643938061794
2024-11-28 15:00:00,51.282736374413645
2024-11-28 16:00:00,50.518717308566806
2024-11-28 17:00:00,51.69438953142845
2024-11-28 18:00:00,55.44019964025786
2024-11-28 19:00:00,57.6175485626929
2024-11-28 20:00:00,6.744942089056724
2024-11-28 21:00:00,6.3634875197728995
2024-11-28 22:00:00,6.197603881961698
2024-11-28 23:00:00,6.1651072746477205
2024-11-29 00:00:00,6.680301257250756
2024-11-29 01:00:00,6.376353372341694
2024-11-29 02:00:00,6.013473428123233
2024-11-29 03:00:00,5.909278925804313
2024-11-29 04:00:00,6.408269343400847
2024-11-29 05:00:00,6.184289059269958
2024-11-29 06:00:00,6.586091236761469
2024-11-29 07:00:00,6.401415017025243
2024-11-29 08:00:00,76.7963598023674
2024-11-29 09:00:00,74.68091898050106
2024-11-29 10:00:00,70.45327074834886
2024-11-29 11:00:00,64.81783038437254
2024-11-29 12:00:00,58.52103509120179
2024-11-29 13:00:00,53.557783726130026
2024-11-29 14:00:00,50.34414892870132
2024-11-29 15:00:00,47.652782364018826
2024-11-29 16:00:00,45.92273789641057
2024-11-29 17:00:00,46.15556832799972
2024-11-29 18:00:00,49.048454302926345
2024-11-29 19:00:00,51.9077682536725
2024-11-29 20:00:00,5.820174090409263
2024-11-29 21:00:00,5.4423554265254905
2024-11-29 22:00:00,5.030510542858847
2024-11-29 23:00:00,5.492751559195535
2024-11-30 00:00:00,5.253188243811133
2024-11-30 01:00:00,5.234907097565203
2024-11-30 02:00:00,5.806864644355569
2024-11-30 03:00:00,5.789018344959243
2024-11-30 04:00:00,5.804091206406674
2024-11-30 05:00:00,5.8216768892311626
2024-11-30 06:00:00,6.157474793728103
2024-11-30 07:00:00,5.832944132825136
2024-11-30 08:00:00,5.67879599316533
2024-11-30 09:00:00,6.159331805136047
2024-11-30 10:00:00,6.309074346855769
2024-11-30 11:00:00,6.271985316831169
2024-11-30 12:00:00,6.683206393048769
2024-11-30 13:00:00,6.796374129741709
2024-11-30 14:00:00,6.938228108059553
2024-11-30 15:00:00,6.7047109517021015
2024-11-30 16:00:00,6.836670449798715
2024-11-30 17:00:00,6.94803607796039
2024-11-30 18:00:00,6.858487711191224
2024-11-30 19:00:00,6.058153721272167
2024-11-30 20:00:00,6.308370454764226
2024-11-30 21:00:00,5.6188463831300615
2024-11-30 22:00:00,5.801899910053319
2024-11-30 23:00:00,5.762716711237323
2024-12-01 00:00:00,5.736310766143852
2024-12-01 01:00:00,5.802685126426653
2024-12-01 02:00:00,5.867385497556888
2024-12-01 03:00:00,5.161659510298424
2024-12-01 04:00:00,4.9079744159696315
2024-12-01 05:00:00,5.6779405379280385
2024-12-01 06:00:00,4.862021181750317
2024-12-01 07:00:00,4.939624322927527
2024-12-01 08:00:00,5.385833462994268
2024-12-01 09:00:00,5.755683655352806
2024-12-01 10:00:00,5.84174506562494
2024-12-01 11:00:00,6.287808263313583
2024-12-01 12:00:00,6.543417222868535
2024-12-01 13:00:00,6.511584564076505
2024-12-01 14:00:00,6.697828064337558
2024-12-01 15:00:00,6.191725835186033
2024-12-01 16:00:00,5.964523182096844
2024-12-01 17:00:00,6.610159211743299
2024-12-01 18:00:00,6.608773107279112
2024-12-01 19:00:00,7.223432449261113
2024-12-01 20:00:00,6.820637879105686
2024-12-01 21:00:00,6.444197604210095
2024-12-01 22:00:00,6.520539407633886
2024-12-01 23:00:00,6.233983110243769
2024-12-02 00:00:00,6.566391713488895
2024-12-02 01:00:00,6.765048652147094
2024-12-02 02:00:00,6.355893026313314
2024-12-02 03:00:00,6.502788439221627
2024-12-02 04:00:00,6.538830966460701
2024-12-02 05:00:00,6.796760086899983
2024-12-02 06:00:00,7.296005166330141
2024-12-02 07:00:00,7.470125248115671
2024-12-02 08:00:00,62.90249553058537
2024-12-02 09:00:00,61.944828946792164
2024-12-02 10:00:00,59.76285614966163
2024-12-02 11:00:00,56.160281211349385
2024-12-02 12:00:00,53.38180179487147
2024-12-02 13:00:00,51.3244990080274
2024-12-02 14:00:00,48.2171628226008
2024-12-02 15:00:00,47.59886118701667
2024-12-02 16:00:00,47.269633197176674
2024-12-02 17:00:00,48.25480300647826
2024-12-02 18:00:00,50.54048790595633
2024-12-02 19:00:00,51.72697663712404
2024-12-02 20:00:00,6.858817483846477
2024-12-02 21:00:00,6.911149498618608
2024-12-02 22:00:00,6.719318958180878
2024-12-02 23:00:00,7.01505774025326
2024-12-03 00:00:00,6.561273441976519
2024-12-03 01:00:00,6.680409599025501
2024-12-03 02:00:00,6.871859434480814
2024-12-03 03:00:00,7.717885872080235
2024-12-03 04:00:00,7.891543604263459
2024-12-03 05:00:00,7.731698852041417
2024-12-03 06:00:00,7.4975679768768755
2024-12-03 07:00:00,7.246551937453158
2024-12-03 08:00:00,73.63190655289806
2024-12-03 09:00:00,72.35856741067948
2024-12-03 10:00:00,67.90119437178075
2024-12-03 11:00:00,64.03609572941686
2024-12-03 12:00:00,58.99195652338409
2024-12-03 13:00:00,53.95231634658602
2024-12-03 14:00:00,50.893740649121334
2024-12-03 15:00:00,50.22046910452356
2024-12-03 16:00:00,51.084824146715945
2024-12-03 17:00:00,51.778236831302756
2024-12-03 18:00:00,54.017111468797296
2024-12-03 19:00:00,55.17748866540951
2024-12-03 20:00:00,6.175505816892874
2024-12-03 21:00:00,6.275975091606294
2024-12-03 22:00:00,6.036347052990336
2024-12-03 23:00:00,6.205882815349203
2024-12-04 00:00:00,5.94077267275733
2024-12-04 01:00:00,5.628729140756839
2024-12-04 02:00:00,5.806016592803852
2024-12-04 03:00:00,5.876577078585396
2024-12-04 04:00:00,6.130454150613414
2024-12-04 05:00:00,5.745338621805156
2024-12-04 06:00:00,5.847366181717808
2024-12-04 07:00:00,5.858528165706389
2024-12-04 08:00:00,61.74185053078401
2024-12-04 09:00:00,61.59213631382488
2024-12-04 10:00:00,58.6522721187565
2024-12-04 11:00:00,54.328355838477904
2024-12-04 12:00:00,52.4365969051146
2024-12-04 13:00:00,50.06175274700111
2024-12-04 14:00:00,48.708138025627804
2024-12-04 15:00:00,48.19937388534092
2024-12-04 16:00:00,48.49410728210851
2024-12-04 17:00:00,50.13933227700604
2024-12-04 18:00:00,53.10353020213545
2024-12-04 19:00:00,56.023680222197626
2024-12-04 20:00:00,5.838133999880341
2024-12-04 21:00:00,5.8023164058080114
2024-12-04 22:00:00,5.84851873583262
2024-12-04 23:00:00,6.1049474302926
2024-12-05 00:00:00,5.671545979506496
2024-12-05 01:00:00,5.842929205226061
2024-12-05 02:00:00,5.918782564997868
2024-12-05 03:00:00,6.562990351258341
2024-12-05 04:00:00,6.5025698307509
2024-12-05 05:00:00,7.081007431256065
2024-12-05 06:00:00,6.9616686757664805
2024-12-05 07:00:00,7.193467087673002
2024-12-05 08:00:00,74.46661990936256
2024-12-05 09:00:00,73.50746936238363
2024-12-05 10:00:00,68.48570142328836
2024-12-05 11:00:00,63.11474691331389
2024-12-05 12:00:00,58.789098898801804
2024-12-05 13:00:00,53.98405275103782
2024-12-05 14:00:00,51.93931404995313
2024-12-05 15:00:00,48.95818188948881
2024-12-05 16:00:00,47.356384320898755
2024-12-05 17:00:00,49.07380029416378
2024-12-05 18:00:00,51.91395044692622
2024-12-05 19:00:00,55.317319442890174
2024-12-05 20:00:00,6.529328895222634
2024-12-05 21:00:00,6.1141505219444054
2024-12-05 22:00:00,5.806392303836082
2024-12-05 23:00:00,6.021450406755484
2024-12-06 00:00:00,5.529087768221285
2024-12-06 01:00:00,6.101187887854778
2024-12-06 02:00:00,5.6885562539891446
2024-12-06 03:00:00,6.013427377773877
2024-12-06 04:00:00,6.5038443280382445
2024-12-06 05:00:00,6.70501286194084
2024-12-06 06:00:00,6.786995618659167
2024-12-06 07:00:00,6.809153256640358
2024-12-06 08:00:00,73.99677474421833
2024-12-06 09:00:00,71.09826741231423
2024-12-06 10:00:00,67.20653791506021
2024-12-06 11:00:00,60.958846379309314
2024-12-06 12:00:00,55.921148436468364
2024-12-06 13:00:00,52.081971788564005
2024-12-06 14:00:00,50.15200233194669
2024-12-06 15:00:00,47.21219421527312
2024-12-06 16:00:00,45.54196122203914
2024-12-06 17:00:00,46.81657998220907
2024-12-06 18:00:00,49.19556003888655
2024-12-06 19:00:00,52.161385260650775
2024-12-06 20:00:00,6.226701692687544
2024-12-06 21:00:00,5.794705054941584
2024-12-06 22:00:00,5.940435019188612
2024-12-06 23:00:00,5.764554334551005
2024-12-07 00:00:00,5.478089769361577
2024-12-07 01:00:00,4.8566331586421585
2024-12-07 02:00:00,5.7323486480771635
2024-12-07 03:00:00,5.357737837088019
2024-12-07 04:00:00,5.7960926999616635
2024-12-07 05:00:00,5.727466176472348
2024-12-07 06:00:00,5.813480761959308
2024-12-07 07:00:00,6.2466606393828865
2024-12-07 08:00:00,6.589234221682828
2024-12-07 09:00:00,6.447384479682478
2024-12-07 10:00:00,6.9579739289354166
2024-12-07 11:00:00,6.497822793843804
2024-12-07 12:00:00,6.999280577871911
2024-12-07 13:00:00,6.559077574429018
2024-12-07 14:00:00,6.084492781017768
2024-12-07 15:00:00,6.402409325771023
2024-12-07 16:00:00,6.08269189894918
2024-12-07 17:00:00,5.746459381813742
2024-12-07 18:00:00,5.612351565031372
2024-12-07 19:00:00,5.809095762826784
2024-12-07 20:00:00,5.548538462662153
2024-12-07 21:00:00,5.398496856475411
2024-12-07 22:00:00,5.160169122613492
2024-12-07 23:00:00,5.434295458022023
2024-12-08 00:00:00,5.124668478494072
2024-12-08 01:00:00,5.334240265463433
2024-12-08 02:00:00,5.475044185128595
2024-12-08 03:00:00,5.298383183112529
2024-12-08 04:00:00,5.586763425210521
2024-12-08 05:00:00,5.586507681924412
2024-12-08 06:00:00,5.090151089932792
2024-12-08 07:00:00,5.268033912525727
2024-12-08 08:00:00,5.323503761461089
2024-12-08 09:00:00,5.257219429608213
2024-12-08 10:00:00,5.554141767276137
2024-12-08 11:00:00,5.95843308306042
2024-12-08 12:00:00,5.565338761642428
2024-12-08 13:00:00,5.564923944725128
2024-12-08 14:00:00,5.463732884892741
2024-12-08 15:00:00,5.970346297988769
2024-12-08 16:00:00,6.391688143390526
2024-12-08 17:00:00,6.046023452208432
2024-12-08 18:00:00,6.025435924108057
2024-12-08 19:00:00,5.7175974466935875
2024-12-08 20:00:00,5.55455140432918
2024-12-08 21:00:00,5.491724915132077
2024-12-08 22:00:00,5.542084318211665
2024-12-08 23:00:00,5.128921848903411
2024-12-09 00:00:00,5.504541198253353
2024-12-09 01:00:00,6.066848892329608
2024-12-09 02:00:00,5.900670854272268
2024-12-09 03:00:00,5.787714672551572
2024-12-09 04:00:00,5.8507600284873424
2024-12-09 05:00:00,6.1879590672831
2024-12-09 06:00:00,6.318268332643875
2024-12-09 07:00:00,6.406010051699216
2024-12-09 08:00:00,80.83384412652038
2024-12-09 09:00:00,79.67581746570742
2024-12-09 10:00:00,75.95992374888105
2024-12-09 11:00:00,72.0916022538519
2024-12-09 12:00:00,68.31727646936235
2024-12-09 13:00:00,65.17839948701888
2024-12-09 14:00:00,64.97995416281294
2024-12-09 15:00:00,63.936281715884284
2024-12-09 16:00:00,63.12944917246477
2024-12-09 17:00:00,66.04546188060722
2024-12-09 18:00:00,68.65283486021691
2024-12-09 19:00:00,70.83373423831722
2024-12-09 20:00:00,6.4432879623177675
2024-12-09 21:00:00,6.230939510513191
2024-12-09 22:00:00,6.236722561467487
2024-12-09 23:00:00,5.9252184597404325
2024-12-10 00:00:00,6.330149222650471
2024-12-10 01:00:00,6.036949001552251
2024-12-10 02:00:00,6.016218013166161
2024-12-10 03:00:00,6.0050839815193005
2024-12-10 04:00:00,5.783674030314704
2024-12-10 05:00:00,5.8554057010589515
2024-12-10 06:00:00,6.00595509269135
2024-12-10 07:00:00,6.466415203762406
2024-12-10 08:00:00,86.18852777195659
2024-12-10 09:00:00,84.3011419293557
2024-12-10 10:00:00,81.3950622428065
2024-12-10 11:00:00,77.63904946906126
2024-12-10 12:00:00,71.96040838176364
2024-12-10 13:00:00,68.34980912122873
2024-12-10 14:00:00,66.22918098528667
2024-12-10 15:00:00,65.17225240072558
2024-12-10 16:00:00,65.59541914080376
2024-12-10 17:00:00,66.642715015092
2024-12-10 18:00:00,69.35745022003901
2024-12-10 19:00:00,71.90137029688938
2024-12-10 20:00:00,7.132936391694315
2024-12-10 21:00:00,7.043296717545641
2024-12-10 22:00:00,6.776448842481824
2024-12-10 23:00:00,6.431086045618633
2024-12-11 00:00:00,6.588804411907653
2024-12-11 01:00:00,6.650966118488434
2024-12-11 02:00:00,6.4621958857999156
2024-12-11 03:00:00,6.351000214917822
2024-12-11 04:00:00,6.460212052590245
2024-12-11 05:00:00,6.905840106960994
2024-12-11 06:00:00,6.456190506255663
2024-12-11 07:00:00,6.831483808961486
2024-12-11 08:00:00,77.52031413205094
2024-12-11 09:00:00,76.67439999780144
2024-12-11 10:00:00,75.04209908673576
2024-12-11 11:00:00,72.47268046091297
2024-12-11 12:00:00,70.66054129656753
2024-12-11 13:00:00,68.65745104590957
2024-12-11 14:00:00,68.21363952879383
2024-12-11 15:00:00,67.14625453285909
2024-12-11 16:00:00,66.15702107608526
2024-12-11 17:00:00,67.28001359207224
2024-12-11 18:00:00,68.84304133743882
2024-12-11 19:00:00,70.41945411106296
2024-12-11 20:00:00,6.536863705790011
2024-12-11 21:00:00,6.10044322016843
2024-12-11 22:00:00,6.4929183200349
2024-12-11 23:00:00,6.520253733318365
2024-12-12 00:00:00,5.80513950596204
2024-12-12 01:00:00,5.897104267554584
2024-12-12 02:00:00,5.830859070674937
2024-12-12 03:00:00,5.754602760822896
2024-12-12 04:00:00,6.047178443577261
2024-12-12 05:00:00,5.856947953680958
2024-12-12 06:00:00,5.598979343415309
2024-12-12 07:00:00,5.845101402542981
2024-12-12 08:00:00,79.62944433444035
2024-12-12 09:00:00,77.94470332342675
2024-12-12 10:00:00,74.87399422174244
2024-12-12 11:00:00,71.24092184783058
2024-12-12 12:00:00,67.5667183282416
2024-12-12 13:00:00,63.69166389243507
2024-12-12 14:00:00,62.14357624093391
2024-12-12 15:00:00,60.96070253456205
2024-12-12 16:00:00,61.203300401634046
2024-12-12 17:00:00,62.43016086972035
2024-12-12 18:00:00,64.21503831339815
2024-12-12 19:00:00,66.65228986680017
2024-12-12 20:00:00,6.3372223302082205
2024-12-12 21:00:00,6.188444665116355
2024-12-12 22:00:00,6.010097309947954
2024-12-12 23:00:00,6.2557752263420365
2024-12-13 00:00:00,5.698901448900134
2024-12-13 01:00:00,5.931511409133233
2024-12-13 02:00:00,5.637440095242679
2024-12-13 03:00:00,6.0823851938220335
2024-12-13 04:00:00,6.9000541121224135
2024-12-13 05:00:00,7.130174044130308
2024-12-13 06:00:00,7.447893108072985
2024-12-13 07:00:00,7.36982120161802
2024-12-13 08:00:00,76.32533917808976
2024-12-13 09:00:00,74.40394593970193
2024-12-13 10:00:00,72.9617026222714
2024-12-13 11:00:00,71.49439751770139
2024-12-13 12:00:00,69.49293937492847
2024-12-13 13:00:00,68.03410770086784
2024-12-13 14:00:00,66.23537637268771
2024-12-13 15:00:00,64.70055398516905
2024-12-13 16:00:00,63.56710965817617
2024-12-13 17:00:00,65.34332082945913
2024-12-13 18:00:00,67.34967760079037
2024-12-13 19:00:00,69.43984653366951
2024-12-13 20:00:00,6.085957641341698
2024-12-13 21:00:00,5.54183549609338
2024-12-13 22:00:00,5.585463646165618
2024-12-13 23:00:00,5.549881587532166
2024-12-14 00:00:00,4.954518934077808
2024-12-14 01:00:00,5.148182448719305
2024-12-14 02:00:00,5.103927716024534
2024-12-14 03:00:00,4.294090768342555
2024-12-14 04:00:00,3.9867412483744222
2024-12-14 05:00:00,4.728861970498076
2024-12-14 06:00:00,5.076790529306786
2024-12-14 07:00:00,5.576837516276816
2024-12-14 08:00:00,5.307087937630884
2024-12-14 09:00:00,5.796472537257424
2024-12-14 10:00:00,5.7945572713912865
2024-12-14 11:00:00,5.940989377196838
2024-12-14 12:00:00,5.938784086842001
2024-12-14 13:00:00,6.359907509738903
2024-12-14 14:00:00,5.850574239119787
2024-12-14 15:00:00,5.994269556624828
2024-12-14 16:00:00,5.993564379012028
2024-12-14 17:00:00,5.687104454244797
2024-12-14 18:00:00,5.746537169331093
2024-12-14 19:00:00,5.436548453731124
2024-12-14 20:00:00,5.123698821607126
2024-12-14 21:00:00,5.954068381125388
2024-12-14 22:00:00,5.581419586749058
2024-12-14 23:00:00,5.981819302096314
2024-12-15 00:00:00,5.328636083419382
2024-12-15 01:00:00,5.326139854998469
2024-12-15 02:00:00,5.29643053481041
2024-12-15 03:00:00,5.333290053328698
2024-12-15 04:00:00,5.326264354933037
2024-12-15 05:00:00,5.253949655818665
2024-12-15 06:00:00,5.958433212841203
2024-12-15 07:00:00,5.764211786188673
2024-12-15 08:00:00,5.828388105051669
2024-12-15 09:00:00,5.899774419369801
2024-12-15 10:00:00,5.952611108231052
2024-12-15 11:00:00,6.499904120835143
2024-12-15 12:00:00,6.432339781787935
2024-12-15 13:00:00,6.940084107765606
2024-12-15 14:00:00,6.658412849430385
2024-12-15 15:00:00,6.405810900064551
2024-12-15 16:00:00,6.509042711444135
2024-12-15 17:00:00,6.193818930620098
2024-12-15 18:00:00,6.153890891524137
2024-12-15 19:00:00,5.885033437446815
2024-12-15 20:00:00,5.5506335052757025
2024-12-15 21:00:00,5.687028292159923
2024-12-15 22:00:00,5.2350589724723395
2024-12-15 23:00:00,5.492911415461983
2024-12-16 00:00:00,5.602436590580868
2024-12-16 01:00:00,6.20797028362461
2024-12-16 02:00:00,5.896989616799694
2024-12-16 03:00:00,6.211885477766148
2024-12-16 04:00:00,6.359199277189612
2024-12-16 05:00:00,6.50758691366649
2024-12-16 06:00:00,6.654479835942933
2024-12-16 07:00:00,5.871776875197969
2024-12-16 08:00:00,87.03182493048972
2024-12-16 09:00:00,85.26203259415192
2024-12-16 10:00:00,80.81764563840255
2024-12-16 11:00:00,75.17513043833073
2024-12-16 12:00:00,68.79517029063531
2024-12-16 13:00:00,64.08310843328238
2024-12-16 14:00:00,60.99126402810833
2024-12-16 15:00:00,57.98549835066969
2024-12-16 16:00:00,57.4495263137627
2024-12-16 17:00:00,59.3254819702617
2024-12-16 18:00:00,63.60154764836172
2024-12-16 19:00:00,67.54418156053045
2024-12-16 20:00:00,6.9764034597312685
2024-12-16 21:00:00,6.922015808437925
2024-12-16 22:00:00,6.732038146031757
2024-12-16 23:00:00,6.719852125240505
2024-12-17 00:00:00,6.778092362770606
2024-12-17 01:00:00,6.713579287861017
2024-12-17 02:00:00,6.588641155937631
2024-12-17 03:00:00,6.56458439904396
2024-12-17 04:00:00,6.964232331588588
2024-12-17 05:00:00,7.361819876116401
2024-12-17 06:00:00,7.27310386930278
2024-12-17 07:00:00,7.187760505571637
2024-12-17 08:00:00,90.43592463793138
2024-12-17 09:00:00,89.28490806102984
2024-12-17 10:00:00,85.1956077522046
2024-12-17 11:00:00,78.87696290696029
2024-12-17 12:00:00,73.68727443978645
2024-12-17 13:00:00,69.72873835133692
2024-12-17 14:00:00,67.94275700589064
2024-12-17 15:00:00,64.44932497047026
2024-12-17 16:00:00,63.583547190646826
2024-12-17 17:00:00,64.43266837178747
2024-12-17 18:00:00,66.93512074370129
2024-12-17 19:00:00,68.16553228940717
2024-12-17 20:00:00,7.627644119494402
2024-12-17 21:00:00,7.520551448251969
2024-12-17 22:00:00,7.55138195922818
2024-12-17 23:00:00,7.276532961884898
2024-12-18 00:00:00,6.6468825951033415
2024-12-18 01:00:00,7.455310224774175
2024-12-18 02:00:00,7.6466798172241965
2024-12-18 03:00:00,7.064889627866747
2024-12-18 04:00:00,6.811827594443337
2024-12-18 05:00:00,6.878605037469713
2024-12-18 06:00:00,6.803383849266689
2024-12-18 07:00:00,7.162087372303563
2024-12-18 08:00:00,87.9885459933132
2024-12-18 09:00:00,85.74584958775425
2024-12-18 10:00:00,81.55892893336662
2024-12-18 11:00:00,75.13980457369294
2024-12-18 12:00:00,69.49511212730162
2024-12-18 13:00:00,63.72613619284013
2024-12-18 14:00:00,61.49956664728065
2024-12-18 15:00:00,58.6935405887032
2024-12-18 16:00:00,58.01225265336791
2024-12-18 17:00:00,58.7829004309714
2024-12-18 18:00:00,60.78693682277663
2024-12-18 19:00:00,62.295758408576326
2024-12-18 20:00:00,5.918683047244106
2024-12-18 21:00:00,6.244185406697951
2024-12-18 22:00:00,6.21107383964811
2024-12-18 23:00:00,6.0263789427600525
2024-12-19 00:00:00,5.977166217811584
2024-12-19 01:00:00,6.300893890054648
2024-12-19 02:00:00,6.512202545660295
2024-12-19 03:00:00,6.060886901486371
2024-12-19 04:00:00,6.221200346269645
2024-12-19 05:00:00,6.643887060923099
2024-12-19 06:00:00,6.504808469525418
2024-12-19 07:00:00,6.33320912125258
2024-12-19 08:00:00,67.1284067846168
2024-12-19 09:00:00,65.09159089256845
2024-12-19 10:00:00,62.543317776541194
2024-12-19 11:00:00,58.59380382026811
2024-12-19 12:00:00,56.5791988402052
2024-12-19 13:00:00,54.08482315672797
2024-12-19 14:00:00,52.99573747828355
2024-12-19 15:00:00,51.980252103241185
2024-12-19 16:00:00,51.49736587450827
2024-12-19 17:00:00,52.605717091861024
2024-12-19 18:00:00,55.495073132503975
2024-12-19 19:00:00,59.49886526514829
2024-12-19 20:00:00,6.746424345911828
2024-12-19 21:00:00,6.830377479943434
2024-12-19 22:00:00,6.766943283727138
2024-12-19 23:00:00,6.2708815850895165
2024-12-20 00:00:00,6.9120124454369
2024-12-20 01:00:00,6.837800862233854
2024-12-20 02:00:00,7.029729429731416
2024-12-20 03:00:00,7.585164481170944
2024-12-20 04:00:00,7.447026002408641
2024-12-20 05:00:00,7.217957737980955
2024-12-20 06:00:00,7.08416051051873
2024-12-20 07:00:00,6.7396804664236765
2024-12-20 08:00:00,87.17724269524935
2024-12-20 09:00:00,86.22729395356963
2024-12-20 10:00:00,81.18373430182497
2024-12-20 11:00:00,75.65475630270477
2024-12-20 12:00:00,70.21029099550586
2024-12-20 13:00:00,66.23365080547998
2024-12-20 14:00:00,63.46196590891198
2024-12-20 15:00:00,60.49668928411281
2024-12-20 16:00:00,60.119722838274015
2024-12-20 17:00:00,62.29007590908519
2024-12-20 18:00:00,66.08807801357499
2024-12-20 19:00:00,68.36694856666755
2024-12-20 20:00:00,5.572847415863556
2024-12-20 21:00:00,5.296430617738614
2024-12-20 22:00:00,5.141430573802896
2024-12-20 23:00:00,5.1844385434334574
2024-12-21 00:00:00,4.8244899259173755
2024-12-21 01:00:00,4.56898172045376
2024-12-21 02:00:00,4.594931662874226
2024-12-21 03:00:00,4.644983916395639
2024-12-21 04:00:00,5.080793395695086
2024-12-21 05:00:00,5.186080162959977
2024-12-21 06:00:00,5.353437321733057
2024-12-21 07:00:00,6.056859052651809
2024-12-21 08:00:00,6.082948453688078
2024-12-21 09:00:00,6.47687500636827
2024-12-21 10:00:00,6.259987821944845
2024-12-21 11:00:00,6.60560928249226
2024-12-21 12:00:00,6.810970101385007
2024-12-21 13:00:00,6.7298686449555385
2024-12-21 14:00:00,6.7633592984140565
2024-12-21 15:00:00,6.806020883626273
2024-12-21 16:00:00,6.599284573239359
2024-12-21 17:00:00,6.753320569710988
2024-12-21 18:00:00,7.099542778094867
2024-12-21 19:00:00,7.044963733462756
2024-12-21 20:00:00,7.049358104766448
2024-12-21 21:00:00,6.69164822838649
2024-12-21 22:00:00,6.436623454866374
2024-12-21 23:00:00,6.432214485580244
2024-12-22 00:00:00,6.4987186746643415
2024-12-22 01:00:00,6.266418558638334
2024-12-22 02:00:00,6.022750238360576
2024-12-22 03:00:00,6.57075809721953
2024-12-22 04:00:00,6.671235029541437
2024-12-22 05:00:00,7.046186112824915
2024-12-22 06:00:00,7.106887257958675
2024-12-22 07:00:00,6.955362732807612
2024-12-22 08:00:00,7.14473394157787
2024-12-22 09:00:00,7.256724024009719
2024-12-22 10:00:00,7.493323156023575
2024-12-22 11:00:00,7.253433300968651
2024-12-22 12:00:00,6.939013202017614
2024-12-22 13:00:00,6.913397221643764
2024-12-22 14:00:00,7.025614406363431
2024-12-22 15:00:00,7.0100994825201575
2024-12-22 16:00:00,7.061277653510855
2024-12-22 17:00:00,7.160732420190427
2024-12-22 18:00:00,6.758986857471046
2024-12-22 19:00:00,6.47079195742945
2024-12-22 20:00:00,6.49618253609449
2024-12-22 21:00:00,5.88562806674262
2024-12-22 22:00:00,5.7749165171986
2024-12-22 23:00:00,5.649674537391421
2024-12-23 00:00:00,6.119986958134398
2024-12-23 01:00:00,5.8572356833636485
2024-12-23 02:00:00,5.328916040699599
2024-12-23 03:00:00,5.8286778427673225
2024-12-23 04:00:00,5.216249532148838
2024-12-23 05:00:00,5.03865988278797
2024-12-23 06:00:00,4.801998286136894
2024-12-23 07:00:00,5.065169075087126
2024-12-23 08:00:00,81.48573991648301
2024-12-23 09:00:00,77.66107080949732
2024-12-23 10:00:00,71.09988992369429
2024-12-23 11:00:00,66.26878045345585
2024-12-23 12:00:00,60.90093681289078
2024-12-23 13:00:00,59.015254516243814
2024-12-23 14:00:00,58.757902088256834
2024-12-23 15:00:00,58.04969249036578
2024-12-23 16:00:00,59.319600017764955
2024-12-23 17:00:00,60.979272553239355
2024-12-23 18:00:00,64.16505099502606
2024-12-23 19:00:00,66.38596256487756
2024-12-23 20:00:00,6.17538589367728
2024-12-23 21:00:00,5.772671224616748
2024-12-23 22:00:00,5.439183822902047
2024-12-23 23:00:00,4.844267684276031
2024-12-24 00:00:00,5.304675107048468
2024-12-24 01:00:00,5.447705014702145
2024-12-24 02:00:00,5.628850278206791
2024-12-24 03:00:00,5.329579236592418
2024-12-24 04:00:00,5.174748045989662
2024-12-24 05:00:00,5.710630802446218
2024-12-24 06:00:00,6.052182432672271
2024-12-24 07:00:00,5.848820854474253
2024-12-24 08:00:00,87.353354650231
2024-12-24 09:00:00,85.95418524981434
2024-12-24 10:00:00,79.77046864626938
2024-12-24 11:00:00,71.57330112376951
2024-12-24 12:00:00,65.58888826409742
2024-12-24 13:00:00,60.27806061517181
2024-12-24 14:00:00,56.658156074147165
2024-12-24 15:00:00,53.54220083359766
2024-12-24 16:00:00,51.69361051627491
2024-12-24 17:00:00,52.85650693793931
2024-12-24 18:00:00,55.66725676321935
2024-12-24 19:00:00,57.19120994781389
2024-12-24 20:00:00,6.452130870333856
2024-12-24 21:00:00,6.1004127867479205
2024-12-24 22:00:00,6.2976507133403
2024-12-24 23:00:00,5.791052810678302
2024-12-25 00:00:00,6.149626085050872
2024-12-25 01:00:00,5.124435253047725
2024-12-25 02:00:00,5.010355102013915
2024-12-25 03:00:00,5.1320628114030455
2024-12-25 04:00:00,5.589890229379085
2024-12-25 05:00:00,6.088984211012018
2024-12-25 06:00:00,6.211078881542326
2024-12-25 07:00:00,6.161647941406795
2024-12-25 08:00:00,74.43560585450459
2024-12-25 09:00:00,71.95907904719287
2024-12-25 10:00:00,67.41836292079587
2024-12-25 11:00:00,62.19164303188214
2024-12-25 12:00:00,56.834476544869375
2024-12-25 13:00:00,51.967221142921815
2024-12-25 14:00:00,50.78127418346573
2024-12-25 15:00:00,47.77231651977679
2024-12-25 16:00:00,46.29577010941211
2024-12-25 17:00:00,47.82795095905024
2024-12-25 18:00:00,50.966882860610326
2024-12-25 19:00:00,54.51977430810298
2024-12-25 20:00:00,6.491150699687977
2024-12-25 21:00:00,6.723581615849991
2024-12-25 22:00:00,6.658030082792508
2024-12-25 23:00:00,6.24466526069349
2024-12-26 00:00:00,6.726754160391777
2024-12-26 01:00:00,6.895969958837773
2024-12-26 02:00:00,6.750180964007027
2024-12-26 03:00:00,6.204507013082969
2024-12-26 04:00:00,6.203419768154259
2024-12-26 05:00:00,6.160301968875905
2024-12-26 06:00:00,6.187661872633144
2024-12-26 07:00:00,6.566756549108495
2024-12-26 08:00:00,81.65253418379868
2024-12-26 09:00:00,80.78749758226874
2024-12-26 10:00:00,75.21470722154254
2024-12-26 11:00:00,68.9760933010481
2024-12-26 12:00:00,62.829642829615615
2024-12-26 13:00:00,57.488471246033924
2024-12-26 14:00:00,53.75128182747399
2024-12-26 15:00:00,50.7372822286032
2024-12-26 16:00:00,49.723475903181935
2024-12-26 17:00:00,50.84866226522064
2024-12-26 18:00:00,54.307195192004876
2024-12-26 19:00:00,57.36752118767069
2024-12-26 20:00:00,5.792994420297339
2024-12-26 21:00:00,5.911025876007457
2024-12-26 22:00:00,6.048871468797022
2024-12-26 23:00:00,6.20348680007243
2024-12-27 00:00:00,6.147430743036376
2024-12-27 01:00:00,5.452248472545344
2024-12-27 02:00:00,5.372518625631301
2024-12-27 03:00:00,5.551740558991708
2024-12-27 04:00:00,5.465169166565041
2024-12-27 05:00:00,5.4872742835095405
2024-12-27 06:00:00,5.925560967011541
2024-12-27 07:00:00,6.3001467916878795
2024-12-27 08:00:00,80.07820444410922
2024-12-27 09:00:00,78.19010074570359
2024-12-27 10:00:00,74.15293905908696
2024-12-27 11:00:00,69.24966024485406
2024-12-27 12:00:00,64.0932406289108
2024-12-27 13:00:00,62.02931616724205
2024-12-27 14:00:00,59.63067906791373
2024-12-27 15:00:00,57.48097940831221
2024-12-27 16:00:00,56.72388773867931
2024-12-27 17:00:00,57.19593855185424
2024-12-27 18:00:00,61.880597211912395
2024-12-27 19:00:00,64.76475485866298
2024-12-27 20:00:00,7.299481411691925
2024-12-27 21:00:00,6.935299691519258
2024-12-27 22:00:00,6.185865656024516
2024-12-27 23:00:00,6.289632992042511
2024-12-28 00:00:00,5.588273919914251
2024-12-28 01:00:00,5.644825816612159
2024-12-28 02:00:00,5.33793478072665
2024-12-28 03:00:00,5.011126269075897
2024-12-28 04:00:00,5.054523672551794
2024-12-28 05:00:00,5.565919367750996
2024-12-28 06:00:00,5.546499232390915
2024-12-28 07:00:00,6.042537953778403
2024-12-28 08:00:00,6.042287049707842
2024-12-28 09:00:00,6.108210415082489
2024-12-28 10:00:00,6.737968421156281
2024-12-28 11:00:00,6.309023336837184
2024-12-28 12:00:00,6.107364363810342
2024-12-28 13:00:00,5.783148737951697
2024-12-28 14:00:00,5.820093091650017
2024-12-28 15:00:00,6.08107778305974
2024-12-28 16:00:00,5.82381686705768
2024-12-28 17:00:00,6.054930948233448
2024-12-28 18:00:00,5.976606615161207
2024-12-28 19:00:00,5.668288429993847
2024-12-28 20:00:00,5.453491438508334
2024-12-28 21:00:00,5.3581451445449915
2024-12-28 22:00:00,5.067171296944433
2024-12-28 23:00:00,4.831449718781064
2024-12-29 00:00:00,5.2402919327114805
2024-12-29 01:00:00,5.179570505456575
2024-12-29 02:00:00,5.003837061523153
2024-12-29 03:00:00,5.753556032648571
2024-12-29 04:00:00,5.218674072615728
2024-12-29 05:00:00,5.987616466001598
2024-12-29 06:00:00,6.379951634724437
2024-12-29 07:00:00,6.302719271655433
2024-12-29 08:00:00,5.624012420027519
2024-12-29 09:00:00,6.592200371377345
2024-12-29 10:00:00,6.645227517260507
2024-12-29 11:00:00,6.665073117793397
2024-12-29 12:00:00,6.757292242791794
2024-12-29 13:00:00,7.1786791097510525
2024-12-29 14:00:00,7.476465419728395
2024-12-29 15:00:00,7.2221329277512565
2024-12-29 16:00:00,6.952934763982723
2024-12-29 17:00:00,6.414927658540334
2024-12-29 18:00:00,6.671234651641384
2024-12-29 19:00:00,6.727836619210213
2024-12-29 20:00:00,6.395468826625937
2024-12-29 21:00:00,6.264283857206205
2024-12-29 22:00:00,5.961984499067969
2024-12-29 23:00:00,5.592079677492579
2024-12-30 00:00:00,6.3953374117143635
2024-12-30 01:00:00,6.58885122776262
2024-12-30 02:00:00,6.453379763043048
2024-12-30 03:00:00,6.5817070180009845
2024-12-30 04:00:00,6.656519458454674
2024-12-30 05:00:00,6.698581922958608
2024-12-30 06:00:00,6.138371910517367
2024-12-30 07:00:00,5.893659134117561
2024-12-30 08:00:00,90.11702974319326
2024-12-30 09:00:00,88.05645035210567
2024-12-30 10:00:00,85.94373421097738
2024-12-30 11:00:00,80.41201229252627
2024-12-30 12:00:00,73.81772977447348
2024-12-30 13:00:00,68.17119629452475
2024-12-30 14:00:00,65.11449075134044
2024-12-30 15:00:00,62.51349601720982
2024-12-30 16:00:00,61.99826668926624
2024-12-30 17:00:00,63.31979677686808
2024-12-30 18:00:00,67.089546390798
2024-12-30 19:00:00,69.64863894421347
2024-12-30 20:00:00,5.95380916935671
2024-12-30 21:00:00,6.227515170148301
2024-12-30 22:00:00,6.165044137620264
2024-12-30 23:00:00,5.648480051323392
2024-12-31 00:00:00,6.517300570640614
2024-12-31 01:00:00,6.1291545969101096
2024-12-31 02:00:00,6.531566688107132
2024-12-31 03:00:00,6.0918623329690655
2024-12-31 04:00:00,6.640120887561616
2024-12-31 05:00:00,6.650918516260329
2024-12-31 06:00:00,6.904090976666504
2024-12-31 07:00:00,6.817595417967657
2024-12-31 08:00:00,90.34660424153508
2024-12-31 09:00:00,89.03651711985597
2024-12-31 10:00:00,85.44549452894523
2024-12-31 11:00:00,79.91987576187407
2024-12-31 12:00:00,73.71872892317037
2024-12-31 13:00:00,68.0971291342041
2024-12-31 14:00:00,63.48861012628036
2024-12-31 15:00:00,59.95453878636736
2024-12-31 16:00:00,59.66962151236668
2024-12-31 17:00:00,60.39877876258921
2024-12-31 18:00:00,63.006324376058
2024-12-31 19:00:00,65.80954708330303
2024-12-31 20:00:00,6.042708960000837
2024-12-31 21:00:00,5.947759434738442
2024-12-31 22:00:00,6.2314994805330635
2024-12-31 23:00:00,5.301192375040466
